ISO-10303-21;
HEADER;

/* File generated by Shapr3D Version 5.1012.0.10042 */

FILE_DESCRIPTION(('HOOPS Exchange Step'),'2;1');

FILE_NAME('/Users/sulf/Library/Containers/com.shapr3d.shapr/Data/tmp/export/temp_export',
'2026-08-09T09:09:28+02:00',
('sulf'),
('Shapr3D Limited'),
'HOOPS Exchange 2025.7',
'Shapr3D',
'Authorized');

FILE_SCHEMA( ('AP242_MANAGED_MODEL_BASED_3D_ENGINEERING_MIM_LF {1 0 10303 442 1 1 4}') );

ENDSEC;

DATA;
#3=(NAMED_UNIT(*)PLANE_ANGLE_UNIT()SI_UNIT($,.RADIAN.));
#4=PLANE_ANGLE_MEASURE_WITH_UNIT(PLANE_ANGLE_MEASURE(0.0174532925),#3);
#5=(CONVERSION_BASED_UNIT('DEGREE',#4)NAMED_UNIT(#6)PLANE_ANGLE_UNIT());
#6=DIMENSIONAL_EXPONENTS(0.,0.,0.,0.,0.,0.,0.);
#7=(NAMED_UNIT(*)SI_UNIT($,.STERADIAN.)SOLID_ANGLE_UNIT());
#8=(LENGTH_UNIT()NAMED_UNIT(*)SI_UNIT(.MILLI.,.METRE.));
#9=UNCERTAINTY_MEASURE_WITH_UNIT(LENGTH_MEASURE(1.000000E-03),#8,'DISTANCE_ACCURACY_VALUE','Maximum Tolerance applied to model');
#10=(GEOMETRIC_REPRESENTATION_CONTEXT(3)GLOBAL_UNCERTAINTY_ASSIGNED_CONTEXT((#9))GLOBAL_UNIT_ASSIGNED_CONTEXT((#8,#5,#7))REPRESENTATION_CONTEXT('','root'));
#12=CARTESIAN_POINT('',(0.,0.,0.));
#13=DIRECTION('',(0.,0.,1.));
#14=DIRECTION('',(1.,0.,0.));
#15=AXIS2_PLACEMENT_3D('TS3D_PRODUCT_CSYS',#12,#13,#14);
#26=(NAMED_UNIT(*)PLANE_ANGLE_UNIT()SI_UNIT($,.RADIAN.));
#27=PLANE_ANGLE_MEASURE_WITH_UNIT(PLANE_ANGLE_MEASURE(0.0174532925),#26);
#28=(CONVERSION_BASED_UNIT('DEGREE',#27)NAMED_UNIT(#29)PLANE_ANGLE_UNIT());
#29=DIMENSIONAL_EXPONENTS(0.,0.,0.,0.,0.,0.,0.);
#30=(NAMED_UNIT(*)SI_UNIT($,.STERADIAN.)SOLID_ANGLE_UNIT());
#31=(LENGTH_UNIT()NAMED_UNIT(*)SI_UNIT(.MILLI.,.METRE.));
#32=UNCERTAINTY_MEASURE_WITH_UNIT(LENGTH_MEASURE(1.000000E-05),#31,'DISTANCE_ACCURACY_VALUE','Maximum Tolerance applied to model');
#33=(GEOMETRIC_REPRESENTATION_CONTEXT(3)GLOBAL_UNCERTAINTY_ASSIGNED_CONTEXT((#32))GLOBAL_UNIT_ASSIGNED_CONTEXT((#31,#28,#30))REPRESENTATION_CONTEXT('','A1 Plotter Adapter S.step'));
#45=CARTESIAN_POINT('',(0.,0.,0.));
#46=DIRECTION('',(0.,0.,1.));
#47=DIRECTION('',(1.,0.,-0.));
#48=AXIS2_PLACEMENT_3D('',#45,#46,#47);
#49=ITEM_DEFINED_TRANSFORMATION('','',#48,#15);
#50=(REPRESENTATION_RELATIONSHIP('','',#35,#16)REPRESENTATION_RELATIONSHIP_WITH_TRANSFORMATION(#49)SHAPE_REPRESENTATION_RELATIONSHIP());
#51=NEXT_ASSEMBLY_USAGE_OCCURRENCE('A1 Plotter Adapter S.step_1','A1 Plotter Adapter S.step','A1 Plotter Adapter S.step',#25,#44,$);
#52=PRODUCT_DEFINITION_SHAPE('','',#51);
#53=CONTEXT_DEPENDENT_SHAPE_REPRESENTATION(#50,#52);
#55=CARTESIAN_POINT('',(2.5,-0.,3.));
#56=DIRECTION('',(0.,0.,-1.));
#57=DIRECTION('',(-1.,0.,0.));
#58=AXIS2_PLACEMENT_3D('',#55,#56,#57);
#59=CONICAL_SURFACE('',#58,5.5,45.);
#60=CARTESIAN_POINT('',(-6.,-0.,0.));
#61=VERTEX_POINT('',#60);
#62=CARTESIAN_POINT('',(-3.,-0.,3.));
#63=VERTEX_POINT('',#62);
#64=CARTESIAN_POINT('',(-6.,-0.,0.));
#65=DIRECTION('',(0.707106781,-0.,0.707106781));
#66=VECTOR('',#65,4.242640687);
#67=LINE('',#64,#66);
#68=EDGE_CURVE('',#61,#63,#67,.T.);
#69=ORIENTED_EDGE('',*,*,#68,.F.);
#70=CARTESIAN_POINT('',(2.5,-0.,0.));
#71=DIRECTION('',(-0.,-0.,1.));
#72=DIRECTION('',(-1.,0.,0.));
#73=AXIS2_PLACEMENT_3D('',#70,#71,#72);
#74=CIRCLE('',#73,8.5);
#75=EDGE_CURVE('',#61,#61,#74,.T.);
#76=ORIENTED_EDGE('',*,*,#75,.F.);
#77=ORIENTED_EDGE('',*,*,#68,.T.);
#78=CARTESIAN_POINT('',(8.,0.,3.));
#79=VERTEX_POINT('',#78);
#80=CARTESIAN_POINT('',(2.5,-0.,3.));
#81=DIRECTION('',(0.,0.,-1.));
#82=DIRECTION('',(-1.,0.,0.));
#83=AXIS2_PLACEMENT_3D('',#80,#81,#82);
#84=CIRCLE('',#83,5.5);
#85=EDGE_CURVE('',#79,#63,#84,.T.);
#86=ORIENTED_EDGE('',*,*,#85,.F.);
#87=CARTESIAN_POINT('',(2.5,-0.,3.));
#88=DIRECTION('',(0.,0.,-1.));
#89=DIRECTION('',(-1.,0.,0.));
#90=AXIS2_PLACEMENT_3D('',#87,#88,#89);
#91=CIRCLE('',#90,5.5);
#92=EDGE_CURVE('',#63,#79,#91,.T.);
#93=ORIENTED_EDGE('',*,*,#92,.F.);
#94=EDGE_LOOP('',(#69,#76,#77,#86,#93));
#95=FACE_BOUND('',#94,.T.);
#96=ADVANCED_FACE('',(#95),#59,.F.);
#97=CARTESIAN_POINT('',(11.668193349,-9.759384182,0.276750103));
#98=DIRECTION('',(0.161230013,-0.691346217,-0.704304828));
#99=DIRECTION('',(-0.,-0.713641502,0.700511104));
#100=AXIS2_PLACEMENT_3D('',#97,#98,#99);
#101=PLANE('',#100);
#102=CARTESIAN_POINT('',(11.639811718,-9.818929882,0.328703068));
#103=VERTEX_POINT('',#102);
#104=CARTESIAN_POINT('',(11.582984924,-9.497318268,0.));
#105=VERTEX_POINT('',#104);
#106=CARTESIAN_POINT('',(11.639811718,-9.818929882,0.328703068));
#107=DIRECTION('',(-0.122638832,0.694075281,-0.709379462));
#108=VECTOR('',#107,0.463367049);
#109=LINE('',#106,#108);
#110=EDGE_CURVE('',#103,#105,#109,.T.);
#111=ORIENTED_EDGE('',*,*,#110,.F.);
#112=CARTESIAN_POINT('',(11.662144615,-9.654497909,0.172408967));
#113=VERTEX_POINT('',#112);
#114=CARTESIAN_POINT('',(11.662144615,-9.654497909,0.172408967));
#115=DIRECTION('',(-0.0979697,-0.721328322,0.685629192));
#116=VECTOR('',#115,0.227957185);
#117=LINE('',#114,#116);
#118=EDGE_CURVE('',#113,#103,#117,.T.);
#119=ORIENTED_EDGE('',*,*,#118,.F.);
#120=CARTESIAN_POINT('',(11.81401825,-9.956058502,0.503188133));
#121=VERTEX_POINT('',#120);
#122=CARTESIAN_POINT('',(11.662144615,-9.654497909,0.172408967));
#123=DIRECTION('',(0.321308409,-0.637990623,0.69980631));
#124=VECTOR('',#123,0.472672454);
#125=LINE('',#122,#124);
#126=EDGE_CURVE('',#113,#121,#125,.T.);
#127=ORIENTED_EDGE('',*,*,#126,.T.);
#128=CARTESIAN_POINT('',(11.661430359,-9.992687225,0.504212379));
#129=VERTEX_POINT('',#128);
#130=CARTESIAN_POINT('',(11.81401825,-9.956058502,0.503188133));
#131=DIRECTION('',(-0.972355556,-0.233413951,0.006526937));
#132=VECTOR('',#131,0.156926023);
#133=LINE('',#130,#132);
#134=EDGE_CURVE('',#121,#129,#133,.T.);
#135=ORIENTED_EDGE('',*,*,#134,.T.);
#136=CARTESIAN_POINT('',(11.661430359,-9.992687225,0.504212379));
#137=DIRECTION('',(-0.11030351,0.696547032,-0.708981924));
#138=VECTOR('',#137,0.711178047);
#139=LINE('',#136,#138);
#140=EDGE_CURVE('',#129,#105,#139,.T.);
#141=ORIENTED_EDGE('',*,*,#140,.T.);
#142=EDGE_LOOP('',(#111,#119,#127,#135,#141));
#143=FACE_BOUND('',#142,.T.);
#144=ADVANCED_FACE('',(#143),#101,.T.);
#145=CARTESIAN_POINT('',(11.640280772,9.727343571,0.239041012));
#146=DIRECTION('',(0.165754489,0.690447448,-0.704136188));
#147=DIRECTION('',(0.,-0.714013096,-0.700132344));
#148=AXIS2_PLACEMENT_3D('',#145,#146,#147);
#149=PLANE('',#148);
#150=CARTESIAN_POINT('',(11.661430359,9.992694855,0.504212379));
#151=VERTEX_POINT('',#150);
#152=CARTESIAN_POINT('',(11.639626271,9.819188503,0.328946365));
#153=VERTEX_POINT('',#152);
#154=CARTESIAN_POINT('',(11.661430359,9.992694855,0.504212379));
#155=DIRECTION('',(-0.088067285,-0.700796712,-0.707904035));
#156=VECTOR('',#155,0.247584427);
#157=LINE('',#154,#156);
#158=EDGE_CURVE('',#151,#153,#157,.T.);
#159=ORIENTED_EDGE('',*,*,#158,.F.);
#160=CARTESIAN_POINT('',(11.659881221,9.660552725,0.17816258));
#161=VERTEX_POINT('',#160);
#162=CARTESIAN_POINT('',(11.659881221,9.660552725,0.17816258));
#163=DIRECTION('',(0.00332837,0.713617354,0.700527797));
#164=VECTOR('',#163,0.465434492);
#165=LINE('',#162,#164);
#166=EDGE_CURVE('',#161,#151,#165,.T.);
#167=ORIENTED_EDGE('',*,*,#166,.F.);
#168=CARTESIAN_POINT('',(11.639626271,9.819188503,0.328946365));
#169=DIRECTION('',(0.092152413,-0.721733192,-0.686009571));
#170=VECTOR('',#169,0.219798369);
#171=LINE('',#168,#170);
#172=EDGE_CURVE('',#153,#161,#171,.T.);
#173=ORIENTED_EDGE('',*,*,#172,.F.);
#174=EDGE_LOOP('',(#159,#167,#173));
#175=FACE_BOUND('',#174,.T.);
#176=ADVANCED_FACE('',(#175),#149,.T.);
#177=CARTESIAN_POINT('',(11.70204602,9.751259633,0.276753169));
#178=DIRECTION('',(0.161176553,0.690989708,-0.70466683));
#179=DIRECTION('',(-0.,-0.714001986,-0.700143674));
#180=AXIS2_PLACEMENT_3D('',#177,#178,#179);
#181=PLANE('',#180);
#182=CARTESIAN_POINT('',(11.676631101,9.533218003,0.057130498));
#183=VERTEX_POINT('',#182);
#184=CARTESIAN_POINT('',(11.659881221,9.660552725,0.17816258));
#185=DIRECTION('',(0.094913572,-0.721545045,-0.685831001));
#186=VECTOR('',#185,0.176475083);
#187=LINE('',#184,#186);
#188=EDGE_CURVE('',#161,#183,#187,.T.);
#189=ORIENTED_EDGE('',*,*,#188,.F.);
#190=ORIENTED_EDGE('',*,*,#166,.T.);
#191=CARTESIAN_POINT('',(11.81401825,9.956058502,0.503188133));
#192=VERTEX_POINT('',#191);
#193=CARTESIAN_POINT('',(11.661430359,9.992694855,0.504212379));
#194=DIRECTION('',(0.97234452,-0.233459919,-0.006526863));
#195=VECTOR('',#194,0.156927804);
#196=LINE('',#193,#195);
#197=EDGE_CURVE('',#151,#192,#196,.T.);
#198=ORIENTED_EDGE('',*,*,#197,.T.);
#199=CARTESIAN_POINT('',(11.81401825,9.956058502,0.503188133));
#200=DIRECTION('',(-0.218147201,-0.671398107,-0.708262932));
#201=VECTOR('',#200,0.629791021);
#202=LINE('',#199,#201);
#203=EDGE_CURVE('',#192,#183,#202,.T.);
#204=ORIENTED_EDGE('',*,*,#203,.T.);
#205=EDGE_LOOP('',(#189,#190,#198,#204));
#206=FACE_BOUND('',#205,.T.);
#207=ADVANCED_FACE('',(#206),#181,.T.);
#208=CARTESIAN_POINT('',(11.751609351,9.697275614,0.238543868));
#209=DIRECTION('',(0.271481114,0.655346966,-0.70485343));
#210=DIRECTION('',(-0.,-0.732358039,-0.680919747));
#211=AXIS2_PLACEMENT_3D('',#208,#209,#210);
#212=PLANE('',#211);
#213=CARTESIAN_POINT('',(11.673718051,9.479073883,0.005667283));
#214=VERTEX_POINT('',#213);
#215=CARTESIAN_POINT('',(11.676631101,9.533218003,0.057130498));
#216=DIRECTION('',(-0.038967188,-0.724273092,-0.688411248));
#217=VECTOR('',#216,0.074756498);
#218=LINE('',#215,#217);
#219=EDGE_CURVE('',#183,#214,#218,.T.);
#220=ORIENTED_EDGE('',*,*,#219,.F.);
#221=ORIENTED_EDGE('',*,*,#203,.F.);
#222=CARTESIAN_POINT('',(11.731285095,9.449131012,0.));
#223=VERTEX_POINT('',#222);
#224=CARTESIAN_POINT('',(11.731285095,9.449131012,-0.));
#225=DIRECTION('',(0.115060569,0.705005945,0.69980546));
#226=VECTOR('',#225,0.719040022);
#227=LINE('',#224,#226);
#228=EDGE_CURVE('',#223,#192,#227,.T.);
#229=ORIENTED_EDGE('',*,*,#228,.F.);
#230=CARTESIAN_POINT('',(11.673379446,9.473118748,-0.));
#231=VERTEX_POINT('',#230);
#232=CARTESIAN_POINT('',(11.731285095,9.449131012,0.));
#233=DIRECTION('',(-0.923865819,0.382716537,0.));
#234=VECTOR('',#233,0.062677553);
#235=LINE('',#232,#234);
#236=EDGE_CURVE('',#223,#231,#235,.T.);
#237=ORIENTED_EDGE('',*,*,#236,.T.);
#238=CARTESIAN_POINT('',(11.673718051,9.479073883,0.005667283));
#239=DIRECTION('',(-0.041153826,-0.723783787,-0.688798514));
#240=VECTOR('',#239,0.008227781);
#241=LINE('',#238,#240);
#242=EDGE_CURVE('',#214,#231,#241,.T.);
#243=ORIENTED_EDGE('',*,*,#242,.F.);
#244=EDGE_LOOP('',(#220,#221,#229,#237,#243));
#245=FACE_BOUND('',#244,.T.);
#246=ADVANCED_FACE('',(#245),#212,.T.);
#247=CARTESIAN_POINT('',(11.712399718,-9.710014981,0.238542881));
#248=DIRECTION('',(0.165588064,-0.68975421,-0.704854398));
#249=DIRECTION('',(0.,-0.714721118,0.699409553));
#250=AXIS2_PLACEMENT_3D('',#247,#248,#249);
#251=PLANE('',#250);
#252=CARTESIAN_POINT('',(11.676633996,-9.533226914,0.057139898));
#253=VERTEX_POINT('',#252);
#254=CARTESIAN_POINT('',(11.676633996,-9.533226914,0.057139898));
#255=DIRECTION('',(-0.086277572,-0.722112754,0.686374061));
#256=VECTOR('',#255,0.167939141);
#257=LINE('',#254,#256);
#258=EDGE_CURVE('',#253,#113,#257,.T.);
#259=ORIENTED_EDGE('',*,*,#258,.F.);
#260=CARTESIAN_POINT('',(11.81401825,-9.956058502,0.503188133));
#261=DIRECTION('',(-0.218147201,0.671398107,-0.708262932));
#262=VECTOR('',#261,0.62977775);
#263=LINE('',#260,#262);
#264=EDGE_CURVE('',#121,#253,#263,.T.);
#265=ORIENTED_EDGE('',*,*,#264,.F.);
#266=ORIENTED_EDGE('',*,*,#126,.F.);
#267=EDGE_LOOP('',(#259,#265,#266));
#268=FACE_BOUND('',#267,.T.);
#269=ADVANCED_FACE('',(#268),#251,.T.);
#270=CARTESIAN_POINT('',(11.784207945,-9.724582936,0.276277609));
#271=DIRECTION('',(0.268250912,-0.656534922,-0.704984641));
#272=DIRECTION('',(-0.,-0.731806005,0.681513001));
#273=AXIS2_PLACEMENT_3D('',#270,#271,#272);
#274=PLANE('',#273);
#275=CARTESIAN_POINT('',(11.675020178,-9.501280804,0.026775201));
#276=VERTEX_POINT('',#275);
#277=CARTESIAN_POINT('',(11.675020178,-9.501280804,0.026775201));
#278=DIRECTION('',(0.036591094,-0.72433396,0.688477601));
#279=VECTOR('',#278,0.044104117);
#280=LINE('',#277,#279);
#281=EDGE_CURVE('',#276,#253,#280,.T.);
#282=ORIENTED_EDGE('',*,*,#281,.F.);
#283=CARTESIAN_POINT('',(11.958992004,-9.895999908,0.502420425));
#284=VERTEX_POINT('',#283);
#285=CARTESIAN_POINT('',(11.675020178,-9.501280804,0.026775201));
#286=DIRECTION('',(0.417478547,-0.580292632,0.699265417));
#287=VECTOR('',#286,0.68020699);
#288=LINE('',#285,#287);
#289=EDGE_CURVE('',#276,#284,#288,.T.);
#290=ORIENTED_EDGE('',*,*,#289,.T.);
#291=CARTESIAN_POINT('',(11.958992004,-9.895999908,0.502420425));
#292=DIRECTION('',(-0.923849328,-0.382725077,0.00489224));
#293=VECTOR('',#292,0.156923592);
#294=LINE('',#291,#293);
#295=EDGE_CURVE('',#284,#121,#294,.T.);
#296=ORIENTED_EDGE('',*,*,#295,.T.);
#297=ORIENTED_EDGE('',*,*,#264,.T.);
#298=EDGE_LOOP('',(#282,#290,#296,#297));
#299=FACE_BOUND('',#298,.T.);
#300=ADVANCED_FACE('',(#299),#274,.T.);
#301=CARTESIAN_POINT('',(11.820125372,-9.668878736,0.238170086));
#302=DIRECTION('',(0.271331857,-0.654819746,-0.705400683));
#303=DIRECTION('',(-0.,-0.732894597,0.680342201));
#304=AXIS2_PLACEMENT_3D('',#301,#302,#303);
#305=PLANE('',#304);
#306=CARTESIAN_POINT('',(11.6733942,-9.47311112,0.));
#307=VERTEX_POINT('',#306);
#308=CARTESIAN_POINT('',(11.6733942,-9.47311112,0.));
#309=DIRECTION('',(0.04180063,-0.724186006,0.688336644));
#310=VECTOR('',#309,0.03889841);
#311=LINE('',#308,#310);
#312=EDGE_CURVE('',#307,#276,#311,.T.);
#313=ORIENTED_EDGE('',*,*,#312,.F.);
#314=CARTESIAN_POINT('',(11.673408619,-9.473111121,0.));
#315=VERTEX_POINT('',#314);
#316=CARTESIAN_POINT('',(11.6733942,-9.47311112,0.));
#317=DIRECTION('',(0.999999998,-0.000066085,0.));
#318=VECTOR('',#317,0.000014419);
#319=LINE('',#316,#318);
#320=EDGE_CURVE('',#307,#315,#319,.T.);
#321=ORIENTED_EDGE('',*,*,#320,.T.);
#322=CARTESIAN_POINT('',(11.731285095,-9.449123383,0.));
#323=VERTEX_POINT('',#322);
#324=CARTESIAN_POINT('',(11.673406506,-9.473106021,0.));
#325=DIRECTION('',(0.923831323,0.3827998,-0.));
#326=VECTOR('',#325,0.062650603);
#327=LINE('',#324,#326);
#328=EDGE_CURVE('',#315,#323,#327,.T.);
#329=ORIENTED_EDGE('',*,*,#328,.T.);
#330=CARTESIAN_POINT('',(11.958992004,-9.895999908,0.502420425));
#331=DIRECTION('',(-0.320753616,0.629481389,-0.707721908));
#332=VECTOR('',#331,0.709912213);
#333=LINE('',#330,#332);
#334=EDGE_CURVE('',#284,#323,#333,.T.);
#335=ORIENTED_EDGE('',*,*,#334,.F.);
#336=ORIENTED_EDGE('',*,*,#289,.F.);
#337=EDGE_LOOP('',(#313,#321,#329,#335,#336));
#338=FACE_BOUND('',#337,.T.);
#339=ADVANCED_FACE('',(#338),#305,.T.);
#340=CARTESIAN_POINT('',(-8.202204219,9.407649912,0.));
#341=DIRECTION('',(0.,0.,-1.));
#342=DIRECTION('',(-1.,0.,0.));
#343=AXIS2_PLACEMENT_3D('',#340,#341,#342);
#344=PLANE('',#343);
#345=ORIENTED_EDGE('',*,*,#75,.T.);
#346=EDGE_LOOP('',(#345));
#347=FACE_BOUND('',#346,.T.);
#348=CARTESIAN_POINT('',(-7.504997253,9.471851349,-0.));
#349=VERTEX_POINT('',#348);
#350=CARTESIAN_POINT('',(11.673379446,9.473118748,-0.));
#351=DIRECTION('',(-0.999999998,-0.000066085,0.));
#352=VECTOR('',#351,19.178376741);
#353=LINE('',#350,#352);
#354=EDGE_CURVE('',#231,#349,#353,.T.);
#355=ORIENTED_EDGE('',*,*,#354,.F.);
#356=ORIENTED_EDGE('',*,*,#236,.F.);
#357=CARTESIAN_POINT('',(11.797981262,9.408260345,0.));
#358=VERTEX_POINT('',#357);
#359=CARTESIAN_POINT('',(11.797981262,9.408260345,0.));
#360=DIRECTION('',(-0.852644705,0.522491156,0.));
#361=VECTOR('',#360,0.078222695);
#362=LINE('',#359,#361);
#363=EDGE_CURVE('',#358,#223,#362,.T.);
#364=ORIENTED_EDGE('',*,*,#363,.F.);
#365=CARTESIAN_POINT('',(11.857460022,9.357463837,-0.));
#366=VERTEX_POINT('',#365);
#367=CARTESIAN_POINT('',(11.857460022,9.357463837,0.));
#368=DIRECTION('',(-0.760425861,0.649424754,0.));
#369=VECTOR('',#368,0.078217697);
#370=LINE('',#367,#369);
#371=EDGE_CURVE('',#366,#358,#370,.T.);
#372=ORIENTED_EDGE('',*,*,#371,.F.);
#373=CARTESIAN_POINT('',(11.908256531,9.297992706,0.));
#374=VERTEX_POINT('',#373);
#375=CARTESIAN_POINT('',(11.908256531,9.297992706,0.));
#376=DIRECTION('',(-0.649472925,0.760384718,-0.));
#377=VECTOR('',#376,0.078211896);
#378=LINE('',#375,#377);
#379=EDGE_CURVE('',#374,#366,#378,.T.);
#380=ORIENTED_EDGE('',*,*,#379,.F.);
#381=CARTESIAN_POINT('',(11.949134827,9.231296539,-0.));
#382=VERTEX_POINT('',#381);
#383=CARTESIAN_POINT('',(11.949134827,9.231296539,0.));
#384=DIRECTION('',(-0.522562058,0.852601252,0.));
#385=VECTOR('',#384,0.078226682);
#386=LINE('',#383,#385);
#387=EDGE_CURVE('',#382,#374,#386,.T.);
#388=ORIENTED_EDGE('',*,*,#387,.F.);
#389=CARTESIAN_POINT('',(11.979057312,9.159038544,0.));
#390=VERTEX_POINT('',#389);
#391=CARTESIAN_POINT('',(11.979057312,9.159038544,-0.));
#392=DIRECTION('',(-0.382598779,0.923914593,-0.));
#393=VECTOR('',#392,0.078208523);
#394=LINE('',#391,#393);
#395=EDGE_CURVE('',#390,#382,#394,.T.);
#396=ORIENTED_EDGE('',*,*,#395,.F.);
#397=CARTESIAN_POINT('',(11.997322083,9.08298111,0.));
#398=VERTEX_POINT('',#397);
#399=CARTESIAN_POINT('',(11.997322083,9.08298111,0.));
#400=DIRECTION('',(-0.233505755,0.97235542,-0.));
#401=VECTOR('',#400,0.078219787);
#402=LINE('',#399,#401);
#403=EDGE_CURVE('',#398,#390,#402,.T.);
#404=ORIENTED_EDGE('',*,*,#403,.F.);
#405=CARTESIAN_POINT('',(12.004997253,8.985355377,0.));
#406=VERTEX_POINT('',#405);
#407=CARTESIAN_POINT('',(12.004997253,8.985355377,-0.));
#408=DIRECTION('',(-0.078376475,0.996923833,0.));
#409=VECTOR('',#408,0.097926972);
#410=LINE('',#407,#409);
#411=EDGE_CURVE('',#406,#398,#410,.T.);
#412=ORIENTED_EDGE('',*,*,#411,.F.);
#413=CARTESIAN_POINT('',(12.004997253,-8.985355377,0.));
#414=VERTEX_POINT('',#413);
#415=CARTESIAN_POINT('',(12.004997253,-8.985355377,0.));
#416=DIRECTION('',(-0.,1.,-0.));
#417=VECTOR('',#416,17.970710754);
#418=LINE('',#415,#417);
#419=EDGE_CURVE('',#414,#406,#418,.T.);
#420=ORIENTED_EDGE('',*,*,#419,.F.);
#421=CARTESIAN_POINT('',(11.997322083,-9.08297348,0.));
#422=VERTEX_POINT('',#421);
#423=CARTESIAN_POINT('',(11.997322083,-9.08297348,0.));
#424=DIRECTION('',(0.078382563,0.996923354,-0.));
#425=VECTOR('',#424,0.097919366);
#426=LINE('',#423,#425);
#427=EDGE_CURVE('',#422,#414,#426,.T.);
#428=ORIENTED_EDGE('',*,*,#427,.F.);
#429=CARTESIAN_POINT('',(11.979057312,-9.159030914,0.));
#430=VERTEX_POINT('',#429);
#431=CARTESIAN_POINT('',(11.979057312,-9.159030914,0.));
#432=DIRECTION('',(0.233505755,0.97235542,0.));
#433=VECTOR('',#432,0.078219787);
#434=LINE('',#431,#433);
#435=EDGE_CURVE('',#430,#422,#434,.T.);
#436=ORIENTED_EDGE('',*,*,#435,.F.);
#437=CARTESIAN_POINT('',(11.949134827,-9.23128891,-0.));
#438=VERTEX_POINT('',#437);
#439=CARTESIAN_POINT('',(11.949134827,-9.23128891,-0.));
#440=DIRECTION('',(0.382598779,0.923914593,0.));
#441=VECTOR('',#440,0.078208523);
#442=LINE('',#439,#441);
#443=EDGE_CURVE('',#438,#430,#442,.T.);
#444=ORIENTED_EDGE('',*,*,#443,.F.);
#445=CARTESIAN_POINT('',(11.908256531,-9.297985077,-0.));
#446=VERTEX_POINT('',#445);
#447=CARTESIAN_POINT('',(11.908256531,-9.297985077,0.));
#448=DIRECTION('',(0.522562058,0.852601252,-0.));
#449=VECTOR('',#448,0.078226682);
#450=LINE('',#447,#449);
#451=EDGE_CURVE('',#446,#438,#450,.T.);
#452=ORIENTED_EDGE('',*,*,#451,.F.);
#453=CARTESIAN_POINT('',(11.857460022,-9.357456207,-0.));
#454=VERTEX_POINT('',#453);
#455=CARTESIAN_POINT('',(11.857460022,-9.357456207,0.));
#456=DIRECTION('',(0.649472925,0.760384718,0.));
#457=VECTOR('',#456,0.078211896);
#458=LINE('',#455,#457);
#459=EDGE_CURVE('',#454,#446,#458,.T.);
#460=ORIENTED_EDGE('',*,*,#459,.F.);
#461=CARTESIAN_POINT('',(11.797981262,-9.408252716,0.));
#462=VERTEX_POINT('',#461);
#463=CARTESIAN_POINT('',(11.797981262,-9.408252716,0.));
#464=DIRECTION('',(0.760425861,0.649424754,0.));
#465=VECTOR('',#464,0.078217697);
#466=LINE('',#463,#465);
#467=EDGE_CURVE('',#462,#454,#466,.T.);
#468=ORIENTED_EDGE('',*,*,#467,.F.);
#469=CARTESIAN_POINT('',(11.731285095,-9.449123383,0.));
#470=DIRECTION('',(0.852644705,0.522491156,0.));
#471=VECTOR('',#470,0.078222695);
#472=LINE('',#469,#471);
#473=EDGE_CURVE('',#323,#462,#472,.T.);
#474=ORIENTED_EDGE('',*,*,#473,.F.);
#475=ORIENTED_EDGE('',*,*,#328,.F.);
#476=ORIENTED_EDGE('',*,*,#320,.F.);
#477=CARTESIAN_POINT('',(-7.504997253,-9.471843719,-0.));
#478=VERTEX_POINT('',#477);
#479=CARTESIAN_POINT('',(-7.504997253,-9.471843719,-0.));
#480=DIRECTION('',(0.999999998,-0.000066085,0.));
#481=VECTOR('',#480,19.178391496);
#482=LINE('',#479,#481);
#483=EDGE_CURVE('',#478,#307,#482,.T.);
#484=ORIENTED_EDGE('',*,*,#483,.F.);
#485=CARTESIAN_POINT('',(-7.504997253,-9.504993439,-0.));
#486=VERTEX_POINT('',#485);
#487=CARTESIAN_POINT('',(-7.504997253,-9.504993439,0.));
#488=DIRECTION('',(-0.,1.,-0.));
#489=VECTOR('',#488,0.033149719);
#490=LINE('',#487,#489);
#491=EDGE_CURVE('',#486,#478,#490,.T.);
#492=ORIENTED_EDGE('',*,*,#491,.F.);
#493=CARTESIAN_POINT('',(-8.208717346,-9.448070526,-0.));
#494=VERTEX_POINT('',#493);
#495=CARTESIAN_POINT('',(-8.208717346,-9.448070526,-0.));
#496=DIRECTION('',(0.996744486,-0.080625237,0.));
#497=VECTOR('',#496,0.706018546);
#498=LINE('',#495,#497);
#499=EDGE_CURVE('',#494,#486,#498,.T.);
#500=ORIENTED_EDGE('',*,*,#499,.F.);
#501=CARTESIAN_POINT('',(-8.895103455,-9.283283234,0.));
#502=VERTEX_POINT('',#501);
#503=CARTESIAN_POINT('',(-8.895103455,-9.283283234,0.));
#504=DIRECTION('',(0.972369738,-0.233446124,-0.));
#505=VECTOR('',#504,0.705890035);
#506=LINE('',#503,#505);
#507=EDGE_CURVE('',#502,#494,#506,.T.);
#508=ORIENTED_EDGE('',*,*,#507,.F.);
#509=CARTESIAN_POINT('',(-9.54724884,-9.013149261,0.));
#510=VERTEX_POINT('',#509);
#511=CARTESIAN_POINT('',(-9.54724884,-9.013149261,0.));
#512=DIRECTION('',(0.923876272,-0.382691303,-0.));
#513=VECTOR('',#512,0.70587957);
#514=LINE('',#511,#513);
#515=EDGE_CURVE('',#510,#502,#514,.T.);
#516=ORIENTED_EDGE('',*,*,#515,.F.);
#517=CARTESIAN_POINT('',(-10.149131775,-8.644321442,-0.));
#518=VERTEX_POINT('',#517);
#519=CARTESIAN_POINT('',(-10.149131775,-8.644321442,-0.));
#520=DIRECTION('',(0.852644277,-0.522491853,0.));
#521=VECTOR('',#520,0.705901571);
#522=LINE('',#519,#521);
#523=EDGE_CURVE('',#518,#510,#522,.T.);
#524=ORIENTED_EDGE('',*,*,#523,.F.);
#525=CARTESIAN_POINT('',(-10.685890198,-8.185878754,0.));
#526=VERTEX_POINT('',#525);
#527=CARTESIAN_POINT('',(-10.685890198,-8.185878754,0.));
#528=DIRECTION('',(0.760400588,-0.649454344,0.));
#529=VECTOR('',#528,0.705889016);
#530=LINE('',#527,#529);
#531=EDGE_CURVE('',#526,#518,#530,.T.);
#532=ORIENTED_EDGE('',*,*,#531,.F.);
#533=CARTESIAN_POINT('',(-11.144325256,-7.649120331,-0.));
#534=VERTEX_POINT('',#533);
#535=CARTESIAN_POINT('',(-11.144325256,-7.649120331,0.));
#536=DIRECTION('',(0.649448095,-0.760405926,0.));
#537=VECTOR('',#536,0.705884061);
#538=LINE('',#535,#537);
#539=EDGE_CURVE('',#534,#526,#538,.T.);
#540=ORIENTED_EDGE('',*,*,#539,.F.);
#541=CARTESIAN_POINT('',(-11.513160706,-7.047252655,-0.));
#542=VERTEX_POINT('',#541);
#543=CARTESIAN_POINT('',(-11.513160706,-7.047252655,-0.));
#544=DIRECTION('',(0.522509341,-0.852633561,-0.));
#545=VECTOR('',#544,0.705892547);
#546=LINE('',#543,#545);
#547=EDGE_CURVE('',#542,#534,#546,.T.);
#548=ORIENTED_EDGE('',*,*,#547,.F.);
#549=CARTESIAN_POINT('',(-11.783287048,-6.395092011,0.));
#550=VERTEX_POINT('',#549);
#551=CARTESIAN_POINT('',(-11.783287048,-6.395092011,0.));
#552=DIRECTION('',(0.382674435,-0.923883259,-0.));
#553=VECTOR('',#552,0.705890747);
#554=LINE('',#551,#553);
#555=EDGE_CURVE('',#550,#542,#554,.T.);
#556=ORIENTED_EDGE('',*,*,#555,.F.);
#557=CARTESIAN_POINT('',(-11.948066711,-5.708713531,0.));
#558=VERTEX_POINT('',#557);
#559=CARTESIAN_POINT('',(-11.948066711,-5.708713531,0.));
#560=DIRECTION('',(0.233438358,-0.972371602,0.));
#561=VECTOR('',#560,0.705880835);
#562=LINE('',#559,#561);
#563=EDGE_CURVE('',#558,#550,#562,.T.);
#564=ORIENTED_EDGE('',*,*,#563,.F.);
#565=CARTESIAN_POINT('',(-12.004997253,-4.985347748,-0.));
#566=VERTEX_POINT('',#565);
#567=CARTESIAN_POINT('',(-12.004997253,-4.985347748,-0.));
#568=DIRECTION('',(0.078459671,-0.996917288,0.));
#569=VECTOR('',#568,0.725602607);
#570=LINE('',#567,#569);
#571=EDGE_CURVE('',#566,#558,#570,.T.);
#572=ORIENTED_EDGE('',*,*,#571,.F.);
#573=CARTESIAN_POINT('',(-12.004997253,4.985355377,-0.));
#574=VERTEX_POINT('',#573);
#575=CARTESIAN_POINT('',(-12.004997253,4.985355377,-0.));
#576=DIRECTION('',(0.,-1.,0.));
#577=VECTOR('',#576,9.970703125);
#578=LINE('',#575,#577);
#579=EDGE_CURVE('',#574,#566,#578,.T.);
#580=ORIENTED_EDGE('',*,*,#579,.F.);
#581=CARTESIAN_POINT('',(-11.948066711,5.708721161,-0.));
#582=VERTEX_POINT('',#581);
#583=CARTESIAN_POINT('',(-11.948066711,5.708721161,-0.));
#584=DIRECTION('',(-0.078459671,-0.996917288,-0.));
#585=VECTOR('',#584,0.725602607);
#586=LINE('',#583,#585);
#587=EDGE_CURVE('',#582,#574,#586,.T.);
#588=ORIENTED_EDGE('',*,*,#587,.F.);
#589=CARTESIAN_POINT('',(-11.783287048,6.39509964,0.));
#590=VERTEX_POINT('',#589);
#591=CARTESIAN_POINT('',(-11.783287048,6.39509964,0.));
#592=DIRECTION('',(-0.233438358,-0.972371602,-0.));
#593=VECTOR('',#592,0.705880835);
#594=LINE('',#591,#593);
#595=EDGE_CURVE('',#590,#582,#594,.T.);
#596=ORIENTED_EDGE('',*,*,#595,.F.);
#597=CARTESIAN_POINT('',(-11.513160706,7.047252655,-0.));
#598=VERTEX_POINT('',#597);
#599=CARTESIAN_POINT('',(-11.513160706,7.047252655,-0.));
#600=DIRECTION('',(-0.382678256,-0.923881677,0.));
#601=VECTOR('',#600,0.705883699);
#602=LINE('',#599,#601);
#603=EDGE_CURVE('',#598,#590,#602,.T.);
#604=ORIENTED_EDGE('',*,*,#603,.F.);
#605=CARTESIAN_POINT('',(-11.144325256,7.64912796,-0.));
#606=VERTEX_POINT('',#605);
#607=CARTESIAN_POINT('',(-11.144325256,7.64912796,-0.));
#608=DIRECTION('',(-0.522504526,-0.852636512,0.));
#609=VECTOR('',#608,0.705899052);
#610=LINE('',#607,#609);
#611=EDGE_CURVE('',#606,#598,#610,.T.);
#612=ORIENTED_EDGE('',*,*,#611,.F.);
#613=CARTESIAN_POINT('',(-10.685890198,8.185894012,0.));
#614=VERTEX_POINT('',#613);
#615=CARTESIAN_POINT('',(-10.685890198,8.185894012,0.));
#616=DIRECTION('',(-0.649442757,-0.760410485,-0.));
#617=VECTOR('',#616,0.705889862);
#618=LINE('',#615,#617);
#619=EDGE_CURVE('',#614,#606,#618,.T.);
#620=ORIENTED_EDGE('',*,*,#619,.F.);
#621=CARTESIAN_POINT('',(-10.149131775,8.644329071,0.));
#622=VERTEX_POINT('',#621);
#623=CARTESIAN_POINT('',(-10.149131775,8.644329071,0.));
#624=DIRECTION('',(-0.760405926,-0.649448095,-0.));
#625=VECTOR('',#624,0.705884061);
#626=LINE('',#623,#625);
#627=EDGE_CURVE('',#622,#614,#626,.T.);
#628=ORIENTED_EDGE('',*,*,#627,.F.);
#629=CARTESIAN_POINT('',(-9.54724884,9.013156891,-0.));
#630=VERTEX_POINT('',#629);
#631=CARTESIAN_POINT('',(-9.54724884,9.013156891,0.));
#632=DIRECTION('',(-0.852644277,-0.522491853,-0.));
#633=VECTOR('',#632,0.705901571);
#634=LINE('',#631,#633);
#635=EDGE_CURVE('',#630,#622,#634,.T.);
#636=ORIENTED_EDGE('',*,*,#635,.F.);
#637=CARTESIAN_POINT('',(-8.895103455,9.283290863,-0.));
#638=VERTEX_POINT('',#637);
#639=CARTESIAN_POINT('',(-8.895103455,9.283290863,-0.));
#640=DIRECTION('',(-0.923876272,-0.382691303,-0.));
#641=VECTOR('',#640,0.70587957);
#642=LINE('',#639,#641);
#643=EDGE_CURVE('',#638,#630,#642,.T.);
#644=ORIENTED_EDGE('',*,*,#643,.F.);
#645=CARTESIAN_POINT('',(-8.208717346,9.448070526,-0.));
#646=VERTEX_POINT('',#645);
#647=CARTESIAN_POINT('',(-8.208717346,9.448070526,-0.));
#648=DIRECTION('',(-0.972372191,-0.233435905,0.));
#649=VECTOR('',#648,0.705888254);
#650=LINE('',#647,#649);
#651=EDGE_CURVE('',#646,#638,#650,.T.);
#652=ORIENTED_EDGE('',*,*,#651,.F.);
#653=CARTESIAN_POINT('',(-7.504997253,9.505001068,-0.));
#654=VERTEX_POINT('',#653);
#655=CARTESIAN_POINT('',(-7.504997253,9.505001068,-0.));
#656=DIRECTION('',(-0.996743618,-0.080635973,0.));
#657=VECTOR('',#656,0.706019161);
#658=LINE('',#655,#657);
#659=EDGE_CURVE('',#654,#646,#658,.T.);
#660=ORIENTED_EDGE('',*,*,#659,.F.);
#661=CARTESIAN_POINT('',(-7.504997253,9.471851349,0.));
#662=DIRECTION('',(-0.,1.,-0.));
#663=VECTOR('',#662,0.033149719);
#664=LINE('',#661,#663);
#665=EDGE_CURVE('',#349,#654,#664,.T.);
#666=ORIENTED_EDGE('',*,*,#665,.F.);
#667=EDGE_LOOP('',(#355,#356,#364,#372,#380,#388,#396,#404,#412,#420,#428,#436,#444,#452,#460,#468,#474,#475,#476,#484,#492,#500,#508,#516,#524,#532,
#540,#548,#556,#564,#572,#580,#588,#596,#604,#612,#620,#628,#636,#644,#652,#660,#666));
#668=FACE_BOUND('',#667,.T.);
#669=ADVANCED_FACE('',(#347,#668),#344,.T.);
#670=CARTESIAN_POINT('',(9.359703759,1.224035594,10.9828197));
#671=DIRECTION('',(0.995630391,0.093052088,0.007837999));
#672=DIRECTION('',(-0.093054947,0.995660975,0.));
#673=AXIS2_PLACEMENT_3D('',#670,#671,#672);
#674=PLANE('',#673);
#675=CARTESIAN_POINT('',(9.378013611,1.154850006,9.478356361));
#676=VERTEX_POINT('',#675);
#677=CARTESIAN_POINT('',(9.335090637,1.359592438,12.500008583));
#678=VERTEX_POINT('',#677);
#679=CARTESIAN_POINT('',(9.378013611,1.154850006,9.478356361));
#680=DIRECTION('',(-0.014171213,0.067596636,0.997612085));
#681=VECTOR('',#680,3.028884942);
#682=LINE('',#679,#681);
#683=EDGE_CURVE('',#676,#678,#682,.T.);
#684=ORIENTED_EDGE('',*,*,#683,.T.);
#685=CARTESIAN_POINT('',(9.387107849,1.039340973,9.694464684));
#686=VERTEX_POINT('',#685);
#687=CARTESIAN_POINT('',(9.387107849,1.039340973,9.694464684));
#688=DIRECTION('',(-0.018418114,0.113393773,0.993379397));
#689=VECTOR('',#688,2.824242087);
#690=LINE('',#687,#689);
#691=EDGE_CURVE('',#686,#678,#690,.T.);
#692=ORIENTED_EDGE('',*,*,#691,.F.);
#693=CARTESIAN_POINT('',(9.378013611,1.154850006,9.478356361));
#694=DIRECTION('',(0.03708758,-0.471062048,0.881320066));
#695=VECTOR('',#694,0.245209806);
#696=LINE('',#693,#695);
#697=EDGE_CURVE('',#676,#686,#696,.T.);
#698=ORIENTED_EDGE('',*,*,#697,.F.);
#699=EDGE_LOOP('',(#684,#692,#698));
#700=FACE_BOUND('',#699,.T.);
#701=ADVANCED_FACE('',(#700),#674,.T.);
#702=CARTESIAN_POINT('',(9.355851372,1.272456434,10.869610443));
#703=DIRECTION('',(0.994730844,0.102267767,0.007200781));
#704=DIRECTION('',(-0.102270418,0.994756634,-0.));
#705=AXIS2_PLACEMENT_3D('',#702,#703,#704);
#706=PLANE('',#705);
#707=CARTESIAN_POINT('',(9.372398376,1.225978851,9.243862152));
#708=VERTEX_POINT('',#707);
#709=CARTESIAN_POINT('',(9.372398376,1.225978851,9.243862152));
#710=DIRECTION('',(-0.011447251,0.040997079,0.999093689));
#711=VECTOR('',#710,3.259100188);
#712=LINE('',#709,#711);
#713=EDGE_CURVE('',#708,#678,#712,.T.);
#714=ORIENTED_EDGE('',*,*,#713,.T.);
#715=ORIENTED_EDGE('',*,*,#683,.F.);
#716=CARTESIAN_POINT('',(9.378013611,1.154850006,9.478356361));
#717=DIRECTION('',(-0.02290914,0.290192818,-0.956693943));
#718=VECTOR('',#717,0.24510891);
#719=LINE('',#716,#718);
#720=EDGE_CURVE('',#676,#708,#719,.T.);
#721=ORIENTED_EDGE('',*,*,#720,.T.);
#722=EDGE_LOOP('',(#714,#715,#721));
#723=FACE_BOUND('',#722,.T.);
#724=ADVANCED_FACE('',(#723),#706,.T.);
#725=CARTESIAN_POINT('',(9.353891001,1.296873423,10.749779652));
#726=DIRECTION('',(0.99063564,0.1364109,0.005752821));
#727=DIRECTION('',(-0.136413157,0.990652033,0.));
#728=AXIS2_PLACEMENT_3D('',#725,#726,#727);
#729=PLANE('',#728);
#730=CARTESIAN_POINT('',(9.370506287,1.250003815,9.));
#731=VERTEX_POINT('',#730);
#732=CARTESIAN_POINT('',(9.370506287,1.250003815,9.));
#733=DIRECTION('',(-0.010113259,0.031294021,0.999459057));
#734=VECTOR('',#733,3.501902914);
#735=LINE('',#732,#734);
#736=EDGE_CURVE('',#731,#678,#735,.T.);
#737=ORIENTED_EDGE('',*,*,#736,.T.);
#738=ORIENTED_EDGE('',*,*,#713,.F.);
#739=CARTESIAN_POINT('',(9.372398376,1.225978851,9.243862152));
#740=DIRECTION('',(-0.007721238,0.098041046,-0.995152418));
#741=VECTOR('',#740,0.245050052);
#742=LINE('',#739,#741);
#743=EDGE_CURVE('',#708,#731,#742,.T.);
#744=ORIENTED_EDGE('',*,*,#743,.T.);
#745=EDGE_LOOP('',(#737,#738,#744));
#746=FACE_BOUND('',#745,.T.);
#747=ADVANCED_FACE('',(#746),#729,.T.);
#748=CARTESIAN_POINT('',(9.343946227,1.332190093,8.250146797));
#749=DIRECTION('',(0.951544899,0.307509846,0.));
#750=DIRECTION('',(-0.307509846,0.951544899,0.));
#751=AXIS2_PLACEMENT_3D('',#748,#749,#750);
#752=PLANE('',#751);
#753=CARTESIAN_POINT('',(9.335090637,1.359592438,4.000000954));
#754=VERTEX_POINT('',#753);
#755=CARTESIAN_POINT('',(9.335090637,1.359592438,12.500008583));
#756=DIRECTION('',(-0.,-0.,-1.));
#757=VECTOR('',#756,8.500007629);
#758=LINE('',#755,#757);
#759=EDGE_CURVE('',#678,#754,#758,.T.);
#760=ORIENTED_EDGE('',*,*,#759,.F.);
#761=ORIENTED_EDGE('',*,*,#736,.F.);
#762=CARTESIAN_POINT('',(9.335090637,1.359592438,4.000000954));
#763=DIRECTION('',(0.007081253,-0.021911917,0.999734827));
#764=VECTOR('',#763,5.001325264);
#765=LINE('',#762,#764);
#766=EDGE_CURVE('',#754,#731,#765,.T.);
#767=ORIENTED_EDGE('',*,*,#766,.F.);
#768=EDGE_LOOP('',(#760,#761,#767));
#769=FACE_BOUND('',#768,.T.);
#770=ADVANCED_FACE('',(#769),#752,.T.);
#771=CARTESIAN_POINT('',(-4.343946227,-1.332182463,8.250146797));
#772=DIRECTION('',(-0.951544899,-0.307509846,0.));
#773=DIRECTION('',(0.307509846,-0.951544899,0.));
#774=AXIS2_PLACEMENT_3D('',#771,#772,#773);
#775=PLANE('',#774);
#776=CARTESIAN_POINT('',(-4.335090637,-1.359584808,12.500008583));
#777=VERTEX_POINT('',#776);
#778=CARTESIAN_POINT('',(-4.335090637,-1.359584808,4.000000954));
#779=VERTEX_POINT('',#778);
#780=CARTESIAN_POINT('',(-4.335090637,-1.359584808,12.500008583));
#781=DIRECTION('',(-0.,-0.,-1.));
#782=VECTOR('',#781,8.500007629);
#783=LINE('',#780,#782);
#784=EDGE_CURVE('',#777,#779,#783,.T.);
#785=ORIENTED_EDGE('',*,*,#784,.F.);
#786=CARTESIAN_POINT('',(-4.370506287,-1.249996185,9.));
#787=VERTEX_POINT('',#786);
#788=CARTESIAN_POINT('',(-4.370506287,-1.249996185,9.));
#789=DIRECTION('',(0.010113259,-0.031294021,0.999459057));
#790=VECTOR('',#789,3.501902914);
#791=LINE('',#788,#790);
#792=EDGE_CURVE('',#787,#777,#791,.T.);
#793=ORIENTED_EDGE('',*,*,#792,.F.);
#794=CARTESIAN_POINT('',(-4.335090637,-1.359584808,4.000000954));
#795=DIRECTION('',(-0.007081253,0.021911917,0.999734827));
#796=VECTOR('',#795,5.001325264);
#797=LINE('',#794,#796);
#798=EDGE_CURVE('',#779,#787,#797,.T.);
#799=ORIENTED_EDGE('',*,*,#798,.F.);
#800=EDGE_LOOP('',(#785,#793,#799));
#801=FACE_BOUND('',#800,.T.);
#802=ADVANCED_FACE('',(#801),#775,.T.);
#803=CARTESIAN_POINT('',(-4.353890999,-1.296867708,10.749779821));
#804=DIRECTION('',(-0.990631202,-0.136443168,0.005751765));
#805=DIRECTION('',(0.136445425,-0.990647589,0.));
#806=AXIS2_PLACEMENT_3D('',#803,#804,#805);
#807=PLANE('',#806);
#808=ORIENTED_EDGE('',*,*,#792,.T.);
#809=CARTESIAN_POINT('',(-4.372398376,-1.225978851,9.243862152));
#810=VERTEX_POINT('',#809);
#811=CARTESIAN_POINT('',(-4.372398376,-1.225978851,9.243862152));
#812=DIRECTION('',(0.011447253,-0.040994742,0.999093785));
#813=VECTOR('',#812,3.259099876);
#814=LINE('',#811,#813);
#815=EDGE_CURVE('',#810,#777,#814,.T.);
#816=ORIENTED_EDGE('',*,*,#815,.F.);
#817=CARTESIAN_POINT('',(-4.372398376,-1.225978851,9.243862152));
#818=DIRECTION('',(0.007721262,-0.098010211,-0.995155456));
#819=VECTOR('',#818,0.245049304);
#820=LINE('',#817,#819);
#821=EDGE_CURVE('',#810,#787,#820,.T.);
#822=ORIENTED_EDGE('',*,*,#821,.T.);
#823=EDGE_LOOP('',(#808,#816,#822));
#824=FACE_BOUND('',#823,.T.);
#825=ADVANCED_FACE('',(#824),#807,.T.);
#826=CARTESIAN_POINT('',(9.343946227,-1.332182463,8.250146797));
#827=DIRECTION('',(0.951544899,-0.307509846,0.));
#828=DIRECTION('',(0.307509846,0.951544899,0.));
#829=AXIS2_PLACEMENT_3D('',#826,#827,#828);
#830=PLANE('',#829);
#831=CARTESIAN_POINT('',(9.335090637,-1.359584808,12.500008583));
#832=VERTEX_POINT('',#831);
#833=CARTESIAN_POINT('',(9.370506287,-1.249996185,9.));
#834=VERTEX_POINT('',#833);
#835=CARTESIAN_POINT('',(9.335090637,-1.359584808,12.500008583));
#836=DIRECTION('',(0.010113259,0.031294021,-0.999459057));
#837=VECTOR('',#836,3.501902914);
#838=LINE('',#835,#837);
#839=EDGE_CURVE('',#832,#834,#838,.T.);
#840=ORIENTED_EDGE('',*,*,#839,.F.);
#841=CARTESIAN_POINT('',(9.335090637,-1.359584808,4.000000954));
#842=VERTEX_POINT('',#841);
#843=CARTESIAN_POINT('',(9.335090637,-1.359584808,12.500008583));
#844=DIRECTION('',(-0.,-0.,-1.));
#845=VECTOR('',#844,8.500007629);
#846=LINE('',#843,#845);
#847=EDGE_CURVE('',#832,#842,#846,.T.);
#848=ORIENTED_EDGE('',*,*,#847,.T.);
#849=CARTESIAN_POINT('',(9.370506287,-1.249996185,9.));
#850=DIRECTION('',(-0.007081253,-0.021911917,-0.999734827));
#851=VECTOR('',#850,5.001325264);
#852=LINE('',#849,#851);
#853=EDGE_CURVE('',#834,#842,#852,.T.);
#854=ORIENTED_EDGE('',*,*,#853,.F.);
#855=EDGE_LOOP('',(#840,#848,#854));
#856=FACE_BOUND('',#855,.T.);
#857=ADVANCED_FACE('',(#856),#830,.T.);
#858=CARTESIAN_POINT('',(9.353890999,-1.296867708,10.749779821));
#859=DIRECTION('',(0.990631202,-0.136443168,0.005751765));
#860=DIRECTION('',(0.136445425,0.990647589,-0.));
#861=AXIS2_PLACEMENT_3D('',#858,#859,#860);
#862=PLANE('',#861);
#863=CARTESIAN_POINT('',(9.372398376,-1.225978851,9.243862152));
#864=VERTEX_POINT('',#863);
#865=CARTESIAN_POINT('',(9.335090637,-1.359584808,12.500008583));
#866=DIRECTION('',(0.011447253,0.040994742,-0.999093785));
#867=VECTOR('',#866,3.259099876);
#868=LINE('',#865,#867);
#869=EDGE_CURVE('',#832,#864,#868,.T.);
#870=ORIENTED_EDGE('',*,*,#869,.F.);
#871=ORIENTED_EDGE('',*,*,#839,.T.);
#872=CARTESIAN_POINT('',(9.370506287,-1.249996185,9.));
#873=DIRECTION('',(0.007721262,0.098010211,0.995155456));
#874=VECTOR('',#873,0.245049304);
#875=LINE('',#872,#874);
#876=EDGE_CURVE('',#834,#864,#875,.T.);
#877=ORIENTED_EDGE('',*,*,#876,.T.);
#878=EDGE_LOOP('',(#870,#871,#877));
#879=FACE_BOUND('',#878,.T.);
#880=ADVANCED_FACE('',(#879),#862,.T.);
#881=CARTESIAN_POINT('',(9.355851372,-1.272452763,10.869610433));
#882=DIRECTION('',(0.994730772,-0.102268455,0.007200991));
#883=DIRECTION('',(0.102271107,0.994756564,0.));
#884=AXIS2_PLACEMENT_3D('',#881,#882,#883);
#885=PLANE('',#884);
#886=CARTESIAN_POINT('',(9.378013611,-1.154850006,9.478356361));
#887=VERTEX_POINT('',#886);
#888=CARTESIAN_POINT('',(9.335090637,-1.359584808,12.500008583));
#889=DIRECTION('',(0.014171215,0.067594128,-0.997612255));
#890=VECTOR('',#889,3.028884427);
#891=LINE('',#888,#890);
#892=EDGE_CURVE('',#832,#887,#891,.T.);
#893=ORIENTED_EDGE('',*,*,#892,.F.);
#894=ORIENTED_EDGE('',*,*,#869,.T.);
#895=CARTESIAN_POINT('',(9.372398376,-1.225978851,9.243862152));
#896=DIRECTION('',(0.02290914,0.290192818,0.956693943));
#897=VECTOR('',#896,0.24510891);
#898=LINE('',#895,#897);
#899=EDGE_CURVE('',#864,#887,#898,.T.);
#900=ORIENTED_EDGE('',*,*,#899,.T.);
#901=EDGE_LOOP('',(#893,#894,#900));
#902=FACE_BOUND('',#901,.T.);
#903=ADVANCED_FACE('',(#902),#885,.T.);
#904=CARTESIAN_POINT('',(9.359703773,-1.224029935,10.982818877));
#905=DIRECTION('',(0.995630855,-0.093047068,0.00783858));
#906=DIRECTION('',(0.093049926,0.995661444,0.));
#907=AXIS2_PLACEMENT_3D('',#904,#905,#906);
#908=PLANE('',#907);
#909=CARTESIAN_POINT('',(9.387107849,-1.039333344,9.694464684));
#910=VERTEX_POINT('',#909);
#911=CARTESIAN_POINT('',(9.335090637,-1.359584808,12.500008583));
#912=DIRECTION('',(0.018418114,0.113393773,-0.993379397));
#913=VECTOR('',#912,2.824242087);
#914=LINE('',#911,#913);
#915=EDGE_CURVE('',#832,#910,#914,.T.);
#916=ORIENTED_EDGE('',*,*,#915,.F.);
#917=ORIENTED_EDGE('',*,*,#892,.T.);
#918=CARTESIAN_POINT('',(9.378013611,-1.154850006,9.478356361));
#919=DIRECTION('',(0.037087036,0.471086257,0.881307149));
#920=VECTOR('',#919,0.2452134);
#921=LINE('',#918,#920);
#922=EDGE_CURVE('',#887,#910,#921,.T.);
#923=ORIENTED_EDGE('',*,*,#922,.T.);
#924=EDGE_LOOP('',(#916,#917,#923));
#925=FACE_BOUND('',#924,.T.);
#926=ADVANCED_FACE('',(#925),#908,.T.);
#927=CARTESIAN_POINT('',(9.365319447,-1.153191147,11.085190355));
#928=DIRECTION('',(0.996025468,-0.088677131,0.008344723));
#929=DIRECTION('',(0.088680219,0.996060148,0.));
#930=AXIS2_PLACEMENT_3D('',#927,#928,#929);
#931=PLANE('',#930);
#932=CARTESIAN_POINT('',(9.399360657,-0.88388443,9.88388443));
#933=VERTEX_POINT('',#932);
#934=CARTESIAN_POINT('',(9.335090637,-1.359584808,12.500008583));
#935=DIRECTION('',(0.024163494,0.178848289,-0.983579898));
#936=VECTOR('',#935,2.659798314);
#937=LINE('',#934,#936);
#938=EDGE_CURVE('',#832,#933,#937,.T.);
#939=ORIENTED_EDGE('',*,*,#938,.F.);
#940=ORIENTED_EDGE('',*,*,#915,.T.);
#941=CARTESIAN_POINT('',(9.387107849,-1.039333344,9.694464684));
#942=DIRECTION('',(0.049941065,0.633592278,0.77205357));
#943=VECTOR('',#942,0.245345341);
#944=LINE('',#941,#943);
#945=EDGE_CURVE('',#910,#933,#944,.T.);
#946=ORIENTED_EDGE('',*,*,#945,.T.);
#947=EDGE_LOOP('',(#939,#940,#946));
#948=FACE_BOUND('',#947,.T.);
#949=ADVANCED_FACE('',(#948),#931,.T.);
#950=CARTESIAN_POINT('',(9.372495438,-1.062495976,11.172915036));
#951=DIRECTION('',(0.996274981,-0.085774903,0.008878577));
#952=DIRECTION('',(0.085778284,0.996314251,-0.));
#953=AXIS2_PLACEMENT_3D('',#950,#951,#952);
#954=PLANE('',#953);
#955=CARTESIAN_POINT('',(9.414283752,-0.694461823,10.039337158));
#956=VERTEX_POINT('',#955);
#957=CARTESIAN_POINT('',(9.335090637,-1.359584808,12.500008583));
#958=DIRECTION('',(0.031053583,0.260811206,-0.964890247));
#959=VECTOR('',#958,2.550208618);
#960=LINE('',#957,#959);
#961=EDGE_CURVE('',#832,#956,#960,.T.);
#962=ORIENTED_EDGE('',*,*,#961,.F.);
#963=ORIENTED_EDGE('',*,*,#938,.T.);
#964=CARTESIAN_POINT('',(9.399360657,-0.88388443,9.88388443));
#965=DIRECTION('',(0.060787083,0.771585738,0.633214323));
#966=VECTOR('',#965,0.245497808);
#967=LINE('',#964,#966);
#968=EDGE_CURVE('',#933,#956,#967,.T.);
#969=ORIENTED_EDGE('',*,*,#968,.T.);
#970=EDGE_LOOP('',(#962,#963,#969));
#971=FACE_BOUND('',#970,.T.);
#972=ADVANCED_FACE('',(#971),#954,.T.);
#973=CARTESIAN_POINT('',(9.380941129,-0.955527828,11.242664385));
#974=DIRECTION('',(0.996455747,-0.083583089,0.009476845));
#975=DIRECTION('',(0.083586843,0.996500497,0.));
#976=AXIS2_PLACEMENT_3D('',#973,#974,#975);
#977=PLANE('',#976);
#978=CARTESIAN_POINT('',(9.431312561,-0.478351593,10.15485096));
#979=VERTEX_POINT('',#978);
#980=CARTESIAN_POINT('',(9.335090637,-1.359584808,12.500008583));
#981=DIRECTION('',(0.038379635,0.351493796,-0.935403183));
#982=VECTOR('',#981,2.507108876);
#983=LINE('',#980,#982);
#984=EDGE_CURVE('',#832,#979,#983,.T.);
#985=ORIENTED_EDGE('',*,*,#984,.F.);
#986=ORIENTED_EDGE('',*,*,#961,.T.);
#987=CARTESIAN_POINT('',(9.414283752,-0.694461823,10.039337158));
#988=DIRECTION('',(0.069325375,0.879798644,0.470264116));
#989=VECTOR('',#988,0.245636011);
#990=LINE('',#987,#989);
#991=EDGE_CURVE('',#956,#979,#990,.T.);
#992=ORIENTED_EDGE('',*,*,#991,.T.);
#993=EDGE_LOOP('',(#985,#986,#992));
#994=FACE_BOUND('',#993,.T.);
#995=ADVANCED_FACE('',(#994),#977,.T.);
#996=CARTESIAN_POINT('',(9.390296291,-0.836832156,11.291648558));
#997=DIRECTION('',(0.996609995,-0.081634315,0.010215459));
#998=DIRECTION('',(0.081638575,0.996662,0.));
#999=AXIS2_PLACEMENT_3D('',#996,#997,#998);
#1000=PLANE('',#999);
#1001=CARTESIAN_POINT('',(9.449790955,-0.243862152,10.225981712));
#1002=VERTEX_POINT('',#1001);
#1003=CARTESIAN_POINT('',(9.335090637,-1.359584808,12.500008583));
#1004=DIRECTION('',(0.045236234,0.440025732,-0.896845047));
#1005=VECTOR('',#1004,2.535585025);
#1006=LINE('',#1003,#1005);
#1007=EDGE_CURVE('',#832,#1002,#1006,.T.);
#1008=ORIENTED_EDGE('',*,*,#1007,.F.);
#1009=ORIENTED_EDGE('',*,*,#984,.T.);
#1010=CARTESIAN_POINT('',(9.431312561,-0.478351593,10.15485096));
#1011=DIRECTION('',(0.075196025,0.95423197,0.289459678));
#1012=VECTOR('',#1011,0.245736308);
#1013=LINE('',#1010,#1012);
#1014=EDGE_CURVE('',#979,#1002,#1013,.T.);
#1015=ORIENTED_EDGE('',*,*,#1014,.T.);
#1016=EDGE_LOOP('',(#1008,#1009,#1015));
#1017=FACE_BOUND('',#1016,.T.);
#1018=ADVANCED_FACE('',(#1017),#1000,.T.);
#1019=CARTESIAN_POINT('',(9.400151226,-0.711571207,11.317755624));
#1020=DIRECTION('',(0.996761866,-0.079625003,0.011208963));
#1021=DIRECTION('',(0.079630006,0.996824489,-0.));
#1022=AXIS2_PLACEMENT_3D('',#1019,#1020,#1021);
#1023=PLANE('',#1022);
#1024=CARTESIAN_POINT('',(9.46900177,0.000003815,10.25));
#1025=VERTEX_POINT('',#1024);
#1026=CARTESIAN_POINT('',(9.335090637,-1.359584808,12.500008583));
#1027=DIRECTION('',(0.05087248,0.516504065,-0.854772216));
#1028=VECTOR('',#1027,2.632290265);
#1029=LINE('',#1026,#1028);
#1030=EDGE_CURVE('',#832,#1025,#1029,.T.);
#1031=ORIENTED_EDGE('',*,*,#1030,.F.);
#1032=ORIENTED_EDGE('',*,*,#1007,.T.);
#1033=CARTESIAN_POINT('',(9.449790955,-0.243862152,10.225981712));
#1034=DIRECTION('',(0.078156997,0.992140684,0.097715645));
#1035=VECTOR('',#1034,0.245797769);
#1036=LINE('',#1033,#1035);
#1037=EDGE_CURVE('',#1002,#1025,#1036,.T.);
#1038=ORIENTED_EDGE('',*,*,#1037,.T.);
#1039=EDGE_LOOP('',(#1031,#1032,#1038));
#1040=FACE_BOUND('',#1039,.T.);
#1041=ADVANCED_FACE('',(#1040),#1023,.T.);
#1042=CARTESIAN_POINT('',(9.426156216,-0.435003541,11.620975726));
#1043=DIRECTION('',(0.995184488,-0.098019563,0.));
#1044=DIRECTION('',(0.098019563,0.995184488,0.));
#1045=AXIS2_PLACEMENT_3D('',#1042,#1043,#1044);
#1046=PLANE('',#1045);
#1047=CARTESIAN_POINT('',(9.46900177,0.000003815,24.000007629));
#1048=VERTEX_POINT('',#1047);
#1049=CARTESIAN_POINT('',(9.335090637,-1.359584808,24.000007629));
#1050=VERTEX_POINT('',#1049);
#1051=CARTESIAN_POINT('',(9.46900177,0.000003815,24.000007629));
#1052=DIRECTION('',(-0.098019563,-0.995184488,0.));
#1053=VECTOR('',#1052,1.366167419);
#1054=LINE('',#1051,#1053);
#1055=EDGE_CURVE('',#1048,#1050,#1054,.T.);
#1056=ORIENTED_EDGE('',*,*,#1055,.T.);
#1057=CARTESIAN_POINT('',(9.335090637,-1.359584808,24.000007629));
#1058=DIRECTION('',(0.,0.,-1.));
#1059=VECTOR('',#1058,11.499999046);
#1060=LINE('',#1057,#1059);
#1061=EDGE_CURVE('',#1050,#832,#1060,.T.);
#1062=ORIENTED_EDGE('',*,*,#1061,.T.);
#1063=ORIENTED_EDGE('',*,*,#1030,.T.);
#1064=CARTESIAN_POINT('',(9.46900177,0.000003815,24.000007629));
#1065=DIRECTION('',(-0.,-0.,-1.));
#1066=VECTOR('',#1065,13.750007629);
#1067=LINE('',#1064,#1066);
#1068=EDGE_CURVE('',#1048,#1025,#1067,.T.);
#1069=ORIENTED_EDGE('',*,*,#1068,.F.);
#1070=EDGE_LOOP('',(#1056,#1062,#1063,#1069));
#1071=FACE_BOUND('',#1070,.T.);
#1072=ADVANCED_FACE('',(#1071),#1046,.T.);
#1073=CARTESIAN_POINT('',(9.426156216,0.43501117,11.620975726));
#1074=DIRECTION('',(0.995184488,0.098019563,0.));
#1075=DIRECTION('',(-0.098019563,0.995184488,0.));
#1076=AXIS2_PLACEMENT_3D('',#1073,#1074,#1075);
#1077=PLANE('',#1076);
#1078=CARTESIAN_POINT('',(9.335090637,1.359592438,24.000007629));
#1079=VERTEX_POINT('',#1078);
#1080=CARTESIAN_POINT('',(9.335090637,1.359592438,24.000007629));
#1081=DIRECTION('',(-0.,-0.,-1.));
#1082=VECTOR('',#1081,11.499999046);
#1083=LINE('',#1080,#1082);
#1084=EDGE_CURVE('',#1079,#678,#1083,.T.);
#1085=ORIENTED_EDGE('',*,*,#1084,.F.);
#1086=CARTESIAN_POINT('',(9.335090637,1.359592438,24.000007629));
#1087=DIRECTION('',(0.098019563,-0.995184488,0.));
#1088=VECTOR('',#1087,1.366167419);
#1089=LINE('',#1086,#1088);
#1090=EDGE_CURVE('',#1079,#1048,#1089,.T.);
#1091=ORIENTED_EDGE('',*,*,#1090,.T.);
#1092=ORIENTED_EDGE('',*,*,#1068,.T.);
#1093=CARTESIAN_POINT('',(9.46900177,0.000003815,10.25));
#1094=DIRECTION('',(-0.05087248,0.516504065,0.854772216));
#1095=VECTOR('',#1094,2.632290265);
#1096=LINE('',#1093,#1095);
#1097=EDGE_CURVE('',#1025,#678,#1096,.T.);
#1098=ORIENTED_EDGE('',*,*,#1097,.T.);
#1099=EDGE_LOOP('',(#1085,#1091,#1092,#1098));
#1100=FACE_BOUND('',#1099,.T.);
#1101=ADVANCED_FACE('',(#1100),#1077,.T.);
#1102=CARTESIAN_POINT('',(9.400151139,0.711577757,11.317757161));
#1103=DIRECTION('',(0.996761696,0.079627341,0.01120754));
#1104=DIRECTION('',(-0.079632342,0.996824303,-0.));
#1105=AXIS2_PLACEMENT_3D('',#1102,#1103,#1104);
#1106=PLANE('',#1105);
#1107=CARTESIAN_POINT('',(9.449790955,0.243862152,10.225981712));
#1108=VERTEX_POINT('',#1107);
#1109=CARTESIAN_POINT('',(9.449790955,0.243862152,10.225981712));
#1110=DIRECTION('',(-0.045236174,0.440028158,0.89684386));
#1111=VECTOR('',#1110,2.535588382);
#1112=LINE('',#1109,#1111);
#1113=EDGE_CURVE('',#1108,#678,#1112,.T.);
#1114=ORIENTED_EDGE('',*,*,#1113,.T.);
#1115=ORIENTED_EDGE('',*,*,#1097,.F.);
#1116=CARTESIAN_POINT('',(9.46900177,0.000003815,10.25));
#1117=DIRECTION('',(-0.078159404,0.992140198,-0.097718655));
#1118=VECTOR('',#1117,0.2457902);
#1119=LINE('',#1116,#1118);
#1120=EDGE_CURVE('',#1025,#1108,#1119,.T.);
#1121=ORIENTED_EDGE('',*,*,#1120,.T.);
#1122=EDGE_LOOP('',(#1114,#1115,#1121));
#1123=FACE_BOUND('',#1122,.T.);
#1124=ADVANCED_FACE('',(#1123),#1106,.T.);
#1125=CARTESIAN_POINT('',(9.390296362,0.836837102,11.291647088));
#1126=DIRECTION('',(0.99661018,0.081631946,0.010216356));
#1127=DIRECTION('',(-0.081636207,0.996662194,0.));
#1128=AXIS2_PLACEMENT_3D('',#1125,#1126,#1127);
#1129=PLANE('',#1128);
#1130=CARTESIAN_POINT('',(9.431312561,0.478359222,10.15485096));
#1131=VERTEX_POINT('',#1130);
#1132=CARTESIAN_POINT('',(9.431312561,0.478359222,10.15485096));
#1133=DIRECTION('',(-0.038379635,0.351493796,0.935403183));
#1134=VECTOR('',#1133,2.507108876);
#1135=LINE('',#1132,#1134);
#1136=EDGE_CURVE('',#1131,#678,#1135,.T.);
#1137=ORIENTED_EDGE('',*,*,#1136,.T.);
#1138=ORIENTED_EDGE('',*,*,#1113,.F.);
#1139=CARTESIAN_POINT('',(9.449790955,0.243862152,10.225981712));
#1140=DIRECTION('',(-0.075193797,0.954234747,-0.289451103));
#1141=VECTOR('',#1140,0.245743588);
#1142=LINE('',#1139,#1141);
#1143=EDGE_CURVE('',#1108,#1131,#1142,.T.);
#1144=ORIENTED_EDGE('',*,*,#1143,.T.);
#1145=EDGE_LOOP('',(#1137,#1138,#1144));
#1146=FACE_BOUND('',#1145,.T.);
#1147=ADVANCED_FACE('',(#1146),#1129,.T.);
#1148=CARTESIAN_POINT('',(9.380941074,0.955533941,11.242665845));
#1149=DIRECTION('',(0.996455552,0.08358553,0.00947592));
#1150=DIRECTION('',(-0.083589283,0.996500292,0.));
#1151=AXIS2_PLACEMENT_3D('',#1148,#1149,#1150);
#1152=PLANE('',#1151);
#1153=CARTESIAN_POINT('',(9.414283752,0.694461823,10.039337158));
#1154=VERTEX_POINT('',#1153);
#1155=CARTESIAN_POINT('',(9.414283752,0.694461823,10.039337158));
#1156=DIRECTION('',(-0.031053559,0.260813994,0.964889495));
#1157=VECTOR('',#1156,2.550210608);
#1158=LINE('',#1155,#1157);
#1159=EDGE_CURVE('',#1154,#678,#1158,.T.);
#1160=ORIENTED_EDGE('',*,*,#1159,.T.);
#1161=ORIENTED_EDGE('',*,*,#1136,.F.);
#1162=CARTESIAN_POINT('',(9.431312561,0.478359222,10.15485096));
#1163=DIRECTION('',(-0.069327269,0.879791626,-0.470276967));
#1164=VECTOR('',#1163,0.245629299);
#1165=LINE('',#1162,#1164);
#1166=EDGE_CURVE('',#1131,#1154,#1165,.T.);
#1167=ORIENTED_EDGE('',*,*,#1166,.T.);
#1168=EDGE_LOOP('',(#1160,#1161,#1167));
#1169=FACE_BOUND('',#1168,.T.);
#1170=ADVANCED_FACE('',(#1169),#1152,.T.);
#1171=CARTESIAN_POINT('',(9.372495438,1.062499621,11.172915076));
#1172=DIRECTION('',(0.996274998,0.085774726,0.008878359));
#1173=DIRECTION('',(-0.085778107,0.996314266,-0.));
#1174=AXIS2_PLACEMENT_3D('',#1171,#1172,#1173);
#1175=PLANE('',#1174);
#1176=CARTESIAN_POINT('',(9.399360657,0.88388443,9.88388443));
#1177=VERTEX_POINT('',#1176);
#1178=CARTESIAN_POINT('',(9.399360657,0.88388443,9.88388443));
#1179=DIRECTION('',(-0.024163481,0.178851066,0.983579393));
#1180=VECTOR('',#1179,2.659799678);
#1181=LINE('',#1178,#1180);
#1182=EDGE_CURVE('',#1177,#678,#1181,.T.);
#1183=ORIENTED_EDGE('',*,*,#1182,.T.);
#1184=ORIENTED_EDGE('',*,*,#1159,.F.);
#1185=CARTESIAN_POINT('',(9.414283752,0.694461823,10.039337158));
#1186=DIRECTION('',(-0.060787083,0.771585738,-0.633214323));
#1187=VECTOR('',#1186,0.245497808);
#1188=LINE('',#1185,#1187);
#1189=EDGE_CURVE('',#1154,#1177,#1188,.T.);
#1190=ORIENTED_EDGE('',*,*,#1189,.T.);
#1191=EDGE_LOOP('',(#1183,#1184,#1190));
#1192=FACE_BOUND('',#1191,.T.);
#1193=ADVANCED_FACE('',(#1192),#1175,.T.);
#1194=CARTESIAN_POINT('',(9.045575336,-2.313988319,8.564273134));
#1195=DIRECTION('',(0.956940291,-0.290284826,0.));
#1196=DIRECTION('',(0.290284826,0.956940291,0.));
#1197=AXIS2_PLACEMENT_3D('',#1194,#1195,#1196);
#1198=PLANE('',#1197);
#1199=ORIENTED_EDGE('',*,*,#1061,.F.);
#1200=CARTESIAN_POINT('',(8.938514709,-2.666919708,24.000007629));
#1201=VERTEX_POINT('',#1200);
#1202=CARTESIAN_POINT('',(9.335090637,-1.359584808,24.000007629));
#1203=DIRECTION('',(-0.290284826,-0.956940291,0.));
#1204=VECTOR('',#1203,1.366161413);
#1205=LINE('',#1202,#1204);
#1206=EDGE_CURVE('',#1050,#1201,#1205,.T.);
#1207=ORIENTED_EDGE('',*,*,#1206,.T.);
#1208=CARTESIAN_POINT('',(8.938514709,-2.666919708,4.000000954));
#1209=VERTEX_POINT('',#1208);
#1210=CARTESIAN_POINT('',(8.938514709,-2.666919708,24.000007629));
#1211=DIRECTION('',(-0.,-0.,-1.));
#1212=VECTOR('',#1211,20.000006676);
#1213=LINE('',#1210,#1212);
#1214=EDGE_CURVE('',#1201,#1209,#1213,.T.);
#1215=ORIENTED_EDGE('',*,*,#1214,.T.);
#1216=CARTESIAN_POINT('',(9.335090637,-1.359584808,4.000000954));
#1217=DIRECTION('',(-0.290284826,-0.956940291,0.));
#1218=VECTOR('',#1217,1.366161413);
#1219=LINE('',#1216,#1218);
#1220=EDGE_CURVE('',#842,#1209,#1219,.T.);
#1221=ORIENTED_EDGE('',*,*,#1220,.F.);
#1222=ORIENTED_EDGE('',*,*,#847,.F.);
#1223=EDGE_LOOP('',(#1199,#1207,#1215,#1221,#1222));
#1224=FACE_BOUND('',#1223,.T.);
#1225=ADVANCED_FACE('',(#1224),#1198,.T.);
#1226=CARTESIAN_POINT('',(8.468372532,-3.546499412,8.564271494));
#1227=DIRECTION('',(0.881922502,-0.471394421,0.));
#1228=DIRECTION('',(0.471394421,0.881922502,0.));
#1229=AXIS2_PLACEMENT_3D('',#1226,#1227,#1228);
#1230=PLANE('',#1229);
#1231=ORIENTED_EDGE('',*,*,#1214,.F.);
#1232=CARTESIAN_POINT('',(8.294517517,-3.871761322,24.000007629));
#1233=VERTEX_POINT('',#1232);
#1234=CARTESIAN_POINT('',(8.938514709,-2.666919708,24.000007629));
#1235=DIRECTION('',(-0.471394421,-0.881922502,0.));
#1236=VECTOR('',#1235,1.366153614);
#1237=LINE('',#1234,#1236);
#1238=EDGE_CURVE('',#1201,#1233,#1237,.T.);
#1239=ORIENTED_EDGE('',*,*,#1238,.T.);
#1240=CARTESIAN_POINT('',(8.294517517,-3.871761322,4.000000954));
#1241=VERTEX_POINT('',#1240);
#1242=CARTESIAN_POINT('',(8.294517517,-3.871761322,24.000007629));
#1243=DIRECTION('',(-0.,-0.,-1.));
#1244=VECTOR('',#1243,20.000006676);
#1245=LINE('',#1242,#1244);
#1246=EDGE_CURVE('',#1233,#1241,#1245,.T.);
#1247=ORIENTED_EDGE('',*,*,#1246,.T.);
#1248=CARTESIAN_POINT('',(8.938514709,-2.666919708,4.000000954));
#1249=DIRECTION('',(-0.471394421,-0.881922502,-0.));
#1250=VECTOR('',#1249,1.366153614);
#1251=LINE('',#1248,#1250);
#1252=EDGE_CURVE('',#1209,#1241,#1251,.T.);
#1253=ORIENTED_EDGE('',*,*,#1252,.F.);
#1254=EDGE_LOOP('',(#1231,#1239,#1247,#1253));
#1255=FACE_BOUND('',#1254,.T.);
#1256=ADVANCED_FACE('',(#1255),#1230,.T.);
#1257=CARTESIAN_POINT('',(7.661805758,-4.642725262,8.564273786));
#1258=DIRECTION('',(0.773011434,-0.634392089,0.));
#1259=DIRECTION('',(0.634392089,0.773011434,0.));
#1260=AXIS2_PLACEMENT_3D('',#1257,#1258,#1259);
#1261=PLANE('',#1260);
#1262=ORIENTED_EDGE('',*,*,#1246,.F.);
#1263=CARTESIAN_POINT('',(7.427833557,-4.927822113,24.000007629));
#1264=VERTEX_POINT('',#1263);
#1265=CARTESIAN_POINT('',(8.294517517,-3.871761322,24.000007629));
#1266=DIRECTION('',(-0.634392089,-0.773011434,0.));
#1267=VECTOR('',#1266,1.366164515);
#1268=LINE('',#1265,#1267);
#1269=EDGE_CURVE('',#1233,#1264,#1268,.T.);
#1270=ORIENTED_EDGE('',*,*,#1269,.T.);
#1271=CARTESIAN_POINT('',(7.427833557,-4.927822113,4.000000954));
#1272=VERTEX_POINT('',#1271);
#1273=CARTESIAN_POINT('',(7.427833557,-4.927822113,24.000007629));
#1274=DIRECTION('',(-0.,-0.,-1.));
#1275=VECTOR('',#1274,20.000006676);
#1276=LINE('',#1273,#1275);
#1277=EDGE_CURVE('',#1264,#1272,#1276,.T.);
#1278=ORIENTED_EDGE('',*,*,#1277,.T.);
#1279=CARTESIAN_POINT('',(8.294517517,-3.871761322,4.000000954));
#1280=DIRECTION('',(-0.634392089,-0.773011434,0.));
#1281=VECTOR('',#1280,1.366164515);
#1282=LINE('',#1279,#1281);
#1283=EDGE_CURVE('',#1241,#1272,#1282,.T.);
#1284=ORIENTED_EDGE('',*,*,#1283,.F.);
#1285=EDGE_LOOP('',(#1262,#1270,#1278,#1284));
#1286=FACE_BOUND('',#1285,.T.);
#1287=ADVANCED_FACE('',(#1286),#1261,.T.);
#1288=CARTESIAN_POINT('',(6.656869617,-5.560533872,8.564273786));
#1289=DIRECTION('',(0.634392089,-0.773011434,0.));
#1290=DIRECTION('',(-0.773011434,-0.634392089,0.));
#1291=AXIS2_PLACEMENT_3D('',#1288,#1289,#1290);
#1292=PLANE('',#1291);
#1293=ORIENTED_EDGE('',*,*,#1277,.F.);
#1294=CARTESIAN_POINT('',(6.371772766,-5.794506073,24.000007629));
#1295=VERTEX_POINT('',#1294);
#1296=CARTESIAN_POINT('',(7.427833557,-4.927822113,24.000007629));
#1297=DIRECTION('',(-0.773011434,-0.634392089,0.));
#1298=VECTOR('',#1297,1.366164515);
#1299=LINE('',#1296,#1298);
#1300=EDGE_CURVE('',#1264,#1295,#1299,.T.);
#1301=ORIENTED_EDGE('',*,*,#1300,.T.);
#1302=CARTESIAN_POINT('',(6.371772766,-5.794506073,4.000000954));
#1303=VERTEX_POINT('',#1302);
#1304=CARTESIAN_POINT('',(6.371772766,-5.794506073,24.000007629));
#1305=DIRECTION('',(0.,0.,-1.));
#1306=VECTOR('',#1305,20.000006676);
#1307=LINE('',#1304,#1306);
#1308=EDGE_CURVE('',#1295,#1303,#1307,.T.);
#1309=ORIENTED_EDGE('',*,*,#1308,.T.);
#1310=CARTESIAN_POINT('',(7.427833557,-4.927822113,4.000000954));
#1311=DIRECTION('',(-0.773011434,-0.634392089,0.));
#1312=VECTOR('',#1311,1.366164515);
#1313=LINE('',#1310,#1312);
#1314=EDGE_CURVE('',#1272,#1303,#1313,.T.);
#1315=ORIENTED_EDGE('',*,*,#1314,.F.);
#1316=EDGE_LOOP('',(#1293,#1301,#1309,#1315));
#1317=FACE_BOUND('',#1316,.T.);
#1318=ADVANCED_FACE('',(#1317),#1292,.T.);
#1319=CARTESIAN_POINT('',(5.492187672,-6.264653724,8.564273665));
#1320=DIRECTION('',(0.471396443,-0.881921421,0.));
#1321=DIRECTION('',(-0.881921421,-0.471396443,0.));
#1322=AXIS2_PLACEMENT_3D('',#1319,#1320,#1321);
#1323=PLANE('',#1322);
#1324=ORIENTED_EDGE('',*,*,#1308,.F.);
#1325=CARTESIAN_POINT('',(5.166923523,-6.438510895,24.000007629));
#1326=VERTEX_POINT('',#1325);
#1327=CARTESIAN_POINT('',(6.371772766,-5.794506073,24.000007629));
#1328=DIRECTION('',(-0.881921421,-0.471396443,0.));
#1329=VECTOR('',#1328,1.366163939);
#1330=LINE('',#1327,#1329);
#1331=EDGE_CURVE('',#1295,#1326,#1330,.T.);
#1332=ORIENTED_EDGE('',*,*,#1331,.T.);
#1333=CARTESIAN_POINT('',(5.166923523,-6.438510895,4.000000954));
#1334=VERTEX_POINT('',#1333);
#1335=CARTESIAN_POINT('',(5.166923523,-6.438510895,24.000007629));
#1336=DIRECTION('',(0.,0.,-1.));
#1337=VECTOR('',#1336,20.000006676);
#1338=LINE('',#1335,#1337);
#1339=EDGE_CURVE('',#1326,#1334,#1338,.T.);
#1340=ORIENTED_EDGE('',*,*,#1339,.T.);
#1341=CARTESIAN_POINT('',(6.371772766,-5.794506073,4.000000954));
#1342=DIRECTION('',(-0.881921421,-0.471396443,0.));
#1343=VECTOR('',#1342,1.366163939);
#1344=LINE('',#1341,#1343);
#1345=EDGE_CURVE('',#1303,#1334,#1344,.T.);
#1346=ORIENTED_EDGE('',*,*,#1345,.F.);
#1347=EDGE_LOOP('',(#1324,#1332,#1340,#1346));
#1348=FACE_BOUND('',#1347,.T.);
#1349=ADVANCED_FACE('',(#1348),#1323,.T.);
#1350=CARTESIAN_POINT('',(4.21251458,-6.728026155,8.56427467));
#1351=DIRECTION('',(0.290283274,-0.956940761,0.));
#1352=DIRECTION('',(-0.956940761,-0.290283274,0.));
#1353=AXIS2_PLACEMENT_3D('',#1350,#1351,#1352);
#1354=PLANE('',#1353);
#1355=ORIENTED_EDGE('',*,*,#1339,.F.);
#1356=CARTESIAN_POINT('',(3.859580994,-6.835086823,24.000007629));
#1357=VERTEX_POINT('',#1356);
#1358=CARTESIAN_POINT('',(5.166923523,-6.438510895,24.000007629));
#1359=DIRECTION('',(-0.956940761,-0.290283274,0.));
#1360=VECTOR('',#1359,1.366168714);
#1361=LINE('',#1358,#1360);
#1362=EDGE_CURVE('',#1326,#1357,#1361,.T.);
#1363=ORIENTED_EDGE('',*,*,#1362,.T.);
#1364=CARTESIAN_POINT('',(3.859580994,-6.835086823,4.000000954));
#1365=VERTEX_POINT('',#1364);
#1366=CARTESIAN_POINT('',(3.859580994,-6.835086823,24.000007629));
#1367=DIRECTION('',(0.,0.,-1.));
#1368=VECTOR('',#1367,20.000006676);
#1369=LINE('',#1366,#1368);
#1370=EDGE_CURVE('',#1357,#1365,#1369,.T.);
#1371=ORIENTED_EDGE('',*,*,#1370,.T.);
#1372=CARTESIAN_POINT('',(5.166923523,-6.438510895,4.000000954));
#1373=DIRECTION('',(-0.956940761,-0.290283274,0.));
#1374=VECTOR('',#1373,1.366168714);
#1375=LINE('',#1372,#1374);
#1376=EDGE_CURVE('',#1334,#1365,#1375,.T.);
#1377=ORIENTED_EDGE('',*,*,#1376,.F.);
#1378=EDGE_LOOP('',(#1355,#1363,#1371,#1377));
#1379=FACE_BOUND('',#1378,.T.);
#1380=ADVANCED_FACE('',(#1379),#1354,.T.);
#1381=CARTESIAN_POINT('',(2.867041264,-6.93284699,8.564271203));
#1382=DIRECTION('',(0.098020652,-0.995184381,0.));
#1383=DIRECTION('',(-0.995184381,-0.098020652,0.));
#1384=AXIS2_PLACEMENT_3D('',#1381,#1382,#1383);
#1385=PLANE('',#1384);
#1386=ORIENTED_EDGE('',*,*,#1370,.F.);
#1387=CARTESIAN_POINT('',(2.500007629,-6.968997955,24.000007629));
#1388=VERTEX_POINT('',#1387);
#1389=CARTESIAN_POINT('',(3.859580994,-6.835086823,24.000007629));
#1390=DIRECTION('',(-0.995184381,-0.098020652,0.));
#1391=VECTOR('',#1390,1.366152233);
#1392=LINE('',#1389,#1391);
#1393=EDGE_CURVE('',#1357,#1388,#1392,.T.);
#1394=ORIENTED_EDGE('',*,*,#1393,.T.);
#1395=CARTESIAN_POINT('',(2.500007629,-6.968997955,4.000000954));
#1396=VERTEX_POINT('',#1395);
#1397=CARTESIAN_POINT('',(2.500007629,-6.968997955,24.000007629));
#1398=DIRECTION('',(0.,0.,-1.));
#1399=VECTOR('',#1398,20.000006676);
#1400=LINE('',#1397,#1399);
#1401=EDGE_CURVE('',#1388,#1396,#1400,.T.);
#1402=ORIENTED_EDGE('',*,*,#1401,.T.);
#1403=CARTESIAN_POINT('',(3.859580994,-6.835086823,4.000000954));
#1404=DIRECTION('',(-0.995184381,-0.098020652,0.));
#1405=VECTOR('',#1404,1.366152233);
#1406=LINE('',#1403,#1405);
#1407=EDGE_CURVE('',#1365,#1396,#1406,.T.);
#1408=ORIENTED_EDGE('',*,*,#1407,.F.);
#1409=EDGE_LOOP('',(#1386,#1394,#1402,#1408));
#1410=FACE_BOUND('',#1409,.T.);
#1411=ADVANCED_FACE('',(#1410),#1385,.T.);
#1412=CARTESIAN_POINT('',(1.507457058,-6.871237817,8.564274397));
#1413=DIRECTION('',(-0.098019563,-0.995184488,0.));
#1414=DIRECTION('',(-0.995184488,0.098019563,0.));
#1415=AXIS2_PLACEMENT_3D('',#1412,#1413,#1414);
#1416=PLANE('',#1415);
#1417=ORIENTED_EDGE('',*,*,#1401,.F.);
#1418=CARTESIAN_POINT('',(1.140419006,-6.835086823,24.000007629));
#1419=VERTEX_POINT('',#1418);
#1420=CARTESIAN_POINT('',(2.500007629,-6.968997955,24.000007629));
#1421=DIRECTION('',(-0.995184488,0.098019563,0.));
#1422=VECTOR('',#1421,1.366167419);
#1423=LINE('',#1420,#1422);
#1424=EDGE_CURVE('',#1388,#1419,#1423,.T.);
#1425=ORIENTED_EDGE('',*,*,#1424,.T.);
#1426=CARTESIAN_POINT('',(1.140419006,-6.835086823,4.000000954));
#1427=VERTEX_POINT('',#1426);
#1428=CARTESIAN_POINT('',(1.140419006,-6.835086823,24.000007629));
#1429=DIRECTION('',(0.,0.,-1.));
#1430=VECTOR('',#1429,20.000006676);
#1431=LINE('',#1428,#1430);
#1432=EDGE_CURVE('',#1419,#1427,#1431,.T.);
#1433=ORIENTED_EDGE('',*,*,#1432,.T.);
#1434=CARTESIAN_POINT('',(2.500007629,-6.968997955,4.000000954));
#1435=DIRECTION('',(-0.995184488,0.098019563,-0.));
#1436=VECTOR('',#1435,1.366167419);
#1437=LINE('',#1434,#1436);
#1438=EDGE_CURVE('',#1396,#1427,#1437,.T.);
#1439=ORIENTED_EDGE('',*,*,#1438,.F.);
#1440=EDGE_LOOP('',(#1417,#1425,#1433,#1439));
#1441=FACE_BOUND('',#1440,.T.);
#1442=ADVANCED_FACE('',(#1441),#1416,.T.);
#1443=CARTESIAN_POINT('',(0.186010063,-6.545571563,8.56427467));
#1444=DIRECTION('',(-0.290283274,-0.956940761,0.));
#1445=DIRECTION('',(-0.956940761,0.290283274,0.));
#1446=AXIS2_PLACEMENT_3D('',#1443,#1444,#1445);
#1447=PLANE('',#1446);
#1448=ORIENTED_EDGE('',*,*,#1432,.F.);
#1449=CARTESIAN_POINT('',(-0.166923523,-6.438510895,24.000007629));
#1450=VERTEX_POINT('',#1449);
#1451=CARTESIAN_POINT('',(1.140419006,-6.835086823,24.000007629));
#1452=DIRECTION('',(-0.956940761,0.290283274,0.));
#1453=VECTOR('',#1452,1.366168714);
#1454=LINE('',#1451,#1453);
#1455=EDGE_CURVE('',#1419,#1450,#1454,.T.);
#1456=ORIENTED_EDGE('',*,*,#1455,.T.);
#1457=CARTESIAN_POINT('',(-0.166923523,-6.438510895,4.000000954));
#1458=VERTEX_POINT('',#1457);
#1459=CARTESIAN_POINT('',(-0.166923523,-6.438510895,24.000007629));
#1460=DIRECTION('',(0.,0.,-1.));
#1461=VECTOR('',#1460,20.000006676);
#1462=LINE('',#1459,#1461);
#1463=EDGE_CURVE('',#1450,#1458,#1462,.T.);
#1464=ORIENTED_EDGE('',*,*,#1463,.T.);
#1465=CARTESIAN_POINT('',(1.140419006,-6.835086823,4.000000954));
#1466=DIRECTION('',(-0.956940761,0.290283274,0.));
#1467=VECTOR('',#1466,1.366168714);
#1468=LINE('',#1465,#1467);
#1469=EDGE_CURVE('',#1427,#1458,#1468,.T.);
#1470=ORIENTED_EDGE('',*,*,#1469,.F.);
#1471=EDGE_LOOP('',(#1448,#1456,#1464,#1470));
#1472=FACE_BOUND('',#1471,.T.);
#1473=ADVANCED_FACE('',(#1472),#1447,.T.);
#1474=CARTESIAN_POINT('',(-1.046508617,-5.968363244,8.564273665));
#1475=DIRECTION('',(-0.471396443,-0.881921421,0.));
#1476=DIRECTION('',(-0.881921421,0.471396443,0.));
#1477=AXIS2_PLACEMENT_3D('',#1474,#1475,#1476);
#1478=PLANE('',#1477);
#1479=ORIENTED_EDGE('',*,*,#1463,.F.);
#1480=CARTESIAN_POINT('',(-1.371772766,-5.794506073,24.000007629));
#1481=VERTEX_POINT('',#1480);
#1482=CARTESIAN_POINT('',(-0.166923523,-6.438510895,24.000007629));
#1483=DIRECTION('',(-0.881921421,0.471396443,0.));
#1484=VECTOR('',#1483,1.366163939);
#1485=LINE('',#1482,#1484);
#1486=EDGE_CURVE('',#1450,#1481,#1485,.T.);
#1487=ORIENTED_EDGE('',*,*,#1486,.T.);
#1488=CARTESIAN_POINT('',(-1.371772766,-5.794506073,4.000000954));
#1489=VERTEX_POINT('',#1488);
#1490=CARTESIAN_POINT('',(-1.371772766,-5.794506073,24.000007629));
#1491=DIRECTION('',(0.,0.,-1.));
#1492=VECTOR('',#1491,20.000006676);
#1493=LINE('',#1490,#1492);
#1494=EDGE_CURVE('',#1481,#1489,#1493,.T.);
#1495=ORIENTED_EDGE('',*,*,#1494,.T.);
#1496=CARTESIAN_POINT('',(-0.166923523,-6.438510895,4.000000954));
#1497=DIRECTION('',(-0.881921421,0.471396443,-0.));
#1498=VECTOR('',#1497,1.366163939);
#1499=LINE('',#1496,#1498);
#1500=EDGE_CURVE('',#1458,#1489,#1499,.T.);
#1501=ORIENTED_EDGE('',*,*,#1500,.F.);
#1502=EDGE_LOOP('',(#1479,#1487,#1495,#1501));
#1503=FACE_BOUND('',#1502,.T.);
#1504=ADVANCED_FACE('',(#1503),#1478,.T.);
#1505=CARTESIAN_POINT('',(-2.142725746,-5.161794167,8.564271305));
#1506=DIRECTION('',(-0.634397566,-0.773006939,0.));
#1507=DIRECTION('',(-0.773006939,0.634397566,0.));
#1508=AXIS2_PLACEMENT_3D('',#1505,#1506,#1507);
#1509=PLANE('',#1508);
#1510=ORIENTED_EDGE('',*,*,#1494,.F.);
#1511=CARTESIAN_POINT('',(-2.427818298,-4.927822113,24.000007629));
#1512=VERTEX_POINT('',#1511);
#1513=CARTESIAN_POINT('',(-1.371772766,-5.794506073,24.000007629));
#1514=DIRECTION('',(-0.773006939,0.634397566,0.));
#1515=VECTOR('',#1514,1.366152719);
#1516=LINE('',#1513,#1515);
#1517=EDGE_CURVE('',#1481,#1512,#1516,.T.);
#1518=ORIENTED_EDGE('',*,*,#1517,.T.);
#1519=CARTESIAN_POINT('',(-2.427818298,-4.927822113,4.000000954));
#1520=VERTEX_POINT('',#1519);
#1521=CARTESIAN_POINT('',(-2.427818298,-4.927822113,24.000007629));
#1522=DIRECTION('',(0.,0.,-1.));
#1523=VECTOR('',#1522,20.000006676);
#1524=LINE('',#1521,#1523);
#1525=EDGE_CURVE('',#1512,#1520,#1524,.T.);
#1526=ORIENTED_EDGE('',*,*,#1525,.T.);
#1527=CARTESIAN_POINT('',(-1.371772766,-5.794506073,4.000000954));
#1528=DIRECTION('',(-0.773006939,0.634397566,-0.));
#1529=VECTOR('',#1528,1.366152719);
#1530=LINE('',#1527,#1529);
#1531=EDGE_CURVE('',#1489,#1520,#1530,.T.);
#1532=ORIENTED_EDGE('',*,*,#1531,.F.);
#1533=EDGE_LOOP('',(#1510,#1518,#1526,#1532));
#1534=FACE_BOUND('',#1533,.T.);
#1535=ADVANCED_FACE('',(#1534),#1509,.T.);
#1536=CARTESIAN_POINT('',(-2.66179474,-4.642725114,8.564275822));
#1537=DIRECTION('',(-0.773005957,-0.634398763,0.));
#1538=DIRECTION('',(0.634398763,-0.773005957,0.));
#1539=AXIS2_PLACEMENT_3D('',#1536,#1537,#1538);
#1540=PLANE('',#1539);
#1541=ORIENTED_EDGE('',*,*,#1525,.F.);
#1542=CARTESIAN_POINT('',(-3.294517517,-3.871761322,24.000007629));
#1543=VERTEX_POINT('',#1542);
#1544=CARTESIAN_POINT('',(-2.427818298,-4.927822113,24.000007629));
#1545=DIRECTION('',(-0.634398763,0.773005957,0.));
#1546=VECTOR('',#1545,1.366174195);
#1547=LINE('',#1544,#1546);
#1548=EDGE_CURVE('',#1512,#1543,#1547,.T.);
#1549=ORIENTED_EDGE('',*,*,#1548,.T.);
#1550=CARTESIAN_POINT('',(-3.294517517,-3.871761322,4.000000954));
#1551=VERTEX_POINT('',#1550);
#1552=CARTESIAN_POINT('',(-3.294517517,-3.871761322,24.000007629));
#1553=DIRECTION('',(-0.,-0.,-1.));
#1554=VECTOR('',#1553,20.000006676);
#1555=LINE('',#1552,#1554);
#1556=EDGE_CURVE('',#1543,#1551,#1555,.T.);
#1557=ORIENTED_EDGE('',*,*,#1556,.T.);
#1558=CARTESIAN_POINT('',(-2.427818298,-4.927822113,4.000000954));
#1559=DIRECTION('',(-0.634398763,0.773005957,-0.));
#1560=VECTOR('',#1559,1.366174195);
#1561=LINE('',#1558,#1560);
#1562=EDGE_CURVE('',#1520,#1551,#1561,.T.);
#1563=ORIENTED_EDGE('',*,*,#1562,.F.);
#1564=EDGE_LOOP('',(#1541,#1549,#1557,#1563));
#1565=FACE_BOUND('',#1564,.T.);
#1566=ADVANCED_FACE('',(#1565),#1540,.T.);
#1567=CARTESIAN_POINT('',(-3.468372532,-3.546499412,8.564271494));
#1568=DIRECTION('',(-0.881922502,-0.471394421,0.));
#1569=DIRECTION('',(0.471394421,-0.881922502,0.));
#1570=AXIS2_PLACEMENT_3D('',#1567,#1568,#1569);
#1571=PLANE('',#1570);
#1572=ORIENTED_EDGE('',*,*,#1556,.F.);
#1573=CARTESIAN_POINT('',(-3.938514709,-2.666919708,24.000007629));
#1574=VERTEX_POINT('',#1573);
#1575=CARTESIAN_POINT('',(-3.294517517,-3.871761322,24.000007629));
#1576=DIRECTION('',(-0.471394421,0.881922502,0.));
#1577=VECTOR('',#1576,1.366153614);
#1578=LINE('',#1575,#1577);
#1579=EDGE_CURVE('',#1543,#1574,#1578,.T.);
#1580=ORIENTED_EDGE('',*,*,#1579,.T.);
#1581=CARTESIAN_POINT('',(-3.938514709,-2.666919708,4.000000954));
#1582=VERTEX_POINT('',#1581);
#1583=CARTESIAN_POINT('',(-3.938514709,-2.666919708,24.000007629));
#1584=DIRECTION('',(-0.,-0.,-1.));
#1585=VECTOR('',#1584,20.000006676);
#1586=LINE('',#1583,#1585);
#1587=EDGE_CURVE('',#1574,#1582,#1586,.T.);
#1588=ORIENTED_EDGE('',*,*,#1587,.T.);
#1589=CARTESIAN_POINT('',(-3.294517517,-3.871761322,4.000000954));
#1590=DIRECTION('',(-0.471394421,0.881922502,-0.));
#1591=VECTOR('',#1590,1.366153614);
#1592=LINE('',#1589,#1591);
#1593=EDGE_CURVE('',#1551,#1582,#1592,.T.);
#1594=ORIENTED_EDGE('',*,*,#1593,.F.);
#1595=EDGE_LOOP('',(#1572,#1580,#1588,#1594));
#1596=FACE_BOUND('',#1595,.T.);
#1597=ADVANCED_FACE('',(#1596),#1571,.T.);
#1598=CARTESIAN_POINT('',(-4.343946227,1.332190093,8.250146797));
#1599=DIRECTION('',(-0.951544899,0.307509846,0.));
#1600=DIRECTION('',(-0.307509846,-0.951544899,0.));
#1601=AXIS2_PLACEMENT_3D('',#1598,#1599,#1600);
#1602=PLANE('',#1601);
#1603=CARTESIAN_POINT('',(-4.335090637,1.359592438,12.500008583));
#1604=VERTEX_POINT('',#1603);
#1605=CARTESIAN_POINT('',(-4.370506287,1.250003815,9.));
#1606=VERTEX_POINT('',#1605);
#1607=CARTESIAN_POINT('',(-4.335090637,1.359592438,12.500008583));
#1608=DIRECTION('',(-0.010113259,-0.031294021,-0.999459057));
#1609=VECTOR('',#1608,3.501902914);
#1610=LINE('',#1607,#1609);
#1611=EDGE_CURVE('',#1604,#1606,#1610,.T.);
#1612=ORIENTED_EDGE('',*,*,#1611,.F.);
#1613=CARTESIAN_POINT('',(-4.335090637,1.359592438,4.000000954));
#1614=VERTEX_POINT('',#1613);
#1615=CARTESIAN_POINT('',(-4.335090637,1.359592438,12.500008583));
#1616=DIRECTION('',(-0.,-0.,-1.));
#1617=VECTOR('',#1616,8.500007629);
#1618=LINE('',#1615,#1617);
#1619=EDGE_CURVE('',#1604,#1614,#1618,.T.);
#1620=ORIENTED_EDGE('',*,*,#1619,.T.);
#1621=CARTESIAN_POINT('',(-4.370506287,1.250003815,9.));
#1622=DIRECTION('',(0.007081253,0.021911917,-0.999734827));
#1623=VECTOR('',#1622,5.001325264);
#1624=LINE('',#1621,#1623);
#1625=EDGE_CURVE('',#1606,#1614,#1624,.T.);
#1626=ORIENTED_EDGE('',*,*,#1625,.F.);
#1627=EDGE_LOOP('',(#1612,#1620,#1626));
#1628=FACE_BOUND('',#1627,.T.);
#1629=ADVANCED_FACE('',(#1628),#1602,.T.);
#1630=CARTESIAN_POINT('',(-4.353891001,1.296873423,10.749779652));
#1631=DIRECTION('',(-0.99063564,0.1364109,0.005752821));
#1632=DIRECTION('',(-0.136413157,-0.990652033,-0.));
#1633=AXIS2_PLACEMENT_3D('',#1630,#1631,#1632);
#1634=PLANE('',#1633);
#1635=CARTESIAN_POINT('',(-4.372398376,1.225978851,9.243862152));
#1636=VERTEX_POINT('',#1635);
#1637=CARTESIAN_POINT('',(-4.335090637,1.359592438,12.500008583));
#1638=DIRECTION('',(-0.011447251,-0.040997079,-0.999093689));
#1639=VECTOR('',#1638,3.259100188);
#1640=LINE('',#1637,#1639);
#1641=EDGE_CURVE('',#1604,#1636,#1640,.T.);
#1642=ORIENTED_EDGE('',*,*,#1641,.F.);
#1643=ORIENTED_EDGE('',*,*,#1611,.T.);
#1644=CARTESIAN_POINT('',(-4.372398376,1.225978851,9.243862152));
#1645=DIRECTION('',(0.007721238,0.098041046,-0.995152418));
#1646=VECTOR('',#1645,0.245050052);
#1647=LINE('',#1644,#1646);
#1648=EDGE_CURVE('',#1636,#1606,#1647,.T.);
#1649=ORIENTED_EDGE('',*,*,#1648,.F.);
#1650=EDGE_LOOP('',(#1642,#1643,#1649));
#1651=FACE_BOUND('',#1650,.T.);
#1652=ADVANCED_FACE('',(#1651),#1634,.T.);
#1653=CARTESIAN_POINT('',(-4.355847548,1.272456439,10.86961052));
#1654=DIRECTION('',(-0.994749893,0.102081757,0.007208632));
#1655=DIRECTION('',(-0.102084409,-0.99477574,0.));
#1656=AXIS2_PLACEMENT_3D('',#1653,#1654,#1655);
#1657=PLANE('',#1656);
#1658=CARTESIAN_POINT('',(-4.377998352,1.154850006,9.478356361));
#1659=VERTEX_POINT('',#1658);
#1660=CARTESIAN_POINT('',(-4.335090637,1.359592438,12.500008583));
#1661=DIRECTION('',(-0.014166176,-0.06759664,-0.997612156));
#1662=VECTOR('',#1661,3.028884726);
#1663=LINE('',#1660,#1662);
#1664=EDGE_CURVE('',#1604,#1659,#1663,.T.);
#1665=ORIENTED_EDGE('',*,*,#1664,.F.);
#1666=ORIENTED_EDGE('',*,*,#1641,.T.);
#1667=CARTESIAN_POINT('',(-4.372398376,1.225978851,9.243862152));
#1668=DIRECTION('',(-0.02284692,-0.290193231,0.956695305));
#1669=VECTOR('',#1668,0.245108561);
#1670=LINE('',#1667,#1669);
#1671=EDGE_CURVE('',#1636,#1659,#1670,.T.);
#1672=ORIENTED_EDGE('',*,*,#1671,.T.);
#1673=EDGE_LOOP('',(#1665,#1666,#1672));
#1674=FACE_BOUND('',#1673,.T.);
#1675=ADVANCED_FACE('',(#1674),#1657,.T.);
#1676=CARTESIAN_POINT('',(-4.359699665,1.224035581,10.98281957));
#1677=DIRECTION('',(-0.995620441,0.093159535,0.007825549));
#1678=DIRECTION('',(-0.093162387,-0.995650928,0.));
#1679=AXIS2_PLACEMENT_3D('',#1676,#1677,#1678);
#1680=PLANE('',#1679);
#1681=CARTESIAN_POINT('',(-4.387107849,1.039340973,9.694464684));
#1682=VERTEX_POINT('',#1681);
#1683=CARTESIAN_POINT('',(-4.335090637,1.359592438,12.500008583));
#1684=DIRECTION('',(-0.018418114,-0.113393773,-0.993379397));
#1685=VECTOR('',#1684,2.824242087);
#1686=LINE('',#1683,#1685);
#1687=EDGE_CURVE('',#1604,#1682,#1686,.T.);
#1688=ORIENTED_EDGE('',*,*,#1687,.F.);
#1689=ORIENTED_EDGE('',*,*,#1664,.T.);
#1690=CARTESIAN_POINT('',(-4.377998352,1.154850006,9.478356361));
#1691=DIRECTION('',(-0.037149722,-0.47106096,0.88131803));
#1692=VECTOR('',#1691,0.245210372);
#1693=LINE('',#1690,#1692);
#1694=EDGE_CURVE('',#1659,#1682,#1693,.T.);
#1695=ORIENTED_EDGE('',*,*,#1694,.T.);
#1696=EDGE_LOOP('',(#1688,#1689,#1695));
#1697=FACE_BOUND('',#1696,.T.);
#1698=ADVANCED_FACE('',(#1697),#1680,.T.);
#1699=CARTESIAN_POINT('',(-4.365319471,1.153196673,11.085189287));
#1700=DIRECTION('',(-0.996025801,0.088673341,0.008345162));
#1701=DIRECTION('',(-0.088676428,-0.996060486,0.));
#1702=AXIS2_PLACEMENT_3D('',#1699,#1700,#1701);
#1703=PLANE('',#1702);
#1704=CARTESIAN_POINT('',(-4.399360657,0.88388443,9.88388443));
#1705=VERTEX_POINT('',#1704);
#1706=CARTESIAN_POINT('',(-4.335090637,1.359592438,12.500008583));
#1707=DIRECTION('',(-0.024163481,-0.178851066,-0.983579393));
#1708=VECTOR('',#1707,2.659799678);
#1709=LINE('',#1706,#1708);
#1710=EDGE_CURVE('',#1604,#1705,#1709,.T.);
#1711=ORIENTED_EDGE('',*,*,#1710,.F.);
#1712=ORIENTED_EDGE('',*,*,#1687,.T.);
#1713=CARTESIAN_POINT('',(-4.387107849,1.039340973,9.694464684));
#1714=DIRECTION('',(-0.049940081,-0.633610891,0.772038359));
#1715=VECTOR('',#1714,0.245350175);
#1716=LINE('',#1713,#1715);
#1717=EDGE_CURVE('',#1682,#1705,#1716,.T.);
#1718=ORIENTED_EDGE('',*,*,#1717,.T.);
#1719=EDGE_LOOP('',(#1711,#1712,#1718));
#1720=FACE_BOUND('',#1719,.T.);
#1721=ADVANCED_FACE('',(#1720),#1703,.T.);
#1722=CARTESIAN_POINT('',(-4.372495438,1.062499621,11.172915076));
#1723=DIRECTION('',(-0.996274998,0.085774726,0.008878359));
#1724=DIRECTION('',(-0.085778107,-0.996314266,0.));
#1725=AXIS2_PLACEMENT_3D('',#1722,#1723,#1724);
#1726=PLANE('',#1725);
#1727=CARTESIAN_POINT('',(-4.414283752,0.694461823,10.039337158));
#1728=VERTEX_POINT('',#1727);
#1729=CARTESIAN_POINT('',(-4.335090637,1.359592438,12.500008583));
#1730=DIRECTION('',(-0.031053559,-0.260813994,-0.964889495));
#1731=VECTOR('',#1730,2.550210608);
#1732=LINE('',#1729,#1731);
#1733=EDGE_CURVE('',#1604,#1728,#1732,.T.);
#1734=ORIENTED_EDGE('',*,*,#1733,.F.);
#1735=ORIENTED_EDGE('',*,*,#1710,.T.);
#1736=CARTESIAN_POINT('',(-4.399360657,0.88388443,9.88388443));
#1737=DIRECTION('',(-0.060787083,-0.771585738,0.633214323));
#1738=VECTOR('',#1737,0.245497808);
#1739=LINE('',#1736,#1738);
#1740=EDGE_CURVE('',#1705,#1728,#1739,.T.);
#1741=ORIENTED_EDGE('',*,*,#1740,.T.);
#1742=EDGE_LOOP('',(#1734,#1735,#1741));
#1743=FACE_BOUND('',#1742,.T.);
#1744=ADVANCED_FACE('',(#1743),#1726,.T.);
#1745=CARTESIAN_POINT('',(-4.380941074,0.955533941,11.242665845));
#1746=DIRECTION('',(-0.996455552,0.08358553,0.00947592));
#1747=DIRECTION('',(-0.083589283,-0.996500292,-0.));
#1748=AXIS2_PLACEMENT_3D('',#1745,#1746,#1747);
#1749=PLANE('',#1748);
#1750=CARTESIAN_POINT('',(-4.431312561,0.478359222,10.15485096));
#1751=VERTEX_POINT('',#1750);
#1752=CARTESIAN_POINT('',(-4.335090637,1.359592438,12.500008583));
#1753=DIRECTION('',(-0.038379635,-0.351493796,-0.935403183));
#1754=VECTOR('',#1753,2.507108876);
#1755=LINE('',#1752,#1754);
#1756=EDGE_CURVE('',#1604,#1751,#1755,.T.);
#1757=ORIENTED_EDGE('',*,*,#1756,.F.);
#1758=ORIENTED_EDGE('',*,*,#1733,.T.);
#1759=CARTESIAN_POINT('',(-4.414283752,0.694461823,10.039337158));
#1760=DIRECTION('',(-0.069327269,-0.879791626,0.470276967));
#1761=VECTOR('',#1760,0.245629299);
#1762=LINE('',#1759,#1761);
#1763=EDGE_CURVE('',#1728,#1751,#1762,.T.);
#1764=ORIENTED_EDGE('',*,*,#1763,.T.);
#1765=EDGE_LOOP('',(#1757,#1758,#1764));
#1766=FACE_BOUND('',#1765,.T.);
#1767=ADVANCED_FACE('',(#1766),#1749,.T.);
#1768=CARTESIAN_POINT('',(-4.390296362,0.836837102,11.291647088));
#1769=DIRECTION('',(-0.99661018,0.081631946,0.010216356));
#1770=DIRECTION('',(-0.081636207,-0.996662194,-0.));
#1771=AXIS2_PLACEMENT_3D('',#1768,#1769,#1770);
#1772=PLANE('',#1771);
#1773=CARTESIAN_POINT('',(-4.449790955,0.243862152,10.225981712));
#1774=VERTEX_POINT('',#1773);
#1775=CARTESIAN_POINT('',(-4.335090637,1.359592438,12.500008583));
#1776=DIRECTION('',(-0.045236174,-0.440028158,-0.89684386));
#1777=VECTOR('',#1776,2.535588382);
#1778=LINE('',#1775,#1777);
#1779=EDGE_CURVE('',#1604,#1774,#1778,.T.);
#1780=ORIENTED_EDGE('',*,*,#1779,.F.);
#1781=ORIENTED_EDGE('',*,*,#1756,.T.);
#1782=CARTESIAN_POINT('',(-4.431312561,0.478359222,10.15485096));
#1783=DIRECTION('',(-0.075193797,-0.954234747,0.289451103));
#1784=VECTOR('',#1783,0.245743588);
#1785=LINE('',#1782,#1784);
#1786=EDGE_CURVE('',#1751,#1774,#1785,.T.);
#1787=ORIENTED_EDGE('',*,*,#1786,.T.);
#1788=EDGE_LOOP('',(#1780,#1781,#1787));
#1789=FACE_BOUND('',#1788,.T.);
#1790=ADVANCED_FACE('',(#1789),#1772,.T.);
#1791=CARTESIAN_POINT('',(-4.419304969,0.523590023,11.613984888));
#1792=DIRECTION('',(-0.995182285,0.098019346,0.002104008));
#1793=DIRECTION('',(-0.098019563,-0.995184488,0.));
#1794=AXIS2_PLACEMENT_3D('',#1791,#1792,#1793);
#1795=PLANE('',#1794);
#1796=CARTESIAN_POINT('',(-4.456845156,-0.123421278,24.000007629));
#1797=VERTEX_POINT('',#1796);
#1798=CARTESIAN_POINT('',(-4.299087545,1.478278661,24.000007629));
#1799=VERTEX_POINT('',#1798);
#1800=CARTESIAN_POINT('',(-4.456845156,-0.123421278,24.000007629));
#1801=DIRECTION('',(0.098019563,0.995184488,0.));
#1802=VECTOR('',#1801,1.609450266);
#1803=LINE('',#1800,#1802);
#1804=EDGE_CURVE('',#1797,#1799,#1803,.T.);
#1805=ORIENTED_EDGE('',*,*,#1804,.T.);
#1806=CARTESIAN_POINT('',(-4.299087545,1.478278661,24.000007629));
#1807=DIRECTION('',(-0.003130522,-0.010319942,-0.999941848));
#1808=VECTOR('',#1807,11.500667837);
#1809=LINE('',#1806,#1808);
#1810=EDGE_CURVE('',#1799,#1604,#1809,.T.);
#1811=ORIENTED_EDGE('',*,*,#1810,.T.);
#1812=ORIENTED_EDGE('',*,*,#1779,.T.);
#1813=CARTESIAN_POINT('',(-4.46900177,0.000003815,12.500008583));
#1814=VERTEX_POINT('',#1813);
#1815=CARTESIAN_POINT('',(-4.46900177,0.000003815,12.500008583));
#1816=DIRECTION('',(0.008399473,0.106621265,-0.994264228));
#1817=VECTOR('',#1816,2.287145416);
#1818=LINE('',#1815,#1817);
#1819=EDGE_CURVE('',#1814,#1774,#1818,.T.);
#1820=ORIENTED_EDGE('',*,*,#1819,.F.);
#1821=CARTESIAN_POINT('',(-4.46900177,0.000003815,12.500008583));
#1822=DIRECTION('',(0.001057035,-0.010731994,0.999941852));
#1823=VECTOR('',#1822,11.500667789);
#1824=LINE('',#1821,#1823);
#1825=EDGE_CURVE('',#1814,#1797,#1824,.T.);
#1826=ORIENTED_EDGE('',*,*,#1825,.T.);
#1827=EDGE_LOOP('',(#1805,#1811,#1812,#1820,#1826));
#1828=FACE_BOUND('',#1827,.T.);
#1829=ADVANCED_FACE('',(#1828),#1795,.T.);
#1830=CARTESIAN_POINT('',(-4.46391497,0.064574657,11.310831806));
#1831=DIRECTION('',(-0.996911336,0.078535267,0.));
#1832=DIRECTION('',(-0.078535267,-0.996911336,0.));
#1833=AXIS2_PLACEMENT_3D('',#1830,#1831,#1832);
#1834=PLANE('',#1833);
#1835=CARTESIAN_POINT('',(-4.46900177,0.000003815,10.25));
#1836=VERTEX_POINT('',#1835);
#1837=CARTESIAN_POINT('',(-4.46900177,0.000003815,12.500008583));
#1838=DIRECTION('',(-0.,-0.,-1.));
#1839=VECTOR('',#1838,2.250008583);
#1840=LINE('',#1837,#1839);
#1841=EDGE_CURVE('',#1814,#1836,#1840,.T.);
#1842=ORIENTED_EDGE('',*,*,#1841,.F.);
#1843=ORIENTED_EDGE('',*,*,#1819,.T.);
#1844=CARTESIAN_POINT('',(-4.449790955,0.243862152,10.225981712));
#1845=DIRECTION('',(-0.078159404,-0.992140198,0.097718655));
#1846=VECTOR('',#1845,0.2457902);
#1847=LINE('',#1844,#1846);
#1848=EDGE_CURVE('',#1774,#1836,#1847,.T.);
#1849=ORIENTED_EDGE('',*,*,#1848,.T.);
#1850=EDGE_LOOP('',(#1842,#1843,#1849));
#1851=FACE_BOUND('',#1850,.T.);
#1852=ADVANCED_FACE('',(#1851),#1834,.T.);
#1853=CARTESIAN_POINT('',(-4.426156216,-0.435003541,11.620975726));
#1854=DIRECTION('',(-0.995184488,-0.098019563,0.));
#1855=DIRECTION('',(0.098019563,-0.995184488,0.));
#1856=AXIS2_PLACEMENT_3D('',#1853,#1854,#1855);
#1857=PLANE('',#1856);
#1858=CARTESIAN_POINT('',(-4.46900177,0.000003815,10.25));
#1859=DIRECTION('',(0.05087248,-0.516504065,0.854772216));
#1860=VECTOR('',#1859,2.632290265);
#1861=LINE('',#1858,#1860);
#1862=EDGE_CURVE('',#1836,#777,#1861,.T.);
#1863=ORIENTED_EDGE('',*,*,#1862,.T.);
#1864=CARTESIAN_POINT('',(-4.335090637,-1.359584808,24.000007629));
#1865=VERTEX_POINT('',#1864);
#1866=CARTESIAN_POINT('',(-4.335090637,-1.359584808,12.500008583));
#1867=DIRECTION('',(0.,0.,1.));
#1868=VECTOR('',#1867,11.499999046);
#1869=LINE('',#1866,#1868);
#1870=EDGE_CURVE('',#777,#1865,#1869,.T.);
#1871=ORIENTED_EDGE('',*,*,#1870,.T.);
#1872=CARTESIAN_POINT('',(-4.335090637,-1.359584808,24.000007629));
#1873=DIRECTION('',(-0.098019563,0.995184488,0.));
#1874=VECTOR('',#1873,1.242145095);
#1875=LINE('',#1872,#1874);
#1876=EDGE_CURVE('',#1865,#1797,#1875,.T.);
#1877=ORIENTED_EDGE('',*,*,#1876,.T.);
#1878=ORIENTED_EDGE('',*,*,#1825,.F.);
#1879=ORIENTED_EDGE('',*,*,#1841,.T.);
#1880=EDGE_LOOP('',(#1863,#1871,#1877,#1878,#1879));
#1881=FACE_BOUND('',#1880,.T.);
#1882=ADVANCED_FACE('',(#1881),#1857,.T.);
#1883=CARTESIAN_POINT('',(-4.400151226,-0.711571207,11.317755624));
#1884=DIRECTION('',(-0.996761866,-0.079625003,0.011208963));
#1885=DIRECTION('',(0.079630006,-0.996824489,0.));
#1886=AXIS2_PLACEMENT_3D('',#1883,#1884,#1885);
#1887=PLANE('',#1886);
#1888=CARTESIAN_POINT('',(-4.449790955,-0.243862152,10.225981712));
#1889=VERTEX_POINT('',#1888);
#1890=CARTESIAN_POINT('',(-4.449790955,-0.243862152,10.225981712));
#1891=DIRECTION('',(0.045236234,-0.440025732,0.896845047));
#1892=VECTOR('',#1891,2.535585025);
#1893=LINE('',#1890,#1892);
#1894=EDGE_CURVE('',#1889,#777,#1893,.T.);
#1895=ORIENTED_EDGE('',*,*,#1894,.T.);
#1896=ORIENTED_EDGE('',*,*,#1862,.F.);
#1897=CARTESIAN_POINT('',(-4.46900177,0.000003815,10.25));
#1898=DIRECTION('',(0.078156997,-0.992140684,-0.097715645));
#1899=VECTOR('',#1898,0.245797769);
#1900=LINE('',#1897,#1899);
#1901=EDGE_CURVE('',#1836,#1889,#1900,.T.);
#1902=ORIENTED_EDGE('',*,*,#1901,.T.);
#1903=EDGE_LOOP('',(#1895,#1896,#1902));
#1904=FACE_BOUND('',#1903,.T.);
#1905=ADVANCED_FACE('',(#1904),#1887,.T.);
#1906=CARTESIAN_POINT('',(-4.390296291,-0.836832156,11.291648558));
#1907=DIRECTION('',(-0.996609995,-0.081634315,0.010215459));
#1908=DIRECTION('',(0.081638575,-0.996662,-0.));
#1909=AXIS2_PLACEMENT_3D('',#1906,#1907,#1908);
#1910=PLANE('',#1909);
#1911=CARTESIAN_POINT('',(-4.431312561,-0.478351593,10.15485096));
#1912=VERTEX_POINT('',#1911);
#1913=CARTESIAN_POINT('',(-4.431312561,-0.478351593,10.15485096));
#1914=DIRECTION('',(0.038379635,-0.351493796,0.935403183));
#1915=VECTOR('',#1914,2.507108876);
#1916=LINE('',#1913,#1915);
#1917=EDGE_CURVE('',#1912,#777,#1916,.T.);
#1918=ORIENTED_EDGE('',*,*,#1917,.T.);
#1919=ORIENTED_EDGE('',*,*,#1894,.F.);
#1920=CARTESIAN_POINT('',(-4.449790955,-0.243862152,10.225981712));
#1921=DIRECTION('',(0.075196025,-0.95423197,-0.289459678));
#1922=VECTOR('',#1921,0.245736308);
#1923=LINE('',#1920,#1922);
#1924=EDGE_CURVE('',#1889,#1912,#1923,.T.);
#1925=ORIENTED_EDGE('',*,*,#1924,.T.);
#1926=EDGE_LOOP('',(#1918,#1919,#1925));
#1927=FACE_BOUND('',#1926,.T.);
#1928=ADVANCED_FACE('',(#1927),#1910,.T.);
#1929=CARTESIAN_POINT('',(-4.380941129,-0.955527828,11.242664385));
#1930=DIRECTION('',(-0.996455747,-0.083583089,0.009476845));
#1931=DIRECTION('',(0.083586843,-0.996500497,-0.));
#1932=AXIS2_PLACEMENT_3D('',#1929,#1930,#1931);
#1933=PLANE('',#1932);
#1934=CARTESIAN_POINT('',(-4.414283752,-0.694461823,10.039337158));
#1935=VERTEX_POINT('',#1934);
#1936=CARTESIAN_POINT('',(-4.414283752,-0.694461823,10.039337158));
#1937=DIRECTION('',(0.031053583,-0.260811206,0.964890247));
#1938=VECTOR('',#1937,2.550208618);
#1939=LINE('',#1936,#1938);
#1940=EDGE_CURVE('',#1935,#777,#1939,.T.);
#1941=ORIENTED_EDGE('',*,*,#1940,.T.);
#1942=ORIENTED_EDGE('',*,*,#1917,.F.);
#1943=CARTESIAN_POINT('',(-4.431312561,-0.478351593,10.15485096));
#1944=DIRECTION('',(0.069325375,-0.879798644,-0.470264116));
#1945=VECTOR('',#1944,0.245636011);
#1946=LINE('',#1943,#1945);
#1947=EDGE_CURVE('',#1912,#1935,#1946,.T.);
#1948=ORIENTED_EDGE('',*,*,#1947,.T.);
#1949=EDGE_LOOP('',(#1941,#1942,#1948));
#1950=FACE_BOUND('',#1949,.T.);
#1951=ADVANCED_FACE('',(#1950),#1933,.T.);
#1952=CARTESIAN_POINT('',(-4.372495438,-1.062495976,11.172915036));
#1953=DIRECTION('',(-0.996274981,-0.085774903,0.008878577));
#1954=DIRECTION('',(0.085778284,-0.996314251,0.));
#1955=AXIS2_PLACEMENT_3D('',#1952,#1953,#1954);
#1956=PLANE('',#1955);
#1957=CARTESIAN_POINT('',(-4.399360657,-0.88388443,9.88388443));
#1958=VERTEX_POINT('',#1957);
#1959=CARTESIAN_POINT('',(-4.399360657,-0.88388443,9.88388443));
#1960=DIRECTION('',(0.024163494,-0.178848289,0.983579898));
#1961=VECTOR('',#1960,2.659798314);
#1962=LINE('',#1959,#1961);
#1963=EDGE_CURVE('',#1958,#777,#1962,.T.);
#1964=ORIENTED_EDGE('',*,*,#1963,.T.);
#1965=ORIENTED_EDGE('',*,*,#1940,.F.);
#1966=CARTESIAN_POINT('',(-4.414283752,-0.694461823,10.039337158));
#1967=DIRECTION('',(0.060787083,-0.771585738,-0.633214323));
#1968=VECTOR('',#1967,0.245497808);
#1969=LINE('',#1966,#1968);
#1970=EDGE_CURVE('',#1935,#1958,#1969,.T.);
#1971=ORIENTED_EDGE('',*,*,#1970,.T.);
#1972=EDGE_LOOP('',(#1964,#1965,#1971));
#1973=FACE_BOUND('',#1972,.T.);
#1974=ADVANCED_FACE('',(#1973),#1956,.T.);
#1975=CARTESIAN_POINT('',(-4.365319447,-1.153191147,11.085190355));
#1976=DIRECTION('',(-0.996025468,-0.088677131,0.008344723));
#1977=DIRECTION('',(0.088680219,-0.996060148,-0.));
#1978=AXIS2_PLACEMENT_3D('',#1975,#1976,#1977);
#1979=PLANE('',#1978);
#1980=CARTESIAN_POINT('',(-4.387107849,-1.039333344,9.694464684));
#1981=VERTEX_POINT('',#1980);
#1982=CARTESIAN_POINT('',(-4.387107849,-1.039333344,9.694464684));
#1983=DIRECTION('',(0.018418114,-0.113393773,0.993379397));
#1984=VECTOR('',#1983,2.824242087);
#1985=LINE('',#1982,#1984);
#1986=EDGE_CURVE('',#1981,#777,#1985,.T.);
#1987=ORIENTED_EDGE('',*,*,#1986,.T.);
#1988=ORIENTED_EDGE('',*,*,#1963,.F.);
#1989=CARTESIAN_POINT('',(-4.399360657,-0.88388443,9.88388443));
#1990=DIRECTION('',(0.049941065,-0.633592278,-0.77205357));
#1991=VECTOR('',#1990,0.245345341);
#1992=LINE('',#1989,#1991);
#1993=EDGE_CURVE('',#1958,#1981,#1992,.T.);
#1994=ORIENTED_EDGE('',*,*,#1993,.T.);
#1995=EDGE_LOOP('',(#1987,#1988,#1994));
#1996=FACE_BOUND('',#1995,.T.);
#1997=ADVANCED_FACE('',(#1996),#1979,.T.);
#1998=CARTESIAN_POINT('',(-4.359699679,-1.224029922,10.982818747));
#1999=DIRECTION('',(-0.995620906,-0.093154508,0.007826132));
#2000=DIRECTION('',(0.093157361,-0.995651398,-0.));
#2001=AXIS2_PLACEMENT_3D('',#1998,#1999,#2000);
#2002=PLANE('',#2001);
#2003=CARTESIAN_POINT('',(-4.377998352,-1.154850006,9.478356361));
#2004=VERTEX_POINT('',#2003);
#2005=CARTESIAN_POINT('',(-4.377998352,-1.154850006,9.478356361));
#2006=DIRECTION('',(0.014166179,-0.067594133,0.997612326));
#2007=VECTOR('',#2006,3.02888421);
#2008=LINE('',#2005,#2007);
#2009=EDGE_CURVE('',#2004,#777,#2008,.T.);
#2010=ORIENTED_EDGE('',*,*,#2009,.T.);
#2011=ORIENTED_EDGE('',*,*,#1986,.F.);
#2012=CARTESIAN_POINT('',(-4.387107849,-1.039333344,9.694464684));
#2013=DIRECTION('',(0.037149177,-0.471085169,-0.881305113));
#2014=VECTOR('',#2013,0.245213966);
#2015=LINE('',#2012,#2014);
#2016=EDGE_CURVE('',#1981,#2004,#2015,.T.);
#2017=ORIENTED_EDGE('',*,*,#2016,.T.);
#2018=EDGE_LOOP('',(#2010,#2011,#2017));
#2019=FACE_BOUND('',#2018,.T.);
#2020=ADVANCED_FACE('',(#2019),#2002,.T.);
#2021=CARTESIAN_POINT('',(-4.228030011,1.712523827,8.564273134));
#2022=DIRECTION('',(-0.956940291,0.290284826,0.));
#2023=DIRECTION('',(-0.290284826,-0.956940291,0.));
#2024=AXIS2_PLACEMENT_3D('',#2021,#2022,#2023);
#2025=PLANE('',#2024);
#2026=ORIENTED_EDGE('',*,*,#1810,.F.);
#2027=CARTESIAN_POINT('',(-3.938514709,2.666927338,24.000007629));
#2028=VERTEX_POINT('',#2027);
#2029=CARTESIAN_POINT('',(-4.299087545,1.478278661,24.000007629));
#2030=DIRECTION('',(0.290284826,0.956940291,0.));
#2031=VECTOR('',#2030,1.242134633);
#2032=LINE('',#2029,#2031);
#2033=EDGE_CURVE('',#1799,#2028,#2032,.T.);
#2034=ORIENTED_EDGE('',*,*,#2033,.T.);
#2035=CARTESIAN_POINT('',(-3.938514709,2.666927338,4.000000954));
#2036=VERTEX_POINT('',#2035);
#2037=CARTESIAN_POINT('',(-3.938514709,2.666927338,24.000007629));
#2038=DIRECTION('',(-0.,-0.,-1.));
#2039=VECTOR('',#2038,20.000006676);
#2040=LINE('',#2037,#2039);
#2041=EDGE_CURVE('',#2028,#2036,#2040,.T.);
#2042=ORIENTED_EDGE('',*,*,#2041,.T.);
#2043=CARTESIAN_POINT('',(-4.335090637,1.359592438,4.000000954));
#2044=DIRECTION('',(0.290284826,0.956940291,-0.));
#2045=VECTOR('',#2044,1.366161413);
#2046=LINE('',#2043,#2045);
#2047=EDGE_CURVE('',#1614,#2036,#2046,.T.);
#2048=ORIENTED_EDGE('',*,*,#2047,.F.);
#2049=ORIENTED_EDGE('',*,*,#1619,.F.);
#2050=EDGE_LOOP('',(#2026,#2034,#2042,#2048,#2049));
#2051=FACE_BOUND('',#2050,.T.);
#2052=ADVANCED_FACE('',(#2051),#2025,.T.);
#2053=CARTESIAN_POINT('',(-3.764659694,2.992189248,8.564271494));
#2054=DIRECTION('',(-0.881922502,0.471394421,0.));
#2055=DIRECTION('',(-0.471394421,-0.881922502,0.));
#2056=AXIS2_PLACEMENT_3D('',#2053,#2054,#2055);
#2057=PLANE('',#2056);
#2058=ORIENTED_EDGE('',*,*,#2041,.F.);
#2059=CARTESIAN_POINT('',(-3.294517517,3.871768951,24.000007629));
#2060=VERTEX_POINT('',#2059);
#2061=CARTESIAN_POINT('',(-3.938514709,2.666927338,24.000007629));
#2062=DIRECTION('',(0.471394421,0.881922502,0.));
#2063=VECTOR('',#2062,1.366153614);
#2064=LINE('',#2061,#2063);
#2065=EDGE_CURVE('',#2028,#2060,#2064,.T.);
#2066=ORIENTED_EDGE('',*,*,#2065,.T.);
#2067=CARTESIAN_POINT('',(-3.294517517,3.871768951,4.000000954));
#2068=VERTEX_POINT('',#2067);
#2069=CARTESIAN_POINT('',(-3.294517517,3.871768951,24.000007629));
#2070=DIRECTION('',(-0.,-0.,-1.));
#2071=VECTOR('',#2070,20.000006676);
#2072=LINE('',#2069,#2071);
#2073=EDGE_CURVE('',#2060,#2068,#2072,.T.);
#2074=ORIENTED_EDGE('',*,*,#2073,.T.);
#2075=CARTESIAN_POINT('',(-3.938514709,2.666927338,4.000000954));
#2076=DIRECTION('',(0.471394421,0.881922502,-0.));
#2077=VECTOR('',#2076,1.366153614);
#2078=LINE('',#2075,#2077);
#2079=EDGE_CURVE('',#2036,#2068,#2078,.T.);
#2080=ORIENTED_EDGE('',*,*,#2079,.F.);
#2081=EDGE_LOOP('',(#2058,#2066,#2074,#2080));
#2082=FACE_BOUND('',#2081,.T.);
#2083=ADVANCED_FACE('',(#2082),#2057,.T.);
#2084=CARTESIAN_POINT('',(-3.060541075,4.15686595,8.564275822));
#2085=DIRECTION('',(-0.773005957,0.634398763,0.));
#2086=DIRECTION('',(-0.634398763,-0.773005957,0.));
#2087=AXIS2_PLACEMENT_3D('',#2084,#2085,#2086);
#2088=PLANE('',#2087);
#2089=ORIENTED_EDGE('',*,*,#2073,.F.);
#2090=CARTESIAN_POINT('',(-2.427818298,4.927829742,24.000007629));
#2091=VERTEX_POINT('',#2090);
#2092=CARTESIAN_POINT('',(-3.294517517,3.871768951,24.000007629));
#2093=DIRECTION('',(0.634398763,0.773005957,0.));
#2094=VECTOR('',#2093,1.366174195);
#2095=LINE('',#2092,#2094);
#2096=EDGE_CURVE('',#2060,#2091,#2095,.T.);
#2097=ORIENTED_EDGE('',*,*,#2096,.T.);
#2098=CARTESIAN_POINT('',(-2.427818298,4.927829742,4.000000954));
#2099=VERTEX_POINT('',#2098);
#2100=CARTESIAN_POINT('',(-2.427818298,4.927829742,24.000007629));
#2101=DIRECTION('',(-0.,-0.,-1.));
#2102=VECTOR('',#2101,20.000006676);
#2103=LINE('',#2100,#2102);
#2104=EDGE_CURVE('',#2091,#2099,#2103,.T.);
#2105=ORIENTED_EDGE('',*,*,#2104,.T.);
#2106=CARTESIAN_POINT('',(-3.294517517,3.871768951,4.000000954));
#2107=DIRECTION('',(0.634398763,0.773005957,-0.));
#2108=VECTOR('',#2107,1.366174195);
#2109=LINE('',#2106,#2108);
#2110=EDGE_CURVE('',#2068,#2099,#2109,.T.);
#2111=ORIENTED_EDGE('',*,*,#2110,.F.);
#2112=EDGE_LOOP('',(#2089,#2097,#2105,#2111));
#2113=FACE_BOUND('',#2112,.T.);
#2114=ADVANCED_FACE('',(#2113),#2088,.T.);
#2115=CARTESIAN_POINT('',(-2.142725746,5.161801796,8.564271305));
#2116=DIRECTION('',(-0.634397566,0.773006939,0.));
#2117=DIRECTION('',(0.773006939,0.634397566,0.));
#2118=AXIS2_PLACEMENT_3D('',#2115,#2116,#2117);
#2119=PLANE('',#2118);
#2120=ORIENTED_EDGE('',*,*,#2104,.F.);
#2121=CARTESIAN_POINT('',(-1.371772766,5.794513702,24.000007629));
#2122=VERTEX_POINT('',#2121);
#2123=CARTESIAN_POINT('',(-2.427818298,4.927829742,24.000007629));
#2124=DIRECTION('',(0.773006939,0.634397566,0.));
#2125=VECTOR('',#2124,1.366152719);
#2126=LINE('',#2123,#2125);
#2127=EDGE_CURVE('',#2091,#2122,#2126,.T.);
#2128=ORIENTED_EDGE('',*,*,#2127,.T.);
#2129=CARTESIAN_POINT('',(-1.371772766,5.794513702,4.000000954));
#2130=VERTEX_POINT('',#2129);
#2131=CARTESIAN_POINT('',(-1.371772766,5.794513702,24.000007629));
#2132=DIRECTION('',(0.,0.,-1.));
#2133=VECTOR('',#2132,20.000006676);
#2134=LINE('',#2131,#2133);
#2135=EDGE_CURVE('',#2122,#2130,#2134,.T.);
#2136=ORIENTED_EDGE('',*,*,#2135,.T.);
#2137=CARTESIAN_POINT('',(-2.427818298,4.927829742,4.000000954));
#2138=DIRECTION('',(0.773006939,0.634397566,0.));
#2139=VECTOR('',#2138,1.366152719);
#2140=LINE('',#2137,#2139);
#2141=EDGE_CURVE('',#2099,#2130,#2140,.T.);
#2142=ORIENTED_EDGE('',*,*,#2141,.F.);
#2143=EDGE_LOOP('',(#2120,#2128,#2136,#2142));
#2144=FACE_BOUND('',#2143,.T.);
#2145=ADVANCED_FACE('',(#2144),#2119,.T.);
#2146=CARTESIAN_POINT('',(-1.046508617,5.968370873,8.564273665));
#2147=DIRECTION('',(-0.471396443,0.881921421,0.));
#2148=DIRECTION('',(0.881921421,0.471396443,0.));
#2149=AXIS2_PLACEMENT_3D('',#2146,#2147,#2148);
#2150=PLANE('',#2149);
#2151=ORIENTED_EDGE('',*,*,#2135,.F.);
#2152=CARTESIAN_POINT('',(-0.166923523,6.438518524,24.000007629));
#2153=VERTEX_POINT('',#2152);
#2154=CARTESIAN_POINT('',(-1.371772766,5.794513702,24.000007629));
#2155=DIRECTION('',(0.881921421,0.471396443,0.));
#2156=VECTOR('',#2155,1.366163939);
#2157=LINE('',#2154,#2156);
#2158=EDGE_CURVE('',#2122,#2153,#2157,.T.);
#2159=ORIENTED_EDGE('',*,*,#2158,.T.);
#2160=CARTESIAN_POINT('',(-0.166923523,6.438518524,4.000000954));
#2161=VERTEX_POINT('',#2160);
#2162=CARTESIAN_POINT('',(-0.166923523,6.438518524,24.000007629));
#2163=DIRECTION('',(0.,0.,-1.));
#2164=VECTOR('',#2163,20.000006676);
#2165=LINE('',#2162,#2164);
#2166=EDGE_CURVE('',#2153,#2161,#2165,.T.);
#2167=ORIENTED_EDGE('',*,*,#2166,.T.);
#2168=CARTESIAN_POINT('',(-1.371772766,5.794513702,4.000000954));
#2169=DIRECTION('',(0.881921421,0.471396443,0.));
#2170=VECTOR('',#2169,1.366163939);
#2171=LINE('',#2168,#2170);
#2172=EDGE_CURVE('',#2130,#2161,#2171,.T.);
#2173=ORIENTED_EDGE('',*,*,#2172,.F.);
#2174=EDGE_LOOP('',(#2151,#2159,#2167,#2173));
#2175=FACE_BOUND('',#2174,.T.);
#2176=ADVANCED_FACE('',(#2175),#2150,.T.);
#2177=CARTESIAN_POINT('',(0.186010063,6.545579192,8.56427467));
#2178=DIRECTION('',(-0.290283274,0.956940761,0.));
#2179=DIRECTION('',(0.956940761,0.290283274,0.));
#2180=AXIS2_PLACEMENT_3D('',#2177,#2178,#2179);
#2181=PLANE('',#2180);
#2182=ORIENTED_EDGE('',*,*,#2166,.F.);
#2183=CARTESIAN_POINT('',(1.140419006,6.835094452,24.000007629));
#2184=VERTEX_POINT('',#2183);
#2185=CARTESIAN_POINT('',(-0.166923523,6.438518524,24.000007629));
#2186=DIRECTION('',(0.956940761,0.290283274,0.));
#2187=VECTOR('',#2186,1.366168714);
#2188=LINE('',#2185,#2187);
#2189=EDGE_CURVE('',#2153,#2184,#2188,.T.);
#2190=ORIENTED_EDGE('',*,*,#2189,.T.);
#2191=CARTESIAN_POINT('',(1.140419006,6.835094452,4.000000954));
#2192=VERTEX_POINT('',#2191);
#2193=CARTESIAN_POINT('',(1.140419006,6.835094452,4.000000954));
#2194=DIRECTION('',(-0.,-0.,1.));
#2195=VECTOR('',#2194,20.000006676);
#2196=LINE('',#2193,#2195);
#2197=EDGE_CURVE('',#2192,#2184,#2196,.T.);
#2198=ORIENTED_EDGE('',*,*,#2197,.F.);
#2199=CARTESIAN_POINT('',(-0.166923523,6.438518524,4.000000954));
#2200=DIRECTION('',(0.956940761,0.290283274,0.));
#2201=VECTOR('',#2200,1.366168714);
#2202=LINE('',#2199,#2201);
#2203=EDGE_CURVE('',#2161,#2192,#2202,.T.);
#2204=ORIENTED_EDGE('',*,*,#2203,.F.);
#2205=EDGE_LOOP('',(#2182,#2190,#2198,#2204));
#2206=FACE_BOUND('',#2205,.T.);
#2207=ADVANCED_FACE('',(#2206),#2181,.T.);
#2208=CARTESIAN_POINT('',(1.507457058,6.871245447,8.564274397));
#2209=DIRECTION('',(-0.098019563,0.995184488,0.));
#2210=DIRECTION('',(0.995184488,0.098019563,0.));
#2211=AXIS2_PLACEMENT_3D('',#2208,#2209,#2210);
#2212=PLANE('',#2211);
#2213=ORIENTED_EDGE('',*,*,#2197,.T.);
#2214=CARTESIAN_POINT('',(2.500007629,6.969005585,24.000007629));
#2215=VERTEX_POINT('',#2214);
#2216=CARTESIAN_POINT('',(1.140419006,6.835094452,24.000007629));
#2217=DIRECTION('',(0.995184488,0.098019563,0.));
#2218=VECTOR('',#2217,1.366167419);
#2219=LINE('',#2216,#2218);
#2220=EDGE_CURVE('',#2184,#2215,#2219,.T.);
#2221=ORIENTED_EDGE('',*,*,#2220,.T.);
#2222=CARTESIAN_POINT('',(2.500007629,6.969005585,4.000000954));
#2223=VERTEX_POINT('',#2222);
#2224=CARTESIAN_POINT('',(2.500007629,6.969005585,4.000000954));
#2225=DIRECTION('',(-0.,-0.,1.));
#2226=VECTOR('',#2225,20.000006676);
#2227=LINE('',#2224,#2226);
#2228=EDGE_CURVE('',#2223,#2215,#2227,.T.);
#2229=ORIENTED_EDGE('',*,*,#2228,.F.);
#2230=CARTESIAN_POINT('',(1.140419006,6.835094452,4.000000954));
#2231=DIRECTION('',(0.995184488,0.098019563,-0.));
#2232=VECTOR('',#2231,1.366167419);
#2233=LINE('',#2230,#2232);
#2234=EDGE_CURVE('',#2192,#2223,#2233,.T.);
#2235=ORIENTED_EDGE('',*,*,#2234,.F.);
#2236=EDGE_LOOP('',(#2213,#2221,#2229,#2235));
#2237=FACE_BOUND('',#2236,.T.);
#2238=ADVANCED_FACE('',(#2237),#2212,.T.);
#2239=CARTESIAN_POINT('',(2.867041264,6.932854619,8.564271203));
#2240=DIRECTION('',(0.098020652,0.995184381,0.));
#2241=DIRECTION('',(0.995184381,-0.098020652,0.));
#2242=AXIS2_PLACEMENT_3D('',#2239,#2240,#2241);
#2243=PLANE('',#2242);
#2244=ORIENTED_EDGE('',*,*,#2228,.T.);
#2245=CARTESIAN_POINT('',(3.859580994,6.835094452,24.000007629));
#2246=VERTEX_POINT('',#2245);
#2247=CARTESIAN_POINT('',(2.500007629,6.969005585,24.000007629));
#2248=DIRECTION('',(0.995184381,-0.098020652,0.));
#2249=VECTOR('',#2248,1.366152233);
#2250=LINE('',#2247,#2249);
#2251=EDGE_CURVE('',#2215,#2246,#2250,.T.);
#2252=ORIENTED_EDGE('',*,*,#2251,.T.);
#2253=CARTESIAN_POINT('',(3.859580994,6.835094452,4.000000954));
#2254=VERTEX_POINT('',#2253);
#2255=CARTESIAN_POINT('',(3.859580994,6.835094452,24.000007629));
#2256=DIRECTION('',(0.,0.,-1.));
#2257=VECTOR('',#2256,20.000006676);
#2258=LINE('',#2255,#2257);
#2259=EDGE_CURVE('',#2246,#2254,#2258,.T.);
#2260=ORIENTED_EDGE('',*,*,#2259,.T.);
#2261=CARTESIAN_POINT('',(2.500007629,6.969005585,4.000000954));
#2262=DIRECTION('',(0.995184381,-0.098020652,0.));
#2263=VECTOR('',#2262,1.366152233);
#2264=LINE('',#2261,#2263);
#2265=EDGE_CURVE('',#2223,#2254,#2264,.T.);
#2266=ORIENTED_EDGE('',*,*,#2265,.F.);
#2267=EDGE_LOOP('',(#2244,#2252,#2260,#2266));
#2268=FACE_BOUND('',#2267,.T.);
#2269=ADVANCED_FACE('',(#2268),#2243,.T.);
#2270=CARTESIAN_POINT('',(4.21251458,6.728033784,8.56427467));
#2271=DIRECTION('',(0.290283274,0.956940761,0.));
#2272=DIRECTION('',(0.956940761,-0.290283274,0.));
#2273=AXIS2_PLACEMENT_3D('',#2270,#2271,#2272);
#2274=PLANE('',#2273);
#2275=ORIENTED_EDGE('',*,*,#2259,.F.);
#2276=CARTESIAN_POINT('',(5.166923523,6.438518524,24.000007629));
#2277=VERTEX_POINT('',#2276);
#2278=CARTESIAN_POINT('',(3.859580994,6.835094452,24.000007629));
#2279=DIRECTION('',(0.956940761,-0.290283274,0.));
#2280=VECTOR('',#2279,1.366168714);
#2281=LINE('',#2278,#2280);
#2282=EDGE_CURVE('',#2246,#2277,#2281,.T.);
#2283=ORIENTED_EDGE('',*,*,#2282,.T.);
#2284=CARTESIAN_POINT('',(5.166923523,6.438518524,4.000000954));
#2285=VERTEX_POINT('',#2284);
#2286=CARTESIAN_POINT('',(5.166923523,6.438518524,24.000007629));
#2287=DIRECTION('',(0.,0.,-1.));
#2288=VECTOR('',#2287,20.000006676);
#2289=LINE('',#2286,#2288);
#2290=EDGE_CURVE('',#2277,#2285,#2289,.T.);
#2291=ORIENTED_EDGE('',*,*,#2290,.T.);
#2292=CARTESIAN_POINT('',(3.859580994,6.835094452,4.000000954));
#2293=DIRECTION('',(0.956940761,-0.290283274,0.));
#2294=VECTOR('',#2293,1.366168714);
#2295=LINE('',#2292,#2294);
#2296=EDGE_CURVE('',#2254,#2285,#2295,.T.);
#2297=ORIENTED_EDGE('',*,*,#2296,.F.);
#2298=EDGE_LOOP('',(#2275,#2283,#2291,#2297));
#2299=FACE_BOUND('',#2298,.T.);
#2300=ADVANCED_FACE('',(#2299),#2274,.T.);
#2301=CARTESIAN_POINT('',(5.492187672,6.264661353,8.564273665));
#2302=DIRECTION('',(0.471396443,0.881921421,0.));
#2303=DIRECTION('',(0.881921421,-0.471396443,0.));
#2304=AXIS2_PLACEMENT_3D('',#2301,#2302,#2303);
#2305=PLANE('',#2304);
#2306=ORIENTED_EDGE('',*,*,#2290,.F.);
#2307=CARTESIAN_POINT('',(6.371772766,5.794513702,24.000007629));
#2308=VERTEX_POINT('',#2307);
#2309=CARTESIAN_POINT('',(5.166923523,6.438518524,24.000007629));
#2310=DIRECTION('',(0.881921421,-0.471396443,0.));
#2311=VECTOR('',#2310,1.366163939);
#2312=LINE('',#2309,#2311);
#2313=EDGE_CURVE('',#2277,#2308,#2312,.T.);
#2314=ORIENTED_EDGE('',*,*,#2313,.T.);
#2315=CARTESIAN_POINT('',(6.371772766,5.794513702,4.000000954));
#2316=VERTEX_POINT('',#2315);
#2317=CARTESIAN_POINT('',(6.371772766,5.794513702,24.000007629));
#2318=DIRECTION('',(0.,0.,-1.));
#2319=VECTOR('',#2318,20.000006676);
#2320=LINE('',#2317,#2319);
#2321=EDGE_CURVE('',#2308,#2316,#2320,.T.);
#2322=ORIENTED_EDGE('',*,*,#2321,.T.);
#2323=CARTESIAN_POINT('',(5.166923523,6.438518524,4.000000954));
#2324=DIRECTION('',(0.881921421,-0.471396443,-0.));
#2325=VECTOR('',#2324,1.366163939);
#2326=LINE('',#2323,#2325);
#2327=EDGE_CURVE('',#2285,#2316,#2326,.T.);
#2328=ORIENTED_EDGE('',*,*,#2327,.F.);
#2329=EDGE_LOOP('',(#2306,#2314,#2322,#2328));
#2330=FACE_BOUND('',#2329,.T.);
#2331=ADVANCED_FACE('',(#2330),#2305,.T.);
#2332=CARTESIAN_POINT('',(6.656869617,5.560541501,8.564273786));
#2333=DIRECTION('',(0.634392089,0.773011434,0.));
#2334=DIRECTION('',(0.773011434,-0.634392089,0.));
#2335=AXIS2_PLACEMENT_3D('',#2332,#2333,#2334);
#2336=PLANE('',#2335);
#2337=ORIENTED_EDGE('',*,*,#2321,.F.);
#2338=CARTESIAN_POINT('',(7.427833557,4.927829742,24.000007629));
#2339=VERTEX_POINT('',#2338);
#2340=CARTESIAN_POINT('',(6.371772766,5.794513702,24.000007629));
#2341=DIRECTION('',(0.773011434,-0.634392089,0.));
#2342=VECTOR('',#2341,1.366164515);
#2343=LINE('',#2340,#2342);
#2344=EDGE_CURVE('',#2308,#2339,#2343,.T.);
#2345=ORIENTED_EDGE('',*,*,#2344,.T.);
#2346=CARTESIAN_POINT('',(7.427833557,4.927829742,4.000000954));
#2347=VERTEX_POINT('',#2346);
#2348=CARTESIAN_POINT('',(7.427833557,4.927829742,24.000007629));
#2349=DIRECTION('',(0.,0.,-1.));
#2350=VECTOR('',#2349,20.000006676);
#2351=LINE('',#2348,#2350);
#2352=EDGE_CURVE('',#2339,#2347,#2351,.T.);
#2353=ORIENTED_EDGE('',*,*,#2352,.T.);
#2354=CARTESIAN_POINT('',(6.371772766,5.794513702,4.000000954));
#2355=DIRECTION('',(0.773011434,-0.634392089,-0.));
#2356=VECTOR('',#2355,1.366164515);
#2357=LINE('',#2354,#2356);
#2358=EDGE_CURVE('',#2316,#2347,#2357,.T.);
#2359=ORIENTED_EDGE('',*,*,#2358,.F.);
#2360=EDGE_LOOP('',(#2337,#2345,#2353,#2359));
#2361=FACE_BOUND('',#2360,.T.);
#2362=ADVANCED_FACE('',(#2361),#2336,.T.);
#2363=CARTESIAN_POINT('',(8.060545316,4.156865803,8.564273786));
#2364=DIRECTION('',(0.773011434,0.634392089,0.));
#2365=DIRECTION('',(-0.634392089,0.773011434,0.));
#2366=AXIS2_PLACEMENT_3D('',#2363,#2364,#2365);
#2367=PLANE('',#2366);
#2368=ORIENTED_EDGE('',*,*,#2352,.F.);
#2369=CARTESIAN_POINT('',(8.294517517,3.871768951,24.000007629));
#2370=VERTEX_POINT('',#2369);
#2371=CARTESIAN_POINT('',(7.427833557,4.927829742,24.000007629));
#2372=DIRECTION('',(0.634392089,-0.773011434,0.));
#2373=VECTOR('',#2372,1.366164515);
#2374=LINE('',#2371,#2373);
#2375=EDGE_CURVE('',#2339,#2370,#2374,.T.);
#2376=ORIENTED_EDGE('',*,*,#2375,.T.);
#2377=CARTESIAN_POINT('',(8.294517517,3.871768951,4.000000954));
#2378=VERTEX_POINT('',#2377);
#2379=CARTESIAN_POINT('',(8.294517517,3.871768951,24.000007629));
#2380=DIRECTION('',(-0.,-0.,-1.));
#2381=VECTOR('',#2380,20.000006676);
#2382=LINE('',#2379,#2381);
#2383=EDGE_CURVE('',#2370,#2378,#2382,.T.);
#2384=ORIENTED_EDGE('',*,*,#2383,.T.);
#2385=CARTESIAN_POINT('',(7.427833557,4.927829742,4.000000954));
#2386=DIRECTION('',(0.634392089,-0.773011434,0.));
#2387=VECTOR('',#2386,1.366164515);
#2388=LINE('',#2385,#2387);
#2389=EDGE_CURVE('',#2347,#2378,#2388,.T.);
#2390=ORIENTED_EDGE('',*,*,#2389,.F.);
#2391=EDGE_LOOP('',(#2368,#2376,#2384,#2390));
#2392=FACE_BOUND('',#2391,.T.);
#2393=ADVANCED_FACE('',(#2392),#2367,.T.);
#2394=CARTESIAN_POINT('',(8.764659694,2.992189248,8.564271494));
#2395=DIRECTION('',(0.881922502,0.471394421,0.));
#2396=DIRECTION('',(-0.471394421,0.881922502,0.));
#2397=AXIS2_PLACEMENT_3D('',#2394,#2395,#2396);
#2398=PLANE('',#2397);
#2399=ORIENTED_EDGE('',*,*,#2383,.F.);
#2400=CARTESIAN_POINT('',(8.938514709,2.666927338,24.000007629));
#2401=VERTEX_POINT('',#2400);
#2402=CARTESIAN_POINT('',(8.294517517,3.871768951,24.000007629));
#2403=DIRECTION('',(0.471394421,-0.881922502,0.));
#2404=VECTOR('',#2403,1.366153614);
#2405=LINE('',#2402,#2404);
#2406=EDGE_CURVE('',#2370,#2401,#2405,.T.);
#2407=ORIENTED_EDGE('',*,*,#2406,.T.);
#2408=CARTESIAN_POINT('',(8.938514709,2.666927338,4.000000954));
#2409=VERTEX_POINT('',#2408);
#2410=CARTESIAN_POINT('',(8.938514709,2.666927338,24.000007629));
#2411=DIRECTION('',(-0.,-0.,-1.));
#2412=VECTOR('',#2411,20.000006676);
#2413=LINE('',#2410,#2412);
#2414=EDGE_CURVE('',#2401,#2409,#2413,.T.);
#2415=ORIENTED_EDGE('',*,*,#2414,.T.);
#2416=CARTESIAN_POINT('',(8.294517517,3.871768951,4.000000954));
#2417=DIRECTION('',(0.471394421,-0.881922502,0.));
#2418=VECTOR('',#2417,1.366153614);
#2419=LINE('',#2416,#2418);
#2420=EDGE_CURVE('',#2378,#2409,#2419,.T.);
#2421=ORIENTED_EDGE('',*,*,#2420,.F.);
#2422=EDGE_LOOP('',(#2399,#2407,#2415,#2421));
#2423=FACE_BOUND('',#2422,.T.);
#2424=ADVANCED_FACE('',(#2423),#2398,.T.);
#2425=CARTESIAN_POINT('',(-4.355847548,-1.272452768,10.86961051));
#2426=DIRECTION('',(-0.994749821,-0.102082444,0.007208842));
#2427=DIRECTION('',(0.102085097,-0.99477567,0.));
#2428=AXIS2_PLACEMENT_3D('',#2425,#2426,#2427);
#2429=PLANE('',#2428);
#2430=ORIENTED_EDGE('',*,*,#815,.T.);
#2431=ORIENTED_EDGE('',*,*,#2009,.F.);
#2432=CARTESIAN_POINT('',(-4.377998352,-1.154850006,9.478356361));
#2433=DIRECTION('',(0.02284692,-0.290193231,-0.956695305));
#2434=VECTOR('',#2433,0.245108561);
#2435=LINE('',#2432,#2434);
#2436=EDGE_CURVE('',#2004,#810,#2435,.T.);
#2437=ORIENTED_EDGE('',*,*,#2436,.T.);
#2438=EDGE_LOOP('',(#2430,#2431,#2437));
#2439=FACE_BOUND('',#2438,.T.);
#2440=ADVANCED_FACE('',(#2439),#2429,.T.);
#2441=CARTESIAN_POINT('',(-4.045575336,-2.313988319,8.564273134));
#2442=DIRECTION('',(-0.956940291,-0.290284826,0.));
#2443=DIRECTION('',(0.290284826,-0.956940291,0.));
#2444=AXIS2_PLACEMENT_3D('',#2441,#2442,#2443);
#2445=PLANE('',#2444);
#2446=ORIENTED_EDGE('',*,*,#1587,.F.);
#2447=CARTESIAN_POINT('',(-3.938514709,-2.666919708,24.000007629));
#2448=DIRECTION('',(-0.290284826,0.956940291,0.));
#2449=VECTOR('',#2448,1.366161413);
#2450=LINE('',#2447,#2449);
#2451=EDGE_CURVE('',#1574,#1865,#2450,.T.);
#2452=ORIENTED_EDGE('',*,*,#2451,.T.);
#2453=ORIENTED_EDGE('',*,*,#1870,.F.);
#2454=ORIENTED_EDGE('',*,*,#784,.T.);
#2455=CARTESIAN_POINT('',(-3.938514709,-2.666919708,4.000000954));
#2456=DIRECTION('',(-0.290284826,0.956940291,-0.));
#2457=VECTOR('',#2456,1.366161413);
#2458=LINE('',#2455,#2457);
#2459=EDGE_CURVE('',#1582,#779,#2458,.T.);
#2460=ORIENTED_EDGE('',*,*,#2459,.F.);
#2461=EDGE_LOOP('',(#2446,#2452,#2453,#2454,#2460));
#2462=FACE_BOUND('',#2461,.T.);
#2463=ADVANCED_FACE('',(#2462),#2445,.T.);
#2464=CARTESIAN_POINT('',(9.228030011,1.712523827,8.564273134));
#2465=DIRECTION('',(0.956940291,0.290284826,0.));
#2466=DIRECTION('',(-0.290284826,0.956940291,0.));
#2467=AXIS2_PLACEMENT_3D('',#2464,#2465,#2466);
#2468=PLANE('',#2467);
#2469=ORIENTED_EDGE('',*,*,#2414,.F.);
#2470=CARTESIAN_POINT('',(8.938514709,2.666927338,24.000007629));
#2471=DIRECTION('',(0.290284826,-0.956940291,0.));
#2472=VECTOR('',#2471,1.366161413);
#2473=LINE('',#2470,#2472);
#2474=EDGE_CURVE('',#2401,#1079,#2473,.T.);
#2475=ORIENTED_EDGE('',*,*,#2474,.T.);
#2476=ORIENTED_EDGE('',*,*,#1084,.T.);
#2477=ORIENTED_EDGE('',*,*,#759,.T.);
#2478=CARTESIAN_POINT('',(8.938514709,2.666927338,4.000000954));
#2479=DIRECTION('',(0.290284826,-0.956940291,-0.));
#2480=VECTOR('',#2479,1.366161413);
#2481=LINE('',#2478,#2480);
#2482=EDGE_CURVE('',#2409,#754,#2481,.T.);
#2483=ORIENTED_EDGE('',*,*,#2482,.F.);
#2484=EDGE_LOOP('',(#2469,#2475,#2476,#2477,#2483));
#2485=FACE_BOUND('',#2484,.T.);
#2486=ADVANCED_FACE('',(#2485),#2468,.T.);
#2487=CARTESIAN_POINT('',(9.365319471,1.153196673,11.085189287));
#2488=DIRECTION('',(0.996025801,0.088673341,0.008345162));
#2489=DIRECTION('',(-0.088676428,0.996060486,-0.));
#2490=AXIS2_PLACEMENT_3D('',#2487,#2488,#2489);
#2491=PLANE('',#2490);
#2492=ORIENTED_EDGE('',*,*,#691,.T.);
#2493=ORIENTED_EDGE('',*,*,#1182,.F.);
#2494=CARTESIAN_POINT('',(9.399360657,0.88388443,9.88388443));
#2495=DIRECTION('',(-0.049940081,0.633610891,-0.772038359));
#2496=VECTOR('',#2495,0.245350175);
#2497=LINE('',#2494,#2496);
#2498=EDGE_CURVE('',#1177,#686,#2497,.T.);
#2499=ORIENTED_EDGE('',*,*,#2498,.T.);
#2500=EDGE_LOOP('',(#2492,#2493,#2499));
#2501=FACE_BOUND('',#2500,.T.);
#2502=ADVANCED_FACE('',(#2501),#2491,.T.);
#2503=CARTESIAN_POINT('',(2.5,-0.,-3.999992371));
#2504=DIRECTION('',(0.,0.,1.));
#2505=DIRECTION('',(1.,0.,-0.));
#2506=AXIS2_PLACEMENT_3D('',#2503,#2504,#2505);
#2507=CYLINDRICAL_SURFACE('',#2506,5.5);
#2508=CARTESIAN_POINT('',(8.,0.000003815,7.750000954));
#2509=VERTEX_POINT('',#2508);
#2510=CARTESIAN_POINT('',(8.,-0.,7.750000954));
#2511=DIRECTION('',(-0.,-0.,-1.));
#2512=VECTOR('',#2511,4.750000954);
#2513=LINE('',#2510,#2512);
#2514=EDGE_CURVE('',#2509,#79,#2513,.T.);
#2515=ORIENTED_EDGE('',*,*,#2514,.F.);
#2516=CARTESIAN_POINT('',(7.99459109,0.243862152,7.774019718));
#2517=VERTEX_POINT('',#2516);
#2518=CARTESIAN_POINT('',(2.5,-0.,7.750000578));
#2519=DIRECTION('',(0.,-0.098020433,0.995184402));
#2520=DIRECTION('',(0.,0.995184402,0.098020433));
#2521=AXIS2_PLACEMENT_3D('',#2518,#2519,#2520);
#2522=ELLIPSE('',#2521,5.526613949,5.5);
#2523=EDGE_CURVE('',#2509,#2517,#2522,.T.);
#2524=ORIENTED_EDGE('',*,*,#2523,.T.);
#2525=CARTESIAN_POINT('',(7.979158006,0.478359222,7.845151901));
#2526=VERTEX_POINT('',#2525);
#2527=CARTESIAN_POINT('',(2.5,-0.,7.700046738));
#2528=DIRECTION('',(0.,-0.290278229,0.956942292));
#2529=DIRECTION('',(0.,0.956942292,0.290278229));
#2530=AXIS2_PLACEMENT_3D('',#2527,#2528,#2529);
#2531=ELLIPSE('',#2530,5.747473016,5.5);
#2532=EDGE_CURVE('',#2517,#2526,#2531,.T.);
#2533=ORIENTED_EDGE('',*,*,#2532,.T.);
#2534=CARTESIAN_POINT('',(7.95598046,0.694461823,7.960662365));
#2535=VERTEX_POINT('',#2534);
#2536=CARTESIAN_POINT('',(2.5,-0.,7.589460875));
#2537=DIRECTION('',(0.,-0.471400601,0.881919199));
#2538=DIRECTION('',(0.,0.881919199,0.471400601));
#2539=AXIS2_PLACEMENT_3D('',#2536,#2537,#2538);
#2540=ELLIPSE('',#2539,6.236398989,5.5);
#2541=EDGE_CURVE('',#2526,#2535,#2540,.T.);
#2542=ORIENTED_EDGE('',*,*,#2541,.T.);
#2543=CARTESIAN_POINT('',(7.928512438,0.88388443,8.116116524));
#2544=VERTEX_POINT('',#2543);
#2545=CARTESIAN_POINT('',(2.5,-0.,7.390735787));
#2546=DIRECTION('',(0.,-0.634390949,0.77301237));
#2547=DIRECTION('',(0.,0.77301237,0.634390949));
#2548=AXIS2_PLACEMENT_3D('',#2545,#2546,#2547);
#2549=ELLIPSE('',#2548,7.115021977,5.5);
#2550=EDGE_CURVE('',#2535,#2544,#2549,.T.);
#2551=ORIENTED_EDGE('',*,*,#2550,.T.);
#2552=CARTESIAN_POINT('',(7.902458384,1.031233926,8.29565926));
#2553=VERTEX_POINT('',#2552);
#2554=CARTESIAN_POINT('',(2.5,-0.,7.039115921));
#2555=DIRECTION('',(0.000000575,-0.773007002,0.63439749));
#2556=DIRECTION('',(-0.000000472,0.63439749,0.773007002));
#2557=AXIS2_PLACEMENT_3D('',#2554,#2555,#2556);
#2558=ELLIPSE('',#2557,8.669643385,5.5);
#2559=EDGE_CURVE('',#2544,#2553,#2558,.T.);
#2560=ORIENTED_EDGE('',*,*,#2559,.T.);
#2561=CARTESIAN_POINT('',(7.900904586,1.039340973,8.30553627));
#2562=VERTEX_POINT('',#2561);
#2563=CARTESIAN_POINT('',(2.5,-0.,7.039282137));
#2564=DIRECTION('',(0.,-0.772964632,0.634449114));
#2565=DIRECTION('',(0.,0.634449114,0.772964632));
#2566=AXIS2_PLACEMENT_3D('',#2563,#2564,#2565);
#2567=ELLIPSE('',#2566,8.668937952,5.5);
#2568=EDGE_CURVE('',#2553,#2562,#2567,.T.);
#2569=ORIENTED_EDGE('',*,*,#2568,.T.);
#2570=CARTESIAN_POINT('',(7.877389837,1.154850006,8.5216465));
#2571=VERTEX_POINT('',#2570);
#2572=CARTESIAN_POINT('',(2.5,-0.,6.36099384));
#2573=DIRECTION('',(0.,-0.881928544,0.471383117));
#2574=DIRECTION('',(0.,0.471383117,0.881928544));
#2575=AXIS2_PLACEMENT_3D('',#2572,#2573,#2574);
#2576=ELLIPSE('',#2575,11.667791667,5.5);
#2577=EDGE_CURVE('',#2562,#2571,#2576,.T.);
#2578=ORIENTED_EDGE('',*,*,#2577,.T.);
#2579=CARTESIAN_POINT('',(7.861620637,1.225978851,8.756137848));
#2580=VERTEX_POINT('',#2579);
#2581=CARTESIAN_POINT('',(2.5,-0.,4.714438128));
#2582=DIRECTION('',(0.,-0.956944108,0.290272242));
#2583=DIRECTION('',(0.,0.290272242,0.956944108));
#2584=AXIS2_PLACEMENT_3D('',#2581,#2582,#2583);
#2585=ELLIPSE('',#2584,18.947729783,5.5);
#2586=EDGE_CURVE('',#2571,#2580,#2585,.T.);
#2587=ORIENTED_EDGE('',*,*,#2586,.T.);
#2588=CARTESIAN_POINT('',(7.856070431,1.250003815,9.));
#2589=VERTEX_POINT('',#2588);
#2590=CARTESIAN_POINT('',(2.5,-0.,-3.687995215));
#2591=DIRECTION('',(0.,-0.995182084,0.098043968));
#2592=DIRECTION('',(0.,0.098043968,0.995182084));
#2593=AXIS2_PLACEMENT_3D('',#2590,#2591,#2592);
#2594=ELLIPSE('',#2593,56.097280561,5.5);
#2595=EDGE_CURVE('',#2580,#2589,#2594,.T.);
#2596=ORIENTED_EDGE('',*,*,#2595,.T.);
#2597=CARTESIAN_POINT('',(7.861620637,1.225978851,9.243862152));
#2598=VERTEX_POINT('',#2597);
#2599=CARTESIAN_POINT('',(2.5,-0.,21.687995215));
#2600=DIRECTION('',(0.,-0.995182084,-0.098043968));
#2601=DIRECTION('',(0.,-0.098043968,0.995182084));
#2602=AXIS2_PLACEMENT_3D('',#2599,#2600,#2601);
#2603=ELLIPSE('',#2602,56.097280561,5.5);
#2604=EDGE_CURVE('',#2589,#2598,#2603,.T.);
#2605=ORIENTED_EDGE('',*,*,#2604,.T.);
#2606=CARTESIAN_POINT('',(7.877389837,1.154850006,9.478356361));
#2607=VERTEX_POINT('',#2606);
#2608=CARTESIAN_POINT('',(2.5,-0.,13.285611185));
#2609=DIRECTION('',(0.,-0.956945092,-0.290268999));
#2610=DIRECTION('',(0.,-0.290268999,0.956945092));
#2611=AXIS2_PLACEMENT_3D('',#2608,#2609,#2610);
#2612=ELLIPSE('',#2611,18.947941485,5.5);
#2613=EDGE_CURVE('',#2598,#2607,#2612,.T.);
#2614=ORIENTED_EDGE('',*,*,#2613,.T.);
#2615=CARTESIAN_POINT('',(7.900904586,1.039340973,9.694464684));
#2616=VERTEX_POINT('',#2615);
#2617=CARTESIAN_POINT('',(2.5,-0.,11.638989952));
#2618=DIRECTION('',(0.,-0.881926815,-0.471386353));
#2619=DIRECTION('',(0.,-0.471386353,0.881926815));
#2620=AXIS2_PLACEMENT_3D('',#2617,#2618,#2619);
#2621=ELLIPSE('',#2620,11.667711571,5.5);
#2622=EDGE_CURVE('',#2607,#2616,#2621,.T.);
#2623=ORIENTED_EDGE('',*,*,#2622,.T.);
#2624=CARTESIAN_POINT('',(7.90245827,1.031233926,9.704341694));
#2625=VERTEX_POINT('',#2624);
#2626=CARTESIAN_POINT('',(2.5,-0.,10.960718817));
#2627=DIRECTION('',(0.,-0.772964632,-0.634449114));
#2628=DIRECTION('',(0.,-0.634449114,0.772964632));
#2629=AXIS2_PLACEMENT_3D('',#2626,#2627,#2628);
#2630=ELLIPSE('',#2629,8.668937952,5.5);
#2631=EDGE_CURVE('',#2616,#2625,#2630,.T.);
#2632=ORIENTED_EDGE('',*,*,#2631,.T.);
#2633=CARTESIAN_POINT('',(7.928512532,0.88388443,9.88388443));
#2634=VERTEX_POINT('',#2633);
#2635=CARTESIAN_POINT('',(2.5,-0.,10.960874574));
#2636=DIRECTION('',(0.,-0.7730029,-0.634402488));
#2637=DIRECTION('',(0.,-0.634402488,0.7730029));
#2638=AXIS2_PLACEMENT_3D('',#2635,#2636,#2637);
#2639=ELLIPSE('',#2638,8.669575073,5.5);
#2640=EDGE_CURVE('',#2625,#2634,#2639,.T.);
#2641=ORIENTED_EDGE('',*,*,#2640,.T.);
#2642=CARTESIAN_POINT('',(7.95598046,0.694461823,10.039337158));
#2643=VERTEX_POINT('',#2642);
#2644=CARTESIAN_POINT('',(2.5,-0.,10.609258492));
#2645=DIRECTION('',(0.,-0.634387461,-0.773015233));
#2646=DIRECTION('',(0.,-0.773015233,0.634387461));
#2647=AXIS2_PLACEMENT_3D('',#2644,#2645,#2646);
#2648=ELLIPSE('',#2647,7.114995628,5.5);
#2649=EDGE_CURVE('',#2634,#2643,#2648,.T.);
#2650=ORIENTED_EDGE('',*,*,#2649,.T.);
#2651=CARTESIAN_POINT('',(7.979158006,0.478359222,10.15485096));
#2652=VERTEX_POINT('',#2651);
#2653=CARTESIAN_POINT('',(2.5,-0.,10.410549375));
#2654=DIRECTION('',(0.,-0.471411196,-0.881913536));
#2655=DIRECTION('',(0.,-0.881913536,0.471411196));
#2656=AXIS2_PLACEMENT_3D('',#2653,#2654,#2655);
#2657=ELLIPSE('',#2656,6.236439036,5.5);
#2658=EDGE_CURVE('',#2643,#2652,#2657,.T.);
#2659=ORIENTED_EDGE('',*,*,#2658,.T.);
#2660=CARTESIAN_POINT('',(7.99459109,0.243862152,10.225981712));
#2661=VERTEX_POINT('',#2660);
#2662=CARTESIAN_POINT('',(2.5,-0.,10.299953205));
#2663=DIRECTION('',(0.,-0.290272883,-0.956943913));
#2664=DIRECTION('',(0.,-0.956943913,0.290272883));
#2665=AXIS2_PLACEMENT_3D('',#2662,#2663,#2664);
#2666=ELLIPSE('',#2665,5.747463277,5.5);
#2667=EDGE_CURVE('',#2652,#2661,#2666,.T.);
#2668=ORIENTED_EDGE('',*,*,#2667,.T.);
#2669=CARTESIAN_POINT('',(8.,0.000003815,10.25));
#2670=VERTEX_POINT('',#2669);
#2671=CARTESIAN_POINT('',(2.5,-0.,10.250000376));
#2672=DIRECTION('',(0.,-0.098018506,-0.995184592));
#2673=DIRECTION('',(0.,-0.995184592,0.098018506));
#2674=AXIS2_PLACEMENT_3D('',#2671,#2672,#2673);
#2675=ELLIPSE('',#2674,5.526612895,5.5);
#2676=EDGE_CURVE('',#2661,#2670,#2675,.T.);
#2677=ORIENTED_EDGE('',*,*,#2676,.T.);
#2678=CARTESIAN_POINT('',(8.,-0.,24.000007629));
#2679=VERTEX_POINT('',#2678);
#2680=CARTESIAN_POINT('',(8.,-0.,24.000007629));
#2681=DIRECTION('',(-0.,-0.,-1.));
#2682=VECTOR('',#2681,13.750007629);
#2683=LINE('',#2680,#2682);
#2684=EDGE_CURVE('',#2679,#2670,#2683,.T.);
#2685=ORIENTED_EDGE('',*,*,#2684,.F.);
#2686=CARTESIAN_POINT('',(2.5,-0.,24.000007629));
#2687=DIRECTION('',(-0.,-0.,-1.));
#2688=DIRECTION('',(1.,0.,-0.));
#2689=AXIS2_PLACEMENT_3D('',#2686,#2687,#2688);
#2690=CIRCLE('',#2689,5.5);
#2691=EDGE_CURVE('',#2679,#2679,#2690,.T.);
#2692=ORIENTED_EDGE('',*,*,#2691,.F.);
#2693=ORIENTED_EDGE('',*,*,#2684,.T.);
#2694=CARTESIAN_POINT('',(7.99459109,-0.243862152,10.225981712));
#2695=VERTEX_POINT('',#2694);
#2696=CARTESIAN_POINT('',(2.5,-0.,10.249999624));
#2697=DIRECTION('',(0.,0.098015469,-0.995184891));
#2698=DIRECTION('',(0.,0.995184891,0.098015469));
#2699=AXIS2_PLACEMENT_3D('',#2696,#2697,#2698);
#2700=ELLIPSE('',#2699,5.526611234,5.5);
#2701=EDGE_CURVE('',#2670,#2695,#2700,.T.);
#2702=ORIENTED_EDGE('',*,*,#2701,.T.);
#2703=CARTESIAN_POINT('',(7.979158672,-0.478351593,10.15485096));
#2704=VERTEX_POINT('',#2703);
#2705=CARTESIAN_POINT('',(2.5,-0.,10.299955612));
#2706=DIRECTION('',(0.,0.290281532,-0.95694129));
#2707=DIRECTION('',(0.,0.95694129,0.290281532));
#2708=AXIS2_PLACEMENT_3D('',#2705,#2706,#2707);
#2709=ELLIPSE('',#2708,5.747479034,5.5);
#2710=EDGE_CURVE('',#2695,#2704,#2709,.T.);
#2711=ORIENTED_EDGE('',*,*,#2710,.T.);
#2712=CARTESIAN_POINT('',(7.95598046,-0.694461823,10.039337158));
#2713=VERTEX_POINT('',#2712);
#2714=CARTESIAN_POINT('',(2.5,-0.,10.41053627));
#2715=DIRECTION('',(0.,0.471398252,-0.881920455));
#2716=DIRECTION('',(0.,0.881920455,0.471398252));
#2717=AXIS2_PLACEMENT_3D('',#2714,#2715,#2716);
#2718=ELLIPSE('',#2717,6.236390109,5.5);
#2719=EDGE_CURVE('',#2704,#2713,#2718,.T.);
#2720=ORIENTED_EDGE('',*,*,#2719,.T.);
#2721=CARTESIAN_POINT('',(7.928512532,-0.88388443,9.88388443));
#2722=VERTEX_POINT('',#2721);
#2723=CARTESIAN_POINT('',(2.5,-0.,10.609258492));
#2724=DIRECTION('',(0.,0.634387461,-0.773015233));
#2725=DIRECTION('',(0.,0.773015233,0.634387461));
#2726=AXIS2_PLACEMENT_3D('',#2723,#2724,#2725);
#2727=ELLIPSE('',#2726,7.114995628,5.5);
#2728=EDGE_CURVE('',#2713,#2722,#2727,.T.);
#2729=ORIENTED_EDGE('',*,*,#2728,.T.);
#2730=CARTESIAN_POINT('',(7.91578661,-0.958778072,9.79262727));
#2731=VERTEX_POINT('',#2730);
#2732=CARTESIAN_POINT('',(2.5,-0.,10.960888839));
#2733=DIRECTION('',(0.,0.77300702,-0.634397467));
#2734=DIRECTION('',(0.,0.634397467,0.77300702));
#2735=AXIS2_PLACEMENT_3D('',#2732,#2733,#2734);
#2736=ELLIPSE('',#2735,8.669643688,5.5);
#2737=EDGE_CURVE('',#2722,#2731,#2736,.T.);
#2738=ORIENTED_EDGE('',*,*,#2737,.T.);
#2739=CARTESIAN_POINT('',(7.914358527,-0.966810086,9.78283672));
#2740=VERTEX_POINT('',#2739);
#2741=CARTESIAN_POINT('',(2.5,-0.,10.961449334));
#2742=DIRECTION('',(-0.000014565,0.773123122,-0.634255973));
#2743=DIRECTION('',(-0.000011949,0.634255972,0.773123122));
#2744=AXIS2_PLACEMENT_3D('',#2741,#2742,#2743);
#2745=ELLIPSE('',#2744,8.671577783,5.5);
#2746=EDGE_CURVE('',#2731,#2740,#2745,.T.);
#2747=ORIENTED_EDGE('',*,*,#2746,.T.);
#2748=CARTESIAN_POINT('',(7.900906054,-1.039333344,9.694464684));
#2749=VERTEX_POINT('',#2748);
#2750=CARTESIAN_POINT('',(2.5,-0.,10.960927432));
#2751=DIRECTION('',(0.,0.773018168,-0.634383884));
#2752=DIRECTION('',(0.,0.634383884,0.773018168));
#2753=AXIS2_PLACEMENT_3D('',#2750,#2751,#2752);
#2754=ELLIPSE('',#2753,8.669829327,5.5);
#2755=EDGE_CURVE('',#2740,#2749,#2754,.T.);
#2756=ORIENTED_EDGE('',*,*,#2755,.T.);
#2757=CARTESIAN_POINT('',(7.877389837,-1.154850006,9.478356361));
#2758=VERTEX_POINT('',#2757);
#2759=CARTESIAN_POINT('',(2.5,-0.,11.638847251));
#2760=DIRECTION('',(0.,0.881913871,-0.471410569));
#2761=DIRECTION('',(0.,0.471410569,0.881913871));
#2762=AXIS2_PLACEMENT_3D('',#2759,#2760,#2761);
#2763=ELLIPSE('',#2762,11.667112204,5.5);
#2764=EDGE_CURVE('',#2749,#2758,#2763,.T.);
#2765=ORIENTED_EDGE('',*,*,#2764,.T.);
#2766=CARTESIAN_POINT('',(7.861620637,-1.225978851,9.243862152));
#2767=VERTEX_POINT('',#2766);
#2768=CARTESIAN_POINT('',(2.5,-0.,13.285611185));
#2769=DIRECTION('',(0.,0.956945092,-0.290268999));
#2770=DIRECTION('',(0.,0.290268999,0.956945092));
#2771=AXIS2_PLACEMENT_3D('',#2768,#2769,#2770);
#2772=ELLIPSE('',#2771,18.947941485,5.5);
#2773=EDGE_CURVE('',#2758,#2767,#2772,.T.);
#2774=ORIENTED_EDGE('',*,*,#2773,.T.);
#2775=CARTESIAN_POINT('',(7.856072212,-1.249996185,9.));
#2776=VERTEX_POINT('',#2775);
#2777=CARTESIAN_POINT('',(2.5,-0.,21.691948243));
#2778=DIRECTION('',(0.,0.995185121,-0.098013133));
#2779=DIRECTION('',(0.,0.098013133,0.995185121));
#2780=AXIS2_PLACEMENT_3D('',#2777,#2778,#2779);
#2781=ELLIPSE('',#2780,56.114929266,5.5);
#2782=EDGE_CURVE('',#2767,#2776,#2781,.T.);
#2783=ORIENTED_EDGE('',*,*,#2782,.T.);
#2784=CARTESIAN_POINT('',(7.861620637,-1.225978851,8.756137848));
#2785=VERTEX_POINT('',#2784);
#2786=CARTESIAN_POINT('',(2.5,-0.,-3.691948243));
#2787=DIRECTION('',(0.,0.995185121,0.098013133));
#2788=DIRECTION('',(0.,-0.098013133,0.995185121));
#2789=AXIS2_PLACEMENT_3D('',#2786,#2787,#2788);
#2790=ELLIPSE('',#2789,56.114929266,5.5);
#2791=EDGE_CURVE('',#2776,#2785,#2790,.T.);
#2792=ORIENTED_EDGE('',*,*,#2791,.T.);
#2793=CARTESIAN_POINT('',(7.877389837,-1.154850006,8.5216465));
#2794=VERTEX_POINT('',#2793);
#2795=CARTESIAN_POINT('',(2.5,-0.,4.714438128));
#2796=DIRECTION('',(0.,0.956944108,0.290272242));
#2797=DIRECTION('',(0.,-0.290272242,0.956944108));
#2798=AXIS2_PLACEMENT_3D('',#2795,#2796,#2797);
#2799=ELLIPSE('',#2798,18.947729783,5.5);
#2800=EDGE_CURVE('',#2785,#2794,#2799,.T.);
#2801=ORIENTED_EDGE('',*,*,#2800,.T.);
#2802=CARTESIAN_POINT('',(7.900906054,-1.039333344,8.30553627));
#2803=VERTEX_POINT('',#2802);
#2804=CARTESIAN_POINT('',(2.5,-0.,6.361136542));
#2805=DIRECTION('',(0.,0.881915601,0.471407333));
#2806=DIRECTION('',(0.,-0.471407333,0.881915601));
#2807=AXIS2_PLACEMENT_3D('',#2804,#2805,#2806);
#2808=ELLIPSE('',#2807,11.667192293,5.5);
#2809=EDGE_CURVE('',#2794,#2803,#2808,.T.);
#2810=ORIENTED_EDGE('',*,*,#2809,.T.);
#2811=CARTESIAN_POINT('',(7.902459058,-1.031230393,8.295659265));
#2812=VERTEX_POINT('',#2811);
#2813=CARTESIAN_POINT('',(2.5,-0.,7.038651914));
#2814=DIRECTION('',(0.,0.773121701,0.634257704));
#2815=DIRECTION('',(0.,-0.634257704,0.773121701));
#2816=AXIS2_PLACEMENT_3D('',#2813,#2814,#2815);
#2817=ELLIPSE('',#2816,8.671554111,5.5);
#2818=EDGE_CURVE('',#2803,#2812,#2817,.T.);
#2819=ORIENTED_EDGE('',*,*,#2818,.T.);
#2820=CARTESIAN_POINT('',(7.928512532,-0.88388443,8.116116524));
#2821=VERTEX_POINT('',#2820);
#2822=CARTESIAN_POINT('',(2.5,-0.,7.03910182));
#2823=DIRECTION('',(-0.000001555,0.77300707,0.634397407));
#2824=DIRECTION('',(0.000001276,-0.634397407,0.77300707));
#2825=AXIS2_PLACEMENT_3D('',#2822,#2823,#2824);
#2826=ELLIPSE('',#2825,8.66964451,5.5);
#2827=EDGE_CURVE('',#2812,#2821,#2826,.T.);
#2828=ORIENTED_EDGE('',*,*,#2827,.T.);
#2829=CARTESIAN_POINT('',(7.95598046,-0.694461823,7.960662365));
#2830=VERTEX_POINT('',#2829);
#2831=CARTESIAN_POINT('',(2.5,-0.,7.390735787));
#2832=DIRECTION('',(0.,0.634390949,0.77301237));
#2833=DIRECTION('',(0.,-0.77301237,0.634390949));
#2834=AXIS2_PLACEMENT_3D('',#2831,#2832,#2833);
#2835=ELLIPSE('',#2834,7.115021977,5.5);
#2836=EDGE_CURVE('',#2821,#2830,#2835,.T.);
#2837=ORIENTED_EDGE('',*,*,#2836,.T.);
#2838=CARTESIAN_POINT('',(7.979158672,-0.478351593,7.845151901));
#2839=VERTEX_POINT('',#2838);
#2840=CARTESIAN_POINT('',(2.5,-0.,7.58947398));
#2841=DIRECTION('',(0.,0.471387657,0.881926117));
#2842=DIRECTION('',(0.,-0.881926117,0.471387657));
#2843=AXIS2_PLACEMENT_3D('',#2840,#2841,#2842);
#2844=ELLIPSE('',#2843,6.236350065,5.5);
#2845=EDGE_CURVE('',#2830,#2839,#2844,.T.);
#2846=ORIENTED_EDGE('',*,*,#2845,.T.);
#2847=CARTESIAN_POINT('',(7.99459109,-0.243862152,7.774019718));
#2848=VERTEX_POINT('',#2847);
#2849=CARTESIAN_POINT('',(2.5,-0.,7.700044331));
#2850=DIRECTION('',(0.,0.290286878,0.956939668));
#2851=DIRECTION('',(0.,-0.956939668,0.290286878));
#2852=AXIS2_PLACEMENT_3D('',#2849,#2850,#2851);
#2853=ELLIPSE('',#2852,5.747488774,5.5);
#2854=EDGE_CURVE('',#2839,#2848,#2853,.T.);
#2855=ORIENTED_EDGE('',*,*,#2854,.T.);
#2856=CARTESIAN_POINT('',(2.5,-0.,7.750001329));
#2857=DIRECTION('',(0.,0.098017396,0.995184702));
#2858=DIRECTION('',(0.,-0.995184702,0.098017396));
#2859=AXIS2_PLACEMENT_3D('',#2856,#2857,#2858);
#2860=ELLIPSE('',#2859,5.526612288,5.5);
#2861=EDGE_CURVE('',#2848,#2509,#2860,.T.);
#2862=ORIENTED_EDGE('',*,*,#2861,.T.);
#2863=ORIENTED_EDGE('',*,*,#2514,.T.);
#2864=ORIENTED_EDGE('',*,*,#85,.T.);
#2865=ORIENTED_EDGE('',*,*,#92,.T.);
#2866=EDGE_LOOP('',(#2515,#2524,#2533,#2542,#2551,#2560,#2569,#2578,#2587,#2596,#2605,#2614,#2623,#2632,#2641,#2650,#2659,#2668,#2677,#2685,#2692,#2693,#2702,#2711,#2720,#2729,
#2738,#2747,#2756,#2765,#2774,#2783,#2792,#2801,#2810,#2819,#2828,#2837,#2846,#2855,#2862,#2863,#2864,#2865));
#2867=FACE_BOUND('',#2866,.T.);
#2868=CARTESIAN_POINT('',(-2.861620637,1.225978851,8.756137848));
#2869=VERTEX_POINT('',#2868);
#2870=CARTESIAN_POINT('',(-2.877389837,1.154850006,8.5216465));
#2871=VERTEX_POINT('',#2870);
#2872=CARTESIAN_POINT('',(2.5,-0.,4.714438128));
#2873=DIRECTION('',(0.,-0.956944108,0.290272242));
#2874=DIRECTION('',(0.,0.290272242,0.956944108));
#2875=AXIS2_PLACEMENT_3D('',#2872,#2873,#2874);
#2876=ELLIPSE('',#2875,18.947729783,5.5);
#2877=EDGE_CURVE('',#2869,#2871,#2876,.T.);
#2878=ORIENTED_EDGE('',*,*,#2877,.T.);
#2879=CARTESIAN_POINT('',(-2.900904586,1.039340973,8.30553627));
#2880=VERTEX_POINT('',#2879);
#2881=CARTESIAN_POINT('',(2.5,-0.,6.36099384));
#2882=DIRECTION('',(0.,-0.881928544,0.471383117));
#2883=DIRECTION('',(0.,0.471383117,0.881928544));
#2884=AXIS2_PLACEMENT_3D('',#2881,#2882,#2883);
#2885=ELLIPSE('',#2884,11.667791667,5.5);
#2886=EDGE_CURVE('',#2871,#2880,#2885,.T.);
#2887=ORIENTED_EDGE('',*,*,#2886,.T.);
#2888=CARTESIAN_POINT('',(-2.928512532,0.88388443,8.116116524));
#2889=VERTEX_POINT('',#2888);
#2890=CARTESIAN_POINT('',(2.5,-0.,7.03912638));
#2891=DIRECTION('',(0.,-0.7730029,0.634402488));
#2892=DIRECTION('',(0.,0.634402488,0.7730029));
#2893=AXIS2_PLACEMENT_3D('',#2890,#2891,#2892);
#2894=ELLIPSE('',#2893,8.669575073,5.5);
#2895=EDGE_CURVE('',#2880,#2889,#2894,.T.);
#2896=ORIENTED_EDGE('',*,*,#2895,.T.);
#2897=CARTESIAN_POINT('',(-2.95598046,0.694461823,7.960662365));
#2898=VERTEX_POINT('',#2897);
#2899=CARTESIAN_POINT('',(2.5,-0.,7.390735787));
#2900=DIRECTION('',(0.,-0.634390949,0.77301237));
#2901=DIRECTION('',(0.,0.77301237,0.634390949));
#2902=AXIS2_PLACEMENT_3D('',#2899,#2900,#2901);
#2903=ELLIPSE('',#2902,7.115021977,5.5);
#2904=EDGE_CURVE('',#2889,#2898,#2903,.T.);
#2905=ORIENTED_EDGE('',*,*,#2904,.T.);
#2906=CARTESIAN_POINT('',(-2.979158006,0.478359222,7.845151901));
#2907=VERTEX_POINT('',#2906);
#2908=CARTESIAN_POINT('',(2.5,-0.,7.589460875));
#2909=DIRECTION('',(0.,-0.471400601,0.881919199));
#2910=DIRECTION('',(0.,0.881919199,0.471400601));
#2911=AXIS2_PLACEMENT_3D('',#2908,#2909,#2910);
#2912=ELLIPSE('',#2911,6.236398989,5.5);
#2913=EDGE_CURVE('',#2898,#2907,#2912,.T.);
#2914=ORIENTED_EDGE('',*,*,#2913,.T.);
#2915=CARTESIAN_POINT('',(-2.99459109,0.243862152,7.774019718));
#2916=VERTEX_POINT('',#2915);
#2917=CARTESIAN_POINT('',(2.5,-0.,7.700046738));
#2918=DIRECTION('',(0.,-0.290278229,0.956942292));
#2919=DIRECTION('',(0.,0.956942292,0.290278229));
#2920=AXIS2_PLACEMENT_3D('',#2917,#2918,#2919);
#2921=ELLIPSE('',#2920,5.747473016,5.5);
#2922=EDGE_CURVE('',#2907,#2916,#2921,.T.);
#2923=ORIENTED_EDGE('',*,*,#2922,.T.);
#2924=CARTESIAN_POINT('',(-3.,0.000003815,7.750000954));
#2925=VERTEX_POINT('',#2924);
#2926=CARTESIAN_POINT('',(2.5,-0.,7.750000578));
#2927=DIRECTION('',(0.,-0.098020433,0.995184402));
#2928=DIRECTION('',(0.,0.995184402,0.098020433));
#2929=AXIS2_PLACEMENT_3D('',#2926,#2927,#2928);
#2930=ELLIPSE('',#2929,5.526613949,5.5);
#2931=EDGE_CURVE('',#2916,#2925,#2930,.T.);
#2932=ORIENTED_EDGE('',*,*,#2931,.T.);
#2933=CARTESIAN_POINT('',(-2.99459109,-0.243862152,7.774019718));
#2934=VERTEX_POINT('',#2933);
#2935=CARTESIAN_POINT('',(2.5,-0.,7.750001329));
#2936=DIRECTION('',(0.,0.098017396,0.995184702));
#2937=DIRECTION('',(0.,-0.995184702,0.098017396));
#2938=AXIS2_PLACEMENT_3D('',#2935,#2936,#2937);
#2939=ELLIPSE('',#2938,5.526612288,5.5);
#2940=EDGE_CURVE('',#2925,#2934,#2939,.T.);
#2941=ORIENTED_EDGE('',*,*,#2940,.T.);
#2942=CARTESIAN_POINT('',(-2.979158672,-0.478351593,7.845151901));
#2943=VERTEX_POINT('',#2942);
#2944=CARTESIAN_POINT('',(2.5,-0.,7.700044331));
#2945=DIRECTION('',(0.,0.290286878,0.956939668));
#2946=DIRECTION('',(0.,-0.956939668,0.290286878));
#2947=AXIS2_PLACEMENT_3D('',#2944,#2945,#2946);
#2948=ELLIPSE('',#2947,5.747488774,5.5);
#2949=EDGE_CURVE('',#2934,#2943,#2948,.T.);
#2950=ORIENTED_EDGE('',*,*,#2949,.T.);
#2951=CARTESIAN_POINT('',(-2.95598046,-0.694461823,7.960662365));
#2952=VERTEX_POINT('',#2951);
#2953=CARTESIAN_POINT('',(2.5,-0.,7.58947398));
#2954=DIRECTION('',(0.,0.471387657,0.881926117));
#2955=DIRECTION('',(0.,-0.881926117,0.471387657));
#2956=AXIS2_PLACEMENT_3D('',#2953,#2954,#2955);
#2957=ELLIPSE('',#2956,6.236350065,5.5);
#2958=EDGE_CURVE('',#2943,#2952,#2957,.T.);
#2959=ORIENTED_EDGE('',*,*,#2958,.T.);
#2960=CARTESIAN_POINT('',(-2.928512532,-0.88388443,8.116116524));
#2961=VERTEX_POINT('',#2960);
#2962=CARTESIAN_POINT('',(2.5,-0.,7.390735787));
#2963=DIRECTION('',(0.,0.634390949,0.77301237));
#2964=DIRECTION('',(0.,-0.77301237,0.634390949));
#2965=AXIS2_PLACEMENT_3D('',#2962,#2963,#2964);
#2966=ELLIPSE('',#2965,7.115021977,5.5);
#2967=EDGE_CURVE('',#2952,#2961,#2966,.T.);
#2968=ORIENTED_EDGE('',*,*,#2967,.T.);
#2969=CARTESIAN_POINT('',(-2.91578661,-0.958778072,8.207373684));
#2970=VERTEX_POINT('',#2969);
#2971=CARTESIAN_POINT('',(2.5,-0.,7.039112115));
#2972=DIRECTION('',(0.,0.77300702,0.634397467));
#2973=DIRECTION('',(0.,-0.634397467,0.77300702));
#2974=AXIS2_PLACEMENT_3D('',#2971,#2972,#2973);
#2975=ELLIPSE('',#2974,8.669643688,5.5);
#2976=EDGE_CURVE('',#2961,#2970,#2975,.T.);
#2977=ORIENTED_EDGE('',*,*,#2976,.T.);
#2978=CARTESIAN_POINT('',(-2.914358609,-0.966809627,8.217163675));
#2979=VERTEX_POINT('',#2978);
#2980=CARTESIAN_POINT('',(2.5,-0.,7.038551591));
#2981=DIRECTION('',(0.000014565,0.773123128,0.634255965));
#2982=DIRECTION('',(-0.000011949,-0.634255965,0.773123128));
#2983=AXIS2_PLACEMENT_3D('',#2980,#2981,#2982);
#2984=ELLIPSE('',#2983,8.671577883,5.5);
#2985=EDGE_CURVE('',#2970,#2979,#2984,.T.);
#2986=ORIENTED_EDGE('',*,*,#2985,.T.);
#2987=CARTESIAN_POINT('',(-2.900906054,-1.039333344,8.30553627));
#2988=VERTEX_POINT('',#2987);
#2989=CARTESIAN_POINT('',(2.5,-0.,7.039073522));
#2990=DIRECTION('',(0.,0.773018168,0.634383884));
#2991=DIRECTION('',(0.,-0.634383884,0.773018168));
#2992=AXIS2_PLACEMENT_3D('',#2989,#2990,#2991);
#2993=ELLIPSE('',#2992,8.669829327,5.5);
#2994=EDGE_CURVE('',#2979,#2988,#2993,.T.);
#2995=ORIENTED_EDGE('',*,*,#2994,.T.);
#2996=CARTESIAN_POINT('',(-2.877389837,-1.154850006,8.5216465));
#2997=VERTEX_POINT('',#2996);
#2998=CARTESIAN_POINT('',(2.5,-0.,6.361136542));
#2999=DIRECTION('',(0.,0.881915601,0.471407333));
#3000=DIRECTION('',(0.,-0.471407333,0.881915601));
#3001=AXIS2_PLACEMENT_3D('',#2998,#2999,#3000);
#3002=ELLIPSE('',#3001,11.667192293,5.5);
#3003=EDGE_CURVE('',#2988,#2997,#3002,.T.);
#3004=ORIENTED_EDGE('',*,*,#3003,.T.);
#3005=CARTESIAN_POINT('',(-2.861620637,-1.225978851,8.756137848));
#3006=VERTEX_POINT('',#3005);
#3007=CARTESIAN_POINT('',(2.5,-0.,4.714438128));
#3008=DIRECTION('',(0.,0.956944108,0.290272242));
#3009=DIRECTION('',(0.,-0.290272242,0.956944108));
#3010=AXIS2_PLACEMENT_3D('',#3007,#3008,#3009);
#3011=ELLIPSE('',#3010,18.947729783,5.5);
#3012=EDGE_CURVE('',#2997,#3006,#3011,.T.);
#3013=ORIENTED_EDGE('',*,*,#3012,.T.);
#3014=CARTESIAN_POINT('',(-2.856072212,-1.249996185,9.));
#3015=VERTEX_POINT('',#3014);
#3016=CARTESIAN_POINT('',(2.5,-0.,-3.691948243));
#3017=DIRECTION('',(0.,0.995185121,0.098013133));
#3018=DIRECTION('',(0.,-0.098013133,0.995185121));
#3019=AXIS2_PLACEMENT_3D('',#3016,#3017,#3018);
#3020=ELLIPSE('',#3019,56.114929266,5.5);
#3021=EDGE_CURVE('',#3006,#3015,#3020,.T.);
#3022=ORIENTED_EDGE('',*,*,#3021,.T.);
#3023=CARTESIAN_POINT('',(-2.861620637,-1.225978851,9.243862152));
#3024=VERTEX_POINT('',#3023);
#3025=CARTESIAN_POINT('',(2.5,-0.,21.691948243));
#3026=DIRECTION('',(0.,0.995185121,-0.098013133));
#3027=DIRECTION('',(0.,0.098013133,0.995185121));
#3028=AXIS2_PLACEMENT_3D('',#3025,#3026,#3027);
#3029=ELLIPSE('',#3028,56.114929266,5.5);
#3030=EDGE_CURVE('',#3015,#3024,#3029,.T.);
#3031=ORIENTED_EDGE('',*,*,#3030,.T.);
#3032=CARTESIAN_POINT('',(-2.877389837,-1.154850006,9.478356361));
#3033=VERTEX_POINT('',#3032);
#3034=CARTESIAN_POINT('',(2.5,-0.,13.285611185));
#3035=DIRECTION('',(0.,0.956945092,-0.290268999));
#3036=DIRECTION('',(0.,0.290268999,0.956945092));
#3037=AXIS2_PLACEMENT_3D('',#3034,#3035,#3036);
#3038=ELLIPSE('',#3037,18.947941485,5.5);
#3039=EDGE_CURVE('',#3024,#3033,#3038,.T.);
#3040=ORIENTED_EDGE('',*,*,#3039,.T.);
#3041=CARTESIAN_POINT('',(-2.900906054,-1.039333344,9.694464684));
#3042=VERTEX_POINT('',#3041);
#3043=CARTESIAN_POINT('',(2.5,-0.,11.638847251));
#3044=DIRECTION('',(0.,0.881913871,-0.471410569));
#3045=DIRECTION('',(0.,0.471410569,0.881913871));
#3046=AXIS2_PLACEMENT_3D('',#3043,#3044,#3045);
#3047=ELLIPSE('',#3046,11.667112204,5.5);
#3048=EDGE_CURVE('',#3033,#3042,#3047,.T.);
#3049=ORIENTED_EDGE('',*,*,#3048,.T.);
#3050=CARTESIAN_POINT('',(-2.928512532,-0.88388443,9.88388443));
#3051=VERTEX_POINT('',#3050);
#3052=CARTESIAN_POINT('',(2.5,-0.,10.960927432));
#3053=DIRECTION('',(0.,0.773018168,-0.634383884));
#3054=DIRECTION('',(0.,0.634383884,0.773018168));
#3055=AXIS2_PLACEMENT_3D('',#3052,#3053,#3054);
#3056=ELLIPSE('',#3055,8.669829327,5.5);
#3057=EDGE_CURVE('',#3042,#3051,#3056,.T.);
#3058=ORIENTED_EDGE('',*,*,#3057,.T.);
#3059=CARTESIAN_POINT('',(-2.95598046,-0.694461823,10.039337158));
#3060=VERTEX_POINT('',#3059);
#3061=CARTESIAN_POINT('',(2.5,-0.,10.609258492));
#3062=DIRECTION('',(0.,0.634387461,-0.773015233));
#3063=DIRECTION('',(0.,0.773015233,0.634387461));
#3064=AXIS2_PLACEMENT_3D('',#3061,#3062,#3063);
#3065=ELLIPSE('',#3064,7.114995628,5.5);
#3066=EDGE_CURVE('',#3051,#3060,#3065,.T.);
#3067=ORIENTED_EDGE('',*,*,#3066,.T.);
#3068=CARTESIAN_POINT('',(-2.979158672,-0.478351593,10.15485096));
#3069=VERTEX_POINT('',#3068);
#3070=CARTESIAN_POINT('',(2.5,-0.,10.41053627));
#3071=DIRECTION('',(0.,0.471398252,-0.881920455));
#3072=DIRECTION('',(0.,0.881920455,0.471398252));
#3073=AXIS2_PLACEMENT_3D('',#3070,#3071,#3072);
#3074=ELLIPSE('',#3073,6.236390109,5.5);
#3075=EDGE_CURVE('',#3060,#3069,#3074,.T.);
#3076=ORIENTED_EDGE('',*,*,#3075,.T.);
#3077=CARTESIAN_POINT('',(-2.99459109,-0.243862152,10.225981712));
#3078=VERTEX_POINT('',#3077);
#3079=CARTESIAN_POINT('',(2.5,-0.,10.299955612));
#3080=DIRECTION('',(0.,0.290281532,-0.95694129));
#3081=DIRECTION('',(0.,0.95694129,0.290281532));
#3082=AXIS2_PLACEMENT_3D('',#3079,#3080,#3081);
#3083=ELLIPSE('',#3082,5.747479034,5.5);
#3084=EDGE_CURVE('',#3069,#3078,#3083,.T.);
#3085=ORIENTED_EDGE('',*,*,#3084,.T.);
#3086=CARTESIAN_POINT('',(-3.,0.000003815,10.25));
#3087=VERTEX_POINT('',#3086);
#3088=CARTESIAN_POINT('',(2.5,-0.,10.249999624));
#3089=DIRECTION('',(0.,0.098015469,-0.995184891));
#3090=DIRECTION('',(0.,0.995184891,0.098015469));
#3091=AXIS2_PLACEMENT_3D('',#3088,#3089,#3090);
#3092=ELLIPSE('',#3091,5.526611234,5.5);
#3093=EDGE_CURVE('',#3078,#3087,#3092,.T.);
#3094=ORIENTED_EDGE('',*,*,#3093,.T.);
#3095=CARTESIAN_POINT('',(-2.99459109,0.243862152,10.225981712));
#3096=VERTEX_POINT('',#3095);
#3097=CARTESIAN_POINT('',(2.5,-0.,10.250000376));
#3098=DIRECTION('',(0.,-0.098018506,-0.995184592));
#3099=DIRECTION('',(0.,-0.995184592,0.098018506));
#3100=AXIS2_PLACEMENT_3D('',#3097,#3098,#3099);
#3101=ELLIPSE('',#3100,5.526612895,5.5);
#3102=EDGE_CURVE('',#3087,#3096,#3101,.T.);
#3103=ORIENTED_EDGE('',*,*,#3102,.T.);
#3104=CARTESIAN_POINT('',(-2.979158006,0.478359222,10.15485096));
#3105=VERTEX_POINT('',#3104);
#3106=CARTESIAN_POINT('',(2.5,-0.,10.299953205));
#3107=DIRECTION('',(0.,-0.290272883,-0.956943913));
#3108=DIRECTION('',(0.,-0.956943913,0.290272883));
#3109=AXIS2_PLACEMENT_3D('',#3106,#3107,#3108);
#3110=ELLIPSE('',#3109,5.747463277,5.5);
#3111=EDGE_CURVE('',#3096,#3105,#3110,.T.);
#3112=ORIENTED_EDGE('',*,*,#3111,.T.);
#3113=CARTESIAN_POINT('',(-2.95598046,0.694461823,10.039337158));
#3114=VERTEX_POINT('',#3113);
#3115=CARTESIAN_POINT('',(2.5,-0.,10.410549375));
#3116=DIRECTION('',(0.,-0.471411196,-0.881913536));
#3117=DIRECTION('',(0.,-0.881913536,0.471411196));
#3118=AXIS2_PLACEMENT_3D('',#3115,#3116,#3117);
#3119=ELLIPSE('',#3118,6.236439036,5.5);
#3120=EDGE_CURVE('',#3105,#3114,#3119,.T.);
#3121=ORIENTED_EDGE('',*,*,#3120,.T.);
#3122=CARTESIAN_POINT('',(-2.928512532,0.88388443,9.88388443));
#3123=VERTEX_POINT('',#3122);
#3124=CARTESIAN_POINT('',(2.5,-0.,10.609258492));
#3125=DIRECTION('',(0.,-0.634387461,-0.773015233));
#3126=DIRECTION('',(0.,-0.773015233,0.634387461));
#3127=AXIS2_PLACEMENT_3D('',#3124,#3125,#3126);
#3128=ELLIPSE('',#3127,7.114995628,5.5);
#3129=EDGE_CURVE('',#3114,#3123,#3128,.T.);
#3130=ORIENTED_EDGE('',*,*,#3129,.T.);
#3131=CARTESIAN_POINT('',(-2.91578661,0.958778072,9.79262727));
#3132=VERTEX_POINT('',#3131);
#3133=CARTESIAN_POINT('',(2.5,-0.,10.960888839));
#3134=DIRECTION('',(0.,-0.77300702,-0.634397467));
#3135=DIRECTION('',(0.,-0.634397467,0.77300702));
#3136=AXIS2_PLACEMENT_3D('',#3133,#3134,#3135);
#3137=ELLIPSE('',#3136,8.669643688,5.5);
#3138=EDGE_CURVE('',#3123,#3132,#3137,.T.);
#3139=ORIENTED_EDGE('',*,*,#3138,.T.);
#3140=CARTESIAN_POINT('',(-2.914357875,0.966813738,9.782837229));
#3141=VERTEX_POINT('',#3140);
#3142=CARTESIAN_POINT('',(2.5,-0.,10.960681754));
#3143=DIRECTION('',(-0.000005383,-0.772964105,-0.634449756));
#3144=DIRECTION('',(-0.000004418,-0.634449756,0.772964105));
#3145=AXIS2_PLACEMENT_3D('',#3142,#3143,#3144);
#3146=ELLIPSE('',#3145,8.668929176,5.5);
#3147=EDGE_CURVE('',#3132,#3141,#3146,.T.);
#3148=ORIENTED_EDGE('',*,*,#3147,.T.);
#3149=CARTESIAN_POINT('',(-2.900904586,1.039340973,9.694464684));
#3150=VERTEX_POINT('',#3149);
#3151=CARTESIAN_POINT('',(2.5,-0.,10.960874574));
#3152=DIRECTION('',(0.,-0.7730029,-0.634402488));
#3153=DIRECTION('',(0.,-0.634402488,0.7730029));
#3154=AXIS2_PLACEMENT_3D('',#3151,#3152,#3153);
#3155=ELLIPSE('',#3154,8.669575073,5.5);
#3156=EDGE_CURVE('',#3141,#3150,#3155,.T.);
#3157=ORIENTED_EDGE('',*,*,#3156,.T.);
#3158=CARTESIAN_POINT('',(-2.877389837,1.154850006,9.478356361));
#3159=VERTEX_POINT('',#3158);
#3160=CARTESIAN_POINT('',(2.5,-0.,11.638989952));
#3161=DIRECTION('',(0.,-0.881926815,-0.471386353));
#3162=DIRECTION('',(0.,-0.471386353,0.881926815));
#3163=AXIS2_PLACEMENT_3D('',#3160,#3161,#3162);
#3164=ELLIPSE('',#3163,11.667711571,5.5);
#3165=EDGE_CURVE('',#3150,#3159,#3164,.T.);
#3166=ORIENTED_EDGE('',*,*,#3165,.T.);
#3167=CARTESIAN_POINT('',(-2.861620637,1.225978851,9.243862152));
#3168=VERTEX_POINT('',#3167);
#3169=CARTESIAN_POINT('',(2.5,-0.,13.285611185));
#3170=DIRECTION('',(0.,-0.956945092,-0.290268999));
#3171=DIRECTION('',(0.,-0.290268999,0.956945092));
#3172=AXIS2_PLACEMENT_3D('',#3169,#3170,#3171);
#3173=ELLIPSE('',#3172,18.947941485,5.5);
#3174=EDGE_CURVE('',#3159,#3168,#3173,.T.);
#3175=ORIENTED_EDGE('',*,*,#3174,.T.);
#3176=CARTESIAN_POINT('',(-2.856070431,1.250003815,9.));
#3177=VERTEX_POINT('',#3176);
#3178=CARTESIAN_POINT('',(2.5,-0.,21.687995215));
#3179=DIRECTION('',(0.,-0.995182084,-0.098043968));
#3180=DIRECTION('',(0.,-0.098043968,0.995182084));
#3181=AXIS2_PLACEMENT_3D('',#3178,#3179,#3180);
#3182=ELLIPSE('',#3181,56.097280561,5.5);
#3183=EDGE_CURVE('',#3168,#3177,#3182,.T.);
#3184=ORIENTED_EDGE('',*,*,#3183,.T.);
#3185=CARTESIAN_POINT('',(2.5,-0.,-3.687995215));
#3186=DIRECTION('',(0.,-0.995182084,0.098043968));
#3187=DIRECTION('',(0.,0.098043968,0.995182084));
#3188=AXIS2_PLACEMENT_3D('',#3185,#3186,#3187);
#3189=ELLIPSE('',#3188,56.097280561,5.5);
#3190=EDGE_CURVE('',#3177,#2869,#3189,.T.);
#3191=ORIENTED_EDGE('',*,*,#3190,.T.);
#3192=EDGE_LOOP('',(#2878,#2887,#2896,#2905,#2914,#2923,#2932,#2941,#2950,#2959,#2968,#2977,#2986,#2995,#3004,#3013,#3022,#3031,#3040,#3049,#3058,#3067,#3076,#3085,#3094,#3103,
#3112,#3121,#3130,#3139,#3148,#3157,#3166,#3175,#3184,#3191));
#3193=FACE_BOUND('',#3192,.T.);
#3194=ADVANCED_FACE('',(#2867,#3193),#2507,.F.);
#3195=CARTESIAN_POINT('',(7.996288993,1.035548564,9.699085067));
#3196=DIRECTION('',(0.,-0.772964632,-0.634449114));
#3197=DIRECTION('',(0.,0.634449114,-0.772964632));
#3198=AXIS2_PLACEMENT_3D('',#3195,#3196,#3197);
#3199=PLANE('',#3198);
#3200=ORIENTED_EDGE('',*,*,#2631,.F.);
#3201=CARTESIAN_POINT('',(9.387107849,1.039340973,9.694464684));
#3202=DIRECTION('',(-1.,-0.,0.));
#3203=VECTOR('',#3202,1.486203264);
#3204=LINE('',#3201,#3203);
#3205=EDGE_CURVE('',#686,#2616,#3204,.T.);
#3206=ORIENTED_EDGE('',*,*,#3205,.F.);
#3207=CARTESIAN_POINT('',(9.387107849,1.039340973,9.694464684));
#3208=DIRECTION('',(-0.999962964,-0.005460377,0.006652509));
#3209=VECTOR('',#3208,1.484704567);
#3210=LINE('',#3207,#3209);
#3211=EDGE_CURVE('',#686,#2625,#3210,.T.);
#3212=ORIENTED_EDGE('',*,*,#3211,.T.);
#3213=EDGE_LOOP('',(#3200,#3206,#3212));
#3214=FACE_BOUND('',#3213,.T.);
#3215=ADVANCED_FACE('',(#3214),#3199,.T.);
#3216=CARTESIAN_POINT('',(7.935377604,1.069632237,9.63779211));
#3217=DIRECTION('',(0.,-0.881926815,-0.471386353));
#3218=DIRECTION('',(0.,0.471386353,-0.881926815));
#3219=AXIS2_PLACEMENT_3D('',#3216,#3217,#3218);
#3220=PLANE('',#3219);
#3221=ORIENTED_EDGE('',*,*,#2622,.F.);
#3222=CARTESIAN_POINT('',(7.877389837,1.154850006,9.478356361));
#3223=DIRECTION('',(1.,0.,-0.));
#3224=VECTOR('',#3223,1.500623773);
#3225=LINE('',#3222,#3224);
#3226=EDGE_CURVE('',#2607,#676,#3225,.T.);
#3227=ORIENTED_EDGE('',*,*,#3226,.T.);
#3228=ORIENTED_EDGE('',*,*,#697,.T.);
#3229=ORIENTED_EDGE('',*,*,#3205,.T.);
#3230=EDGE_LOOP('',(#3221,#3227,#3228,#3229));
#3231=FACE_BOUND('',#3230,.T.);
#3232=ADVANCED_FACE('',(#3231),#3220,.T.);
#3233=CARTESIAN_POINT('',(9.353705307,1.297448628,6.500258188));
#3234=DIRECTION('',(0.992482583,0.122308652,-0.004349157));
#3235=DIRECTION('',(-0.122309809,0.99249197,-0.));
#3236=AXIS2_PLACEMENT_3D('',#3233,#3234,#3235);
#3237=PLANE('',#3236);
#3238=CARTESIAN_POINT('',(9.372398376,1.225978851,8.756137848));
#3239=VERTEX_POINT('',#3238);
#3240=CARTESIAN_POINT('',(9.370506287,1.250003815,9.));
#3241=DIRECTION('',(0.007721238,-0.098041046,-0.995152418));
#3242=VECTOR('',#3241,0.245050052);
#3243=LINE('',#3240,#3242);
#3244=EDGE_CURVE('',#731,#3239,#3243,.T.);
#3245=ORIENTED_EDGE('',*,*,#3244,.T.);
#3246=CARTESIAN_POINT('',(9.335090637,1.359592438,4.000000954));
#3247=DIRECTION('',(0.007840792,-0.028080938,0.999574901));
#3248=VECTOR('',#3247,4.758159583);
#3249=LINE('',#3246,#3248);
#3250=EDGE_CURVE('',#754,#3239,#3249,.T.);
#3251=ORIENTED_EDGE('',*,*,#3250,.F.);
#3252=ORIENTED_EDGE('',*,*,#766,.T.);
#3253=EDGE_LOOP('',(#3245,#3251,#3252));
#3254=FACE_BOUND('',#3253,.T.);
#3255=ADVANCED_FACE('',(#3254),#3237,.T.);
#3256=CARTESIAN_POINT('',(9.355630073,1.273260098,6.380528141));
#3257=DIRECTION('',(0.995418031,0.09548125,-0.005125842));
#3258=DIRECTION('',(-0.095482504,0.995431108,-0.));
#3259=AXIS2_PLACEMENT_3D('',#3256,#3257,#3258);
#3260=PLANE('',#3259);
#3261=CARTESIAN_POINT('',(9.378013611,1.154850006,8.5216465));
#3262=VERTEX_POINT('',#3261);
#3263=CARTESIAN_POINT('',(9.372398376,1.225978851,8.756137848));
#3264=DIRECTION('',(0.022909396,-0.290196058,-0.956692953));
#3265=VECTOR('',#3264,0.245106173);
#3266=LINE('',#3263,#3265);
#3267=EDGE_CURVE('',#3239,#3262,#3266,.T.);
#3268=ORIENTED_EDGE('',*,*,#3267,.T.);
#3269=CARTESIAN_POINT('',(9.335090637,1.359592438,4.000000954));
#3270=DIRECTION('',(0.009482634,-0.045232131,0.998931496));
#3271=VECTOR('',#3270,4.52648211);
#3272=LINE('',#3269,#3271);
#3273=EDGE_CURVE('',#754,#3262,#3272,.T.);
#3274=ORIENTED_EDGE('',*,*,#3273,.F.);
#3275=ORIENTED_EDGE('',*,*,#3250,.T.);
#3276=EDGE_LOOP('',(#3268,#3274,#3275));
#3277=FACE_BOUND('',#3276,.T.);
#3278=ADVANCED_FACE('',(#3277),#3260,.T.);
#3279=CARTESIAN_POINT('',(9.359413787,1.225466358,6.26757103));
#3280=DIRECTION('',(0.996051975,0.088604933,-0.005443223));
#3281=DIRECTION('',(-0.088606245,0.996066731,0.));
#3282=AXIS2_PLACEMENT_3D('',#3279,#3280,#3281);
#3283=PLANE('',#3282);
#3284=CARTESIAN_POINT('',(9.387107849,1.039340973,8.30553627));
#3285=VERTEX_POINT('',#3284);
#3286=CARTESIAN_POINT('',(9.378013611,1.154850006,8.5216465));
#3287=DIRECTION('',(0.037087326,-0.471058818,-0.881321803));
#3288=VECTOR('',#3287,0.245211487);
#3289=LINE('',#3286,#3288);
#3290=EDGE_CURVE('',#3262,#3285,#3289,.T.);
#3291=ORIENTED_EDGE('',*,*,#3290,.T.);
#3292=CARTESIAN_POINT('',(9.335090637,1.359592438,4.000000954));
#3293=DIRECTION('',(0.012047317,-0.074171041,0.997172763));
#3294=VECTOR('',#3293,4.317742599);
#3295=LINE('',#3292,#3294);
#3296=EDGE_CURVE('',#754,#3285,#3295,.T.);
#3297=ORIENTED_EDGE('',*,*,#3296,.F.);
#3298=ORIENTED_EDGE('',*,*,#3273,.T.);
#3299=EDGE_LOOP('',(#3291,#3297,#3298));
#3300=FACE_BOUND('',#3299,.T.);
#3301=ADVANCED_FACE('',(#3300),#3283,.T.);
#3302=CARTESIAN_POINT('',(9.364920516,1.155770847,6.165685188));
#3303=DIRECTION('',(0.99632618,0.085450965,-0.005681132));
#3304=DIRECTION('',(-0.085452344,0.996342259,0.));
#3305=AXIS2_PLACEMENT_3D('',#3302,#3303,#3304);
#3306=PLANE('',#3305);
#3307=CARTESIAN_POINT('',(9.399360657,0.88388443,8.116116524));
#3308=VERTEX_POINT('',#3307);
#3309=CARTESIAN_POINT('',(9.387107849,1.039340973,8.30553627));
#3310=DIRECTION('',(0.049940081,-0.633610891,-0.772038359));
#3311=VECTOR('',#3310,0.245350175);
#3312=LINE('',#3309,#3311);
#3313=EDGE_CURVE('',#3285,#3308,#3312,.T.);
#3314=ORIENTED_EDGE('',*,*,#3313,.T.);
#3315=CARTESIAN_POINT('',(9.335090637,1.359592438,4.000000954));
#3316=DIRECTION('',(0.015509129,-0.114794069,0.993268236));
#3317=VECTOR('',#3316,4.144012081);
#3318=LINE('',#3315,#3317);
#3319=EDGE_CURVE('',#754,#3308,#3318,.T.);
#3320=ORIENTED_EDGE('',*,*,#3319,.F.);
#3321=ORIENTED_EDGE('',*,*,#3296,.T.);
#3322=EDGE_LOOP('',(#3314,#3320,#3321));
#3323=FACE_BOUND('',#3322,.T.);
#3324=ADVANCED_FACE('',(#3323),#3306,.T.);
#3325=CARTESIAN_POINT('',(9.371947425,1.066769635,6.078750857));
#3326=DIRECTION('',(0.996501176,0.08336849,-0.00592454));
#3327=DIRECTION('',(-0.083369954,0.996518666,-0.));
#3328=AXIS2_PLACEMENT_3D('',#3325,#3326,#3327);
#3329=PLANE('',#3328);
#3330=CARTESIAN_POINT('',(9.414283752,0.694461823,7.960662365));
#3331=VERTEX_POINT('',#3330);
#3332=CARTESIAN_POINT('',(9.399360657,0.88388443,8.116116524));
#3333=DIRECTION('',(0.060786859,-0.771582891,-0.633217814));
#3334=VECTOR('',#3333,0.245498714);
#3335=LINE('',#3332,#3334);
#3336=EDGE_CURVE('',#3308,#3331,#3335,.T.);
#3337=ORIENTED_EDGE('',*,*,#3336,.T.);
#3338=CARTESIAN_POINT('',(9.335090637,1.359592438,4.000000954));
#3339=DIRECTION('',(0.019714969,-0.165582945,0.985998787));
#3340=VECTOR('',#3339,4.016902924);
#3341=LINE('',#3338,#3340);
#3342=EDGE_CURVE('',#754,#3331,#3341,.T.);
#3343=ORIENTED_EDGE('',*,*,#3342,.F.);
#3344=ORIENTED_EDGE('',*,*,#3319,.T.);
#3345=EDGE_LOOP('',(#3337,#3343,#3344));
#3346=FACE_BOUND('',#3345,.T.);
#3347=ADVANCED_FACE('',(#3346),#3329,.T.);
#3348=CARTESIAN_POINT('',(9.380219886,0.961899928,6.010097594));
#3349=DIRECTION('',(0.996626363,0.081839186,-0.006183866));
#3350=DIRECTION('',(-0.08184075,0.996645419,-0.));
#3351=AXIS2_PLACEMENT_3D('',#3348,#3349,#3350);
#3352=PLANE('',#3351);
#3353=CARTESIAN_POINT('',(9.431312561,0.478359222,7.845151901));
#3354=VERTEX_POINT('',#3353);
#3355=CARTESIAN_POINT('',(9.414283752,0.694461823,7.960662365));
#3356=DIRECTION('',(0.069327713,-0.879797248,-0.470266383));
#3357=VECTOR('',#3356,0.245627729);
#3358=LINE('',#3355,#3357);
#3359=EDGE_CURVE('',#3331,#3354,#3358,.T.);
#3360=ORIENTED_EDGE('',*,*,#3359,.T.);
#3361=CARTESIAN_POINT('',(9.335090637,1.359592438,4.000000954));
#3362=DIRECTION('',(0.024384595,-0.223322446,0.97443957));
#3363=VECTOR('',#3362,3.946012728);
#3364=LINE('',#3361,#3363);
#3365=EDGE_CURVE('',#754,#3354,#3364,.T.);
#3366=ORIENTED_EDGE('',*,*,#3365,.F.);
#3367=ORIENTED_EDGE('',*,*,#3342,.T.);
#3368=EDGE_LOOP('',(#3360,#3366,#3367));
#3369=FACE_BOUND('',#3368,.T.);
#3370=ADVANCED_FACE('',(#3369),#3352,.T.);
#3371=CARTESIAN_POINT('',(9.389410256,0.845322935,5.962396229));
#3372=DIRECTION('',(0.996732543,0.080511541,-0.006490793));
#3373=DIRECTION('',(-0.080513237,0.99675354,0.));
#3374=AXIS2_PLACEMENT_3D('',#3371,#3372,#3373);
#3375=PLANE('',#3374);
#3376=CARTESIAN_POINT('',(9.449790955,0.243862152,7.774019718));
#3377=VERTEX_POINT('',#3376);
#3378=CARTESIAN_POINT('',(9.431312561,0.478359222,7.845151901));
#3379=DIRECTION('',(0.075193671,-0.954233139,-0.289456436));
#3380=VECTOR('',#3379,0.245744002);
#3381=LINE('',#3378,#3380);
#3382=EDGE_CURVE('',#3354,#3377,#3381,.T.);
#3383=ORIENTED_EDGE('',*,*,#3382,.T.);
#3384=CARTESIAN_POINT('',(9.335090637,1.359592438,4.000000954));
#3385=DIRECTION('',(0.029132756,-0.283384552,0.958563758));
#3386=VECTOR('',#3385,3.937159873);
#3387=LINE('',#3384,#3386);
#3388=EDGE_CURVE('',#754,#3377,#3387,.T.);
#3389=ORIENTED_EDGE('',*,*,#3388,.F.);
#3390=ORIENTED_EDGE('',*,*,#3365,.T.);
#3391=EDGE_LOOP('',(#3383,#3389,#3390));
#3392=FACE_BOUND('',#3391,.T.);
#3393=ADVANCED_FACE('',(#3392),#3375,.T.);
#3394=CARTESIAN_POINT('',(9.421756879,0.500413526,5.60325739));
#3395=DIRECTION('',(0.995183688,0.098019484,-0.001267767));
#3396=DIRECTION('',(-0.098019563,0.995184488,0.));
#3397=AXIS2_PLACEMENT_3D('',#3394,#3395,#3396);
#3398=PLANE('',#3397);
#3399=CARTESIAN_POINT('',(9.46900177,0.000003815,4.000000954));
#3400=VERTEX_POINT('',#3399);
#3401=CARTESIAN_POINT('',(9.46900177,0.000003815,4.000000954));
#3402=DIRECTION('',(-0.005079622,0.064479732,0.997906089));
#3403=VECTOR('',#3402,3.781937807);
#3404=LINE('',#3401,#3403);
#3405=EDGE_CURVE('',#3400,#3377,#3404,.T.);
#3406=ORIENTED_EDGE('',*,*,#3405,.F.);
#3407=CARTESIAN_POINT('',(9.335090637,1.359592438,4.000000954));
#3408=DIRECTION('',(0.098019563,-0.995184488,-0.));
#3409=VECTOR('',#3408,1.366167419);
#3410=LINE('',#3407,#3409);
#3411=EDGE_CURVE('',#754,#3400,#3410,.T.);
#3412=ORIENTED_EDGE('',*,*,#3411,.F.);
#3413=ORIENTED_EDGE('',*,*,#3388,.T.);
#3414=EDGE_LOOP('',(#3406,#3412,#3413));
#3415=FACE_BOUND('',#3414,.T.);
#3416=ADVANCED_FACE('',(#3415),#3398,.T.);
#3417=CARTESIAN_POINT('',(9.754300047,0.483125437,3.644294754));
#3418=DIRECTION('',(0.728262256,0.071729361,0.681534288));
#3419=DIRECTION('',(-0.683294364,0.,0.730143008));
#3420=AXIS2_PLACEMENT_3D('',#3417,#3418,#3419);
#3421=PLANE('',#3420);
#3422=CARTESIAN_POINT('',(10.404838562,0.000003815,3.000000477));
#3423=VERTEX_POINT('',#3422);
#3424=CARTESIAN_POINT('',(9.335090637,1.359592438,4.000000954));
#3425=DIRECTION('',(0.535353131,-0.680403307,-0.500448165));
#3426=VECTOR('',#3425,1.998209899);
#3427=LINE('',#3424,#3426);
#3428=EDGE_CURVE('',#754,#3423,#3427,.T.);
#3429=ORIENTED_EDGE('',*,*,#3428,.F.);
#3430=ORIENTED_EDGE('',*,*,#3411,.T.);
#3431=CARTESIAN_POINT('',(10.404838562,0.000003815,3.000000477));
#3432=DIRECTION('',(-0.683294364,0.,0.730143008));
#3433=VECTOR('',#3432,1.369595362);
#3434=LINE('',#3431,#3433);
#3435=EDGE_CURVE('',#3423,#3400,#3434,.T.);
#3436=ORIENTED_EDGE('',*,*,#3435,.F.);
#3437=EDGE_LOOP('',(#3429,#3430,#3436));
#3438=FACE_BOUND('',#3437,.T.);
#3439=ADVANCED_FACE('',(#3438),#3421,.T.);
#3440=CARTESIAN_POINT('',(10.029583206,-0.556315933,3.342436325));
#3441=DIRECTION('',(0.728262436,-0.071725927,0.681534457));
#3442=DIRECTION('',(-0.683294364,0.,0.730143008));
#3443=AXIS2_PLACEMENT_3D('',#3440,#3441,#3442);
#3444=PLANE('',#3443);
#3445=CARTESIAN_POINT('',(10.252952576,-1.542156219,3.000000477));
#3446=VERTEX_POINT('',#3445);
#3447=CARTESIAN_POINT('',(10.252952576,-1.542156219,3.000000477));
#3448=DIRECTION('',(-0.392326821,0.771771314,0.500448504));
#3449=VECTOR('',#3448,1.998208545);
#3450=LINE('',#3447,#3449);
#3451=EDGE_CURVE('',#3446,#3400,#3450,.T.);
#3452=ORIENTED_EDGE('',*,*,#3451,.F.);
#3453=CARTESIAN_POINT('',(10.252952576,-1.542156219,3.000000477));
#3454=DIRECTION('',(0.098014891,0.995184948,0.));
#3455=VECTOR('',#3454,1.549621542);
#3456=LINE('',#3453,#3455);
#3457=EDGE_CURVE('',#3446,#3423,#3456,.T.);
#3458=ORIENTED_EDGE('',*,*,#3457,.T.);
#3459=ORIENTED_EDGE('',*,*,#3435,.T.);
#3460=EDGE_LOOP('',(#3452,#3458,#3459));
#3461=FACE_BOUND('',#3460,.T.);
#3462=ADVANCED_FACE('',(#3461),#3444,.T.);
#3463=CARTESIAN_POINT('',(-6.922644185,4.284776164,3.000000477));
#3464=DIRECTION('',(0.,0.,1.));
#3465=DIRECTION('',(1.,0.,0.));
#3466=AXIS2_PLACEMENT_3D('',#3463,#3464,#3465);
#3467=PLANE('',#3466);
#3468=CARTESIAN_POINT('',(-8.208717346,9.448070526,3.000000477));
#3469=VERTEX_POINT('',#3468);
#3470=CARTESIAN_POINT('',(-7.504997253,9.505001068,3.000000477));
#3471=VERTEX_POINT('',#3470);
#3472=CARTESIAN_POINT('',(-8.208717346,9.448070526,3.000000477));
#3473=DIRECTION('',(0.996743618,0.080635973,0.));
#3474=VECTOR('',#3473,0.706019161);
#3475=LINE('',#3472,#3474);
#3476=EDGE_CURVE('',#3469,#3471,#3475,.T.);
#3477=ORIENTED_EDGE('',*,*,#3476,.F.);
#3478=CARTESIAN_POINT('',(-8.895103455,9.283290863,3.000000477));
#3479=VERTEX_POINT('',#3478);
#3480=CARTESIAN_POINT('',(-8.895103455,9.283290863,3.000000477));
#3481=DIRECTION('',(0.972372191,0.233435905,0.));
#3482=VECTOR('',#3481,0.705888254);
#3483=LINE('',#3480,#3482);
#3484=EDGE_CURVE('',#3479,#3469,#3483,.T.);
#3485=ORIENTED_EDGE('',*,*,#3484,.F.);
#3486=CARTESIAN_POINT('',(-9.54724884,9.013156891,3.000000477));
#3487=VERTEX_POINT('',#3486);
#3488=CARTESIAN_POINT('',(-9.54724884,9.013156891,3.000000477));
#3489=DIRECTION('',(0.923876272,0.382691303,-0.));
#3490=VECTOR('',#3489,0.70587957);
#3491=LINE('',#3488,#3490);
#3492=EDGE_CURVE('',#3487,#3479,#3491,.T.);
#3493=ORIENTED_EDGE('',*,*,#3492,.F.);
#3494=CARTESIAN_POINT('',(-10.149131775,8.644329071,3.000000477));
#3495=VERTEX_POINT('',#3494);
#3496=CARTESIAN_POINT('',(-10.149131775,8.644329071,3.000000477));
#3497=DIRECTION('',(0.852644277,0.522491853,-0.));
#3498=VECTOR('',#3497,0.705901571);
#3499=LINE('',#3496,#3498);
#3500=EDGE_CURVE('',#3495,#3487,#3499,.T.);
#3501=ORIENTED_EDGE('',*,*,#3500,.F.);
#3502=CARTESIAN_POINT('',(-10.685890198,8.185894012,3.000000477));
#3503=VERTEX_POINT('',#3502);
#3504=CARTESIAN_POINT('',(-10.685890198,8.185894012,3.000000477));
#3505=DIRECTION('',(0.760405926,0.649448095,-0.));
#3506=VECTOR('',#3505,0.705884061);
#3507=LINE('',#3504,#3506);
#3508=EDGE_CURVE('',#3503,#3495,#3507,.T.);
#3509=ORIENTED_EDGE('',*,*,#3508,.F.);
#3510=CARTESIAN_POINT('',(-11.144325256,7.64912796,3.000000477));
#3511=VERTEX_POINT('',#3510);
#3512=CARTESIAN_POINT('',(-11.144325256,7.64912796,3.000000477));
#3513=DIRECTION('',(0.649442757,0.760410485,-0.));
#3514=VECTOR('',#3513,0.705889862);
#3515=LINE('',#3512,#3514);
#3516=EDGE_CURVE('',#3511,#3503,#3515,.T.);
#3517=ORIENTED_EDGE('',*,*,#3516,.F.);
#3518=CARTESIAN_POINT('',(-11.513160706,7.047252655,3.000000477));
#3519=VERTEX_POINT('',#3518);
#3520=CARTESIAN_POINT('',(-11.513160706,7.047252655,3.000000477));
#3521=DIRECTION('',(0.522504526,0.852636512,0.));
#3522=VECTOR('',#3521,0.705899052);
#3523=LINE('',#3520,#3522);
#3524=EDGE_CURVE('',#3519,#3511,#3523,.T.);
#3525=ORIENTED_EDGE('',*,*,#3524,.F.);
#3526=CARTESIAN_POINT('',(-11.783287048,6.39509964,3.000000477));
#3527=VERTEX_POINT('',#3526);
#3528=CARTESIAN_POINT('',(-11.783287048,6.39509964,3.000000477));
#3529=DIRECTION('',(0.382678256,0.923881677,0.));
#3530=VECTOR('',#3529,0.705883699);
#3531=LINE('',#3528,#3530);
#3532=EDGE_CURVE('',#3527,#3519,#3531,.T.);
#3533=ORIENTED_EDGE('',*,*,#3532,.F.);
#3534=CARTESIAN_POINT('',(-11.948066711,5.708721161,3.000000477));
#3535=VERTEX_POINT('',#3534);
#3536=CARTESIAN_POINT('',(-11.948066711,5.708721161,3.000000477));
#3537=DIRECTION('',(0.233438358,0.972371602,-0.));
#3538=VECTOR('',#3537,0.705880835);
#3539=LINE('',#3536,#3538);
#3540=EDGE_CURVE('',#3535,#3527,#3539,.T.);
#3541=ORIENTED_EDGE('',*,*,#3540,.F.);
#3542=CARTESIAN_POINT('',(-12.004997253,4.985355377,3.000000477));
#3543=VERTEX_POINT('',#3542);
#3544=CARTESIAN_POINT('',(-12.004997253,4.985355377,3.000000477));
#3545=DIRECTION('',(0.078459671,0.996917288,-0.));
#3546=VECTOR('',#3545,0.725602607);
#3547=LINE('',#3544,#3546);
#3548=EDGE_CURVE('',#3543,#3535,#3547,.T.);
#3549=ORIENTED_EDGE('',*,*,#3548,.F.);
#3550=CARTESIAN_POINT('',(-12.004997253,-4.985347748,3.000000477));
#3551=VERTEX_POINT('',#3550);
#3552=CARTESIAN_POINT('',(-12.004997253,-4.985347748,3.000000477));
#3553=DIRECTION('',(0.,1.,0.));
#3554=VECTOR('',#3553,9.970703125);
#3555=LINE('',#3552,#3554);
#3556=EDGE_CURVE('',#3551,#3543,#3555,.T.);
#3557=ORIENTED_EDGE('',*,*,#3556,.F.);
#3558=CARTESIAN_POINT('',(-11.948066711,-5.708713531,3.000000477));
#3559=VERTEX_POINT('',#3558);
#3560=CARTESIAN_POINT('',(-11.948066711,-5.708713531,3.000000477));
#3561=DIRECTION('',(-0.078459671,0.996917288,0.));
#3562=VECTOR('',#3561,0.725602607);
#3563=LINE('',#3560,#3562);
#3564=EDGE_CURVE('',#3559,#3551,#3563,.T.);
#3565=ORIENTED_EDGE('',*,*,#3564,.F.);
#3566=CARTESIAN_POINT('',(-11.783287048,-6.395092011,3.000000477));
#3567=VERTEX_POINT('',#3566);
#3568=CARTESIAN_POINT('',(-11.783287048,-6.395092011,3.000000477));
#3569=DIRECTION('',(-0.233438358,0.972371602,0.));
#3570=VECTOR('',#3569,0.705880835);
#3571=LINE('',#3568,#3570);
#3572=EDGE_CURVE('',#3567,#3559,#3571,.T.);
#3573=ORIENTED_EDGE('',*,*,#3572,.F.);
#3574=CARTESIAN_POINT('',(-11.513160706,-7.047252655,3.000000477));
#3575=VERTEX_POINT('',#3574);
#3576=CARTESIAN_POINT('',(-11.513160706,-7.047252655,3.000000477));
#3577=DIRECTION('',(-0.382674435,0.923883259,-0.));
#3578=VECTOR('',#3577,0.705890747);
#3579=LINE('',#3576,#3578);
#3580=EDGE_CURVE('',#3575,#3567,#3579,.T.);
#3581=ORIENTED_EDGE('',*,*,#3580,.F.);
#3582=CARTESIAN_POINT('',(-11.144325256,-7.649120331,3.000000477));
#3583=VERTEX_POINT('',#3582);
#3584=CARTESIAN_POINT('',(-11.144325256,-7.649120331,3.000000477));
#3585=DIRECTION('',(-0.522509341,0.852633561,-0.));
#3586=VECTOR('',#3585,0.705892547);
#3587=LINE('',#3584,#3586);
#3588=EDGE_CURVE('',#3583,#3575,#3587,.T.);
#3589=ORIENTED_EDGE('',*,*,#3588,.F.);
#3590=CARTESIAN_POINT('',(-10.685890198,-8.185878754,3.000000477));
#3591=VERTEX_POINT('',#3590);
#3592=CARTESIAN_POINT('',(-10.685890198,-8.185878754,3.000000477));
#3593=DIRECTION('',(-0.649448095,0.760405926,0.));
#3594=VECTOR('',#3593,0.705884061);
#3595=LINE('',#3592,#3594);
#3596=EDGE_CURVE('',#3591,#3583,#3595,.T.);
#3597=ORIENTED_EDGE('',*,*,#3596,.F.);
#3598=CARTESIAN_POINT('',(-10.149131775,-8.644321442,3.000000477));
#3599=VERTEX_POINT('',#3598);
#3600=CARTESIAN_POINT('',(-10.149131775,-8.644321442,3.000000477));
#3601=DIRECTION('',(-0.760400588,0.649454344,0.));
#3602=VECTOR('',#3601,0.705889016);
#3603=LINE('',#3600,#3602);
#3604=EDGE_CURVE('',#3599,#3591,#3603,.T.);
#3605=ORIENTED_EDGE('',*,*,#3604,.F.);
#3606=CARTESIAN_POINT('',(-9.54724884,-9.013149261,3.000000477));
#3607=VERTEX_POINT('',#3606);
#3608=CARTESIAN_POINT('',(-9.54724884,-9.013149261,3.000000477));
#3609=DIRECTION('',(-0.852644277,0.522491853,0.));
#3610=VECTOR('',#3609,0.705901571);
#3611=LINE('',#3608,#3610);
#3612=EDGE_CURVE('',#3607,#3599,#3611,.T.);
#3613=ORIENTED_EDGE('',*,*,#3612,.F.);
#3614=CARTESIAN_POINT('',(-8.895103455,-9.283283234,3.000000477));
#3615=VERTEX_POINT('',#3614);
#3616=CARTESIAN_POINT('',(-8.895103455,-9.283283234,3.000000477));
#3617=DIRECTION('',(-0.923876272,0.382691303,-0.));
#3618=VECTOR('',#3617,0.70587957);
#3619=LINE('',#3616,#3618);
#3620=EDGE_CURVE('',#3615,#3607,#3619,.T.);
#3621=ORIENTED_EDGE('',*,*,#3620,.F.);
#3622=CARTESIAN_POINT('',(-8.208717346,-9.448070526,3.000000477));
#3623=VERTEX_POINT('',#3622);
#3624=CARTESIAN_POINT('',(-8.208717346,-9.448070526,3.000000477));
#3625=DIRECTION('',(-0.972369738,0.233446124,-0.));
#3626=VECTOR('',#3625,0.705890035);
#3627=LINE('',#3624,#3626);
#3628=EDGE_CURVE('',#3623,#3615,#3627,.T.);
#3629=ORIENTED_EDGE('',*,*,#3628,.F.);
#3630=CARTESIAN_POINT('',(-7.504997253,-9.504993439,3.000000477));
#3631=VERTEX_POINT('',#3630);
#3632=CARTESIAN_POINT('',(-7.504997253,-9.504993439,3.000000477));
#3633=DIRECTION('',(-0.996744486,0.080625237,0.));
#3634=VECTOR('',#3633,0.706018546);
#3635=LINE('',#3632,#3634);
#3636=EDGE_CURVE('',#3631,#3623,#3635,.T.);
#3637=ORIENTED_EDGE('',*,*,#3636,.F.);
#3638=CARTESIAN_POINT('',(11.485359192,-9.504993439,3.000000477));
#3639=VERTEX_POINT('',#3638);
#3640=CARTESIAN_POINT('',(11.485359192,-9.504993439,3.000000477));
#3641=DIRECTION('',(-1.,0.,0.));
#3642=VECTOR('',#3641,18.990356445);
#3643=LINE('',#3640,#3642);
#3644=EDGE_CURVE('',#3639,#3631,#3643,.T.);
#3645=ORIENTED_EDGE('',*,*,#3644,.F.);
#3646=CARTESIAN_POINT('',(11.582984924,-9.497318268,3.000000477));
#3647=VERTEX_POINT('',#3646);
#3648=CARTESIAN_POINT('',(11.582984924,-9.497318268,3.000000477));
#3649=DIRECTION('',(-0.996923833,-0.078376475,-0.));
#3650=VECTOR('',#3649,0.097926972);
#3651=LINE('',#3648,#3650);
#3652=EDGE_CURVE('',#3647,#3639,#3651,.T.);
#3653=ORIENTED_EDGE('',*,*,#3652,.F.);
#3654=CARTESIAN_POINT('',(11.659034729,-9.479061127,3.000000477));
#3655=VERTEX_POINT('',#3654);
#3656=CARTESIAN_POINT('',(11.659034729,-9.479061127,3.000000477));
#3657=DIRECTION('',(-0.972372247,-0.233435673,0.));
#3658=VECTOR('',#3657,0.078210587);
#3659=LINE('',#3656,#3658);
#3660=EDGE_CURVE('',#3655,#3647,#3659,.T.);
#3661=ORIENTED_EDGE('',*,*,#3660,.F.);
#3662=CARTESIAN_POINT('',(11.731285095,-9.449123383,3.000000477));
#3663=VERTEX_POINT('',#3662);
#3664=CARTESIAN_POINT('',(11.731285095,-9.449123383,3.000000477));
#3665=DIRECTION('',(-0.923831323,-0.3827998,-0.));
#3666=VECTOR('',#3665,0.078207314);
#3667=LINE('',#3664,#3666);
#3668=EDGE_CURVE('',#3663,#3655,#3667,.T.);
#3669=ORIENTED_EDGE('',*,*,#3668,.F.);
#3670=CARTESIAN_POINT('',(11.797981262,-9.408252716,3.000000477));
#3671=VERTEX_POINT('',#3670);
#3672=CARTESIAN_POINT('',(11.797981262,-9.408252716,3.000000477));
#3673=DIRECTION('',(-0.852644705,-0.522491156,-0.));
#3674=VECTOR('',#3673,0.078222695);
#3675=LINE('',#3672,#3674);
#3676=EDGE_CURVE('',#3671,#3663,#3675,.T.);
#3677=ORIENTED_EDGE('',*,*,#3676,.F.);
#3678=CARTESIAN_POINT('',(11.857460022,-9.357456207,3.000000477));
#3679=VERTEX_POINT('',#3678);
#3680=CARTESIAN_POINT('',(11.857460022,-9.357456207,3.000000477));
#3681=DIRECTION('',(-0.760425861,-0.649424754,0.));
#3682=VECTOR('',#3681,0.078217697);
#3683=LINE('',#3680,#3682);
#3684=EDGE_CURVE('',#3679,#3671,#3683,.T.);
#3685=ORIENTED_EDGE('',*,*,#3684,.F.);
#3686=CARTESIAN_POINT('',(11.908256531,-9.297985077,3.000000477));
#3687=VERTEX_POINT('',#3686);
#3688=CARTESIAN_POINT('',(11.908256531,-9.297985077,3.000000477));
#3689=DIRECTION('',(-0.649472925,-0.760384718,0.));
#3690=VECTOR('',#3689,0.078211896);
#3691=LINE('',#3688,#3690);
#3692=EDGE_CURVE('',#3687,#3679,#3691,.T.);
#3693=ORIENTED_EDGE('',*,*,#3692,.F.);
#3694=CARTESIAN_POINT('',(11.949134827,-9.23128891,3.000000477));
#3695=VERTEX_POINT('',#3694);
#3696=CARTESIAN_POINT('',(11.949134827,-9.23128891,3.000000477));
#3697=DIRECTION('',(-0.522562058,-0.852601252,-0.));
#3698=VECTOR('',#3697,0.078226682);
#3699=LINE('',#3696,#3698);
#3700=EDGE_CURVE('',#3695,#3687,#3699,.T.);
#3701=ORIENTED_EDGE('',*,*,#3700,.F.);
#3702=CARTESIAN_POINT('',(11.979057312,-9.159030914,3.000000477));
#3703=VERTEX_POINT('',#3702);
#3704=CARTESIAN_POINT('',(11.979057312,-9.159030914,3.000000477));
#3705=DIRECTION('',(-0.382598779,-0.923914593,0.));
#3706=VECTOR('',#3705,0.078208523);
#3707=LINE('',#3704,#3706);
#3708=EDGE_CURVE('',#3703,#3695,#3707,.T.);
#3709=ORIENTED_EDGE('',*,*,#3708,.F.);
#3710=CARTESIAN_POINT('',(11.997322083,-9.08297348,3.000000477));
#3711=VERTEX_POINT('',#3710);
#3712=CARTESIAN_POINT('',(11.997322083,-9.08297348,3.000000477));
#3713=DIRECTION('',(-0.233505755,-0.97235542,0.));
#3714=VECTOR('',#3713,0.078219787);
#3715=LINE('',#3712,#3714);
#3716=EDGE_CURVE('',#3711,#3703,#3715,.T.);
#3717=ORIENTED_EDGE('',*,*,#3716,.F.);
#3718=CARTESIAN_POINT('',(12.004997253,-8.985355377,3.000000477));
#3719=VERTEX_POINT('',#3718);
#3720=CARTESIAN_POINT('',(12.004997253,-8.985355377,3.000000477));
#3721=DIRECTION('',(-0.078382563,-0.996923354,-0.));
#3722=VECTOR('',#3721,0.097919366);
#3723=LINE('',#3720,#3722);
#3724=EDGE_CURVE('',#3719,#3711,#3723,.T.);
#3725=ORIENTED_EDGE('',*,*,#3724,.F.);
#3726=CARTESIAN_POINT('',(12.004997253,8.985355377,3.000000477));
#3727=VERTEX_POINT('',#3726);
#3728=CARTESIAN_POINT('',(12.004997253,-8.985355377,3.000000477));
#3729=DIRECTION('',(0.,1.,0.));
#3730=VECTOR('',#3729,17.970710754);
#3731=LINE('',#3728,#3730);
#3732=EDGE_CURVE('',#3719,#3727,#3731,.T.);
#3733=ORIENTED_EDGE('',*,*,#3732,.T.);
#3734=CARTESIAN_POINT('',(11.997322083,9.08298111,3.000000477));
#3735=VERTEX_POINT('',#3734);
#3736=CARTESIAN_POINT('',(11.997322083,9.08298111,3.000000477));
#3737=DIRECTION('',(0.078376475,-0.996923833,0.));
#3738=VECTOR('',#3737,0.097926972);
#3739=LINE('',#3736,#3738);
#3740=EDGE_CURVE('',#3735,#3727,#3739,.T.);
#3741=ORIENTED_EDGE('',*,*,#3740,.F.);
#3742=CARTESIAN_POINT('',(11.979057312,9.159038544,3.000000477));
#3743=VERTEX_POINT('',#3742);
#3744=CARTESIAN_POINT('',(11.979057312,9.159038544,3.000000477));
#3745=DIRECTION('',(0.233505755,-0.97235542,-0.));
#3746=VECTOR('',#3745,0.078219787);
#3747=LINE('',#3744,#3746);
#3748=EDGE_CURVE('',#3743,#3735,#3747,.T.);
#3749=ORIENTED_EDGE('',*,*,#3748,.F.);
#3750=CARTESIAN_POINT('',(11.949134827,9.231296539,3.000000477));
#3751=VERTEX_POINT('',#3750);
#3752=CARTESIAN_POINT('',(11.949134827,9.231296539,3.000000477));
#3753=DIRECTION('',(0.382598779,-0.923914593,-0.));
#3754=VECTOR('',#3753,0.078208523);
#3755=LINE('',#3752,#3754);
#3756=EDGE_CURVE('',#3751,#3743,#3755,.T.);
#3757=ORIENTED_EDGE('',*,*,#3756,.F.);
#3758=CARTESIAN_POINT('',(11.908256531,9.297992706,3.000000477));
#3759=VERTEX_POINT('',#3758);
#3760=CARTESIAN_POINT('',(11.908256531,9.297992706,3.000000477));
#3761=DIRECTION('',(0.522562058,-0.852601252,0.));
#3762=VECTOR('',#3761,0.078226682);
#3763=LINE('',#3760,#3762);
#3764=EDGE_CURVE('',#3759,#3751,#3763,.T.);
#3765=ORIENTED_EDGE('',*,*,#3764,.F.);
#3766=CARTESIAN_POINT('',(11.857460022,9.357463837,3.000000477));
#3767=VERTEX_POINT('',#3766);
#3768=CARTESIAN_POINT('',(11.857460022,9.357463837,3.000000477));
#3769=DIRECTION('',(0.649472925,-0.760384718,-0.));
#3770=VECTOR('',#3769,0.078211896);
#3771=LINE('',#3768,#3770);
#3772=EDGE_CURVE('',#3767,#3759,#3771,.T.);
#3773=ORIENTED_EDGE('',*,*,#3772,.F.);
#3774=CARTESIAN_POINT('',(11.797981262,9.408260345,3.000000477));
#3775=VERTEX_POINT('',#3774);
#3776=CARTESIAN_POINT('',(11.797981262,9.408260345,3.000000477));
#3777=DIRECTION('',(0.760425861,-0.649424754,-0.));
#3778=VECTOR('',#3777,0.078217697);
#3779=LINE('',#3776,#3778);
#3780=EDGE_CURVE('',#3775,#3767,#3779,.T.);
#3781=ORIENTED_EDGE('',*,*,#3780,.F.);
#3782=CARTESIAN_POINT('',(11.731285095,9.449131012,3.000000477));
#3783=VERTEX_POINT('',#3782);
#3784=CARTESIAN_POINT('',(11.731285095,9.449131012,3.000000477));
#3785=DIRECTION('',(0.852644705,-0.522491156,0.));
#3786=VECTOR('',#3785,0.078222695);
#3787=LINE('',#3784,#3786);
#3788=EDGE_CURVE('',#3783,#3775,#3787,.T.);
#3789=ORIENTED_EDGE('',*,*,#3788,.F.);
#3790=CARTESIAN_POINT('',(11.659034729,9.479061127,3.000000477));
#3791=VERTEX_POINT('',#3790);
#3792=CARTESIAN_POINT('',(11.659034729,9.479061127,3.000000477));
#3793=DIRECTION('',(0.923865819,-0.382716537,-0.));
#3794=VECTOR('',#3793,0.078204394);
#3795=LINE('',#3792,#3794);
#3796=EDGE_CURVE('',#3791,#3783,#3795,.T.);
#3797=ORIENTED_EDGE('',*,*,#3796,.F.);
#3798=CARTESIAN_POINT('',(11.582984924,9.497318268,3.000000477));
#3799=VERTEX_POINT('',#3798);
#3800=CARTESIAN_POINT('',(11.582984924,9.497318268,3.000000477));
#3801=DIRECTION('',(0.972372247,-0.233435673,-0.));
#3802=VECTOR('',#3801,0.078210587);
#3803=LINE('',#3800,#3802);
#3804=EDGE_CURVE('',#3799,#3791,#3803,.T.);
#3805=ORIENTED_EDGE('',*,*,#3804,.F.);
#3806=CARTESIAN_POINT('',(11.485359192,9.505001068,3.000000477));
#3807=VERTEX_POINT('',#3806);
#3808=CARTESIAN_POINT('',(11.485359192,9.505001068,3.000000477));
#3809=DIRECTION('',(0.996917742,-0.078453905,0.));
#3810=VECTOR('',#3809,0.09792757);
#3811=LINE('',#3808,#3810);
#3812=EDGE_CURVE('',#3807,#3799,#3811,.T.);
#3813=ORIENTED_EDGE('',*,*,#3812,.F.);
#3814=CARTESIAN_POINT('',(-7.504997253,9.505001068,3.000000477));
#3815=DIRECTION('',(1.,-0.,-0.));
#3816=VECTOR('',#3815,18.990356445);
#3817=LINE('',#3814,#3816);
#3818=EDGE_CURVE('',#3471,#3807,#3817,.T.);
#3819=ORIENTED_EDGE('',*,*,#3818,.F.);
#3820=EDGE_LOOP('',(#3477,#3485,#3493,#3501,#3509,#3517,#3525,#3533,#3541,#3549,#3557,#3565,#3573,#3581,#3589,#3597,#3605,#3613,#3621,#3629,#3637,#3645,#3653,#3661,#3669,#3677,
#3685,#3693,#3701,#3709,#3717,#3725,#3733,#3741,#3749,#3757,#3765,#3773,#3781,#3789,#3797,#3805,#3813,#3819));
#3821=FACE_BOUND('',#3820,.T.);
#3822=CARTESIAN_POINT('',(-5.252952576,1.542163849,3.000000477));
#3823=VERTEX_POINT('',#3822);
#3824=CARTESIAN_POINT('',(-5.404838562,0.000003815,3.000000477));
#3825=VERTEX_POINT('',#3824);
#3826=CARTESIAN_POINT('',(-5.252952576,1.542163849,3.000000477));
#3827=DIRECTION('',(-0.098014891,-0.995184948,0.));
#3828=VECTOR('',#3827,1.549621542);
#3829=LINE('',#3826,#3828);
#3830=EDGE_CURVE('',#3823,#3825,#3829,.T.);
#3831=ORIENTED_EDGE('',*,*,#3830,.F.);
#3832=CARTESIAN_POINT('',(-4.803123474,3.025051117,3.000000477));
#3833=VERTEX_POINT('',#3832);
#3834=CARTESIAN_POINT('',(-4.803123474,3.025051117,3.000000477));
#3835=DIRECTION('',(-0.290284776,-0.956940306,0.));
#3836=VECTOR('',#3835,1.549613136);
#3837=LINE('',#3834,#3836);
#3838=EDGE_CURVE('',#3833,#3823,#3837,.T.);
#3839=ORIENTED_EDGE('',*,*,#3838,.F.);
#3840=CARTESIAN_POINT('',(-4.072639465,4.39169693,3.000000477));
#3841=VERTEX_POINT('',#3840);
#3842=CARTESIAN_POINT('',(-4.072639465,4.39169693,3.000000477));
#3843=DIRECTION('',(-0.471395032,-0.881922176,0.));
#3844=VECTOR('',#3843,1.549621781);
#3845=LINE('',#3842,#3844);
#3846=EDGE_CURVE('',#3841,#3833,#3845,.T.);
#3847=ORIENTED_EDGE('',*,*,#3846,.F.);
#3848=CARTESIAN_POINT('',(-3.089561462,5.589565277,3.000000477));
#3849=VERTEX_POINT('',#3848);
#3850=CARTESIAN_POINT('',(-3.089561462,5.589565277,3.000000477));
#3851=DIRECTION('',(-0.634398242,-0.773006385,-0.));
#3852=VECTOR('',#3851,1.549622837);
#3853=LINE('',#3850,#3852);
#3854=EDGE_CURVE('',#3849,#3841,#3853,.T.);
#3855=ORIENTED_EDGE('',*,*,#3854,.F.);
#3856=CARTESIAN_POINT('',(-1.891685486,6.572635651,3.000000477));
#3857=VERTEX_POINT('',#3856);
#3858=CARTESIAN_POINT('',(-1.891685486,6.572635651,3.000000477));
#3859=DIRECTION('',(-0.773010781,-0.634392885,0.));
#3860=VECTOR('',#3859,1.549623895);
#3861=LINE('',#3858,#3860);
#3862=EDGE_CURVE('',#3857,#3849,#3861,.T.);
#3863=ORIENTED_EDGE('',*,*,#3862,.F.);
#3864=CARTESIAN_POINT('',(-0.525047302,7.303119659,3.000000477));
#3865=VERTEX_POINT('',#3864);
#3866=CARTESIAN_POINT('',(-0.525047302,7.303119659,3.000000477));
#3867=DIRECTION('',(-0.881921082,-0.471397079,-0.));
#3868=VECTOR('',#3867,1.549615053);
#3869=LINE('',#3866,#3868);
#3870=EDGE_CURVE('',#3865,#3857,#3869,.T.);
#3871=ORIENTED_EDGE('',*,*,#3870,.F.);
#3872=CARTESIAN_POINT('',(0.957847595,7.75295639,3.000000477));
#3873=VERTEX_POINT('',#3872);
#3874=CARTESIAN_POINT('',(0.957847595,7.75295639,3.000000477));
#3875=DIRECTION('',(-0.956939353,-0.290287917,0.));
#3876=VECTOR('',#3875,1.549622651);
#3877=LINE('',#3874,#3876);
#3878=EDGE_CURVE('',#3873,#3865,#3877,.T.);
#3879=ORIENTED_EDGE('',*,*,#3878,.F.);
#3880=CARTESIAN_POINT('',(2.500007629,7.904842377,3.000000477));
#3881=VERTEX_POINT('',#3880);
#3882=CARTESIAN_POINT('',(2.500007629,7.904842377,3.000000477));
#3883=DIRECTION('',(-0.995184948,-0.098014891,-0.));
#3884=VECTOR('',#3883,1.549621542);
#3885=LINE('',#3882,#3884);
#3886=EDGE_CURVE('',#3881,#3873,#3885,.T.);
#3887=ORIENTED_EDGE('',*,*,#3886,.F.);
#3888=CARTESIAN_POINT('',(4.042152405,7.75295639,3.000000477));
#3889=VERTEX_POINT('',#3888);
#3890=CARTESIAN_POINT('',(4.042152405,7.75295639,3.000000477));
#3891=DIRECTION('',(-0.995184854,0.098015851,0.));
#3892=VECTOR('',#3891,1.549606357);
#3893=LINE('',#3890,#3892);
#3894=EDGE_CURVE('',#3889,#3881,#3893,.T.);
#3895=ORIENTED_EDGE('',*,*,#3894,.F.);
#3896=CARTESIAN_POINT('',(5.525047302,7.303119659,3.000000477));
#3897=VERTEX_POINT('',#3896);
#3898=CARTESIAN_POINT('',(5.525047302,7.303119659,3.000000477));
#3899=DIRECTION('',(-0.956939353,0.290287917,0.));
#3900=VECTOR('',#3899,1.549622651);
#3901=LINE('',#3898,#3900);
#3902=EDGE_CURVE('',#3897,#3889,#3901,.T.);
#3903=ORIENTED_EDGE('',*,*,#3902,.F.);
#3904=CARTESIAN_POINT('',(6.891685486,6.572635651,3.000000477));
#3905=VERTEX_POINT('',#3904);
#3906=CARTESIAN_POINT('',(6.891685486,6.572635651,3.000000477));
#3907=DIRECTION('',(-0.881921082,0.471397079,-0.));
#3908=VECTOR('',#3907,1.549615053);
#3909=LINE('',#3906,#3908);
#3910=EDGE_CURVE('',#3905,#3897,#3909,.T.);
#3911=ORIENTED_EDGE('',*,*,#3910,.F.);
#3912=CARTESIAN_POINT('',(8.089561462,5.589565277,3.000000477));
#3913=VERTEX_POINT('',#3912);
#3914=CARTESIAN_POINT('',(8.089561462,5.589565277,3.000000477));
#3915=DIRECTION('',(-0.773010781,0.634392885,-0.));
#3916=VECTOR('',#3915,1.549623895);
#3917=LINE('',#3914,#3916);
#3918=EDGE_CURVE('',#3913,#3905,#3917,.T.);
#3919=ORIENTED_EDGE('',*,*,#3918,.F.);
#3920=CARTESIAN_POINT('',(9.072639465,4.39169693,3.000000477));
#3921=VERTEX_POINT('',#3920);
#3922=CARTESIAN_POINT('',(9.072639465,4.39169693,3.000000477));
#3923=DIRECTION('',(-0.634398242,0.773006385,0.));
#3924=VECTOR('',#3923,1.549622837);
#3925=LINE('',#3922,#3924);
#3926=EDGE_CURVE('',#3921,#3913,#3925,.T.);
#3927=ORIENTED_EDGE('',*,*,#3926,.F.);
#3928=CARTESIAN_POINT('',(9.803123474,3.025051117,3.000000477));
#3929=VERTEX_POINT('',#3928);
#3930=CARTESIAN_POINT('',(9.803123474,3.025051117,3.000000477));
#3931=DIRECTION('',(-0.471395032,0.881922176,-0.));
#3932=VECTOR('',#3931,1.549621781);
#3933=LINE('',#3930,#3932);
#3934=EDGE_CURVE('',#3929,#3921,#3933,.T.);
#3935=ORIENTED_EDGE('',*,*,#3934,.F.);
#3936=CARTESIAN_POINT('',(10.252952576,1.542163849,3.000000477));
#3937=VERTEX_POINT('',#3936);
#3938=CARTESIAN_POINT('',(10.252952576,1.542163849,3.000000477));
#3939=DIRECTION('',(-0.290284776,0.956940306,-0.));
#3940=VECTOR('',#3939,1.549613136);
#3941=LINE('',#3938,#3940);
#3942=EDGE_CURVE('',#3937,#3929,#3941,.T.);
#3943=ORIENTED_EDGE('',*,*,#3942,.F.);
#3944=CARTESIAN_POINT('',(10.404838562,0.000003815,3.000000477));
#3945=DIRECTION('',(-0.098014891,0.995184948,-0.));
#3946=VECTOR('',#3945,1.549621542);
#3947=LINE('',#3944,#3946);
#3948=EDGE_CURVE('',#3423,#3937,#3947,.T.);
#3949=ORIENTED_EDGE('',*,*,#3948,.F.);
#3950=ORIENTED_EDGE('',*,*,#3457,.F.);
#3951=CARTESIAN_POINT('',(9.803123474,-3.025051117,3.000000477));
#3952=VERTEX_POINT('',#3951);
#3953=CARTESIAN_POINT('',(9.803123474,-3.025051117,3.000000477));
#3954=DIRECTION('',(0.290283408,0.956940721,0.));
#3955=VECTOR('',#3954,1.549620437);
#3956=LINE('',#3953,#3955);
#3957=EDGE_CURVE('',#3952,#3446,#3956,.T.);
#3958=ORIENTED_EDGE('',*,*,#3957,.F.);
#3959=CARTESIAN_POINT('',(9.072639465,-4.391689301,3.000000477));
#3960=VERTEX_POINT('',#3959);
#3961=CARTESIAN_POINT('',(9.072639465,-4.391689301,3.000000477));
#3962=DIRECTION('',(0.471397079,0.881921082,-0.));
#3963=VECTOR('',#3962,1.549615053);
#3964=LINE('',#3961,#3963);
#3965=EDGE_CURVE('',#3960,#3952,#3964,.T.);
#3966=ORIENTED_EDGE('',*,*,#3965,.F.);
#3967=CARTESIAN_POINT('',(8.089561462,-5.589557648,3.000000477));
#3968=VERTEX_POINT('',#3967);
#3969=CARTESIAN_POINT('',(8.089561462,-5.589557648,3.000000477));
#3970=DIRECTION('',(0.634398242,0.773006385,-0.));
#3971=VECTOR('',#3970,1.549622837);
#3972=LINE('',#3969,#3971);
#3973=EDGE_CURVE('',#3968,#3960,#3972,.T.);
#3974=ORIENTED_EDGE('',*,*,#3973,.F.);
#3975=CARTESIAN_POINT('',(6.891685486,-6.572628021,3.000000477));
#3976=VERTEX_POINT('',#3975);
#3977=CARTESIAN_POINT('',(6.891685486,-6.572628021,3.000000477));
#3978=DIRECTION('',(0.773010781,0.634392885,0.));
#3979=VECTOR('',#3978,1.549623895);
#3980=LINE('',#3977,#3979);
#3981=EDGE_CURVE('',#3976,#3968,#3980,.T.);
#3982=ORIENTED_EDGE('',*,*,#3981,.F.);
#3983=CARTESIAN_POINT('',(5.525047302,-7.30311203,3.000000477));
#3984=VERTEX_POINT('',#3983);
#3985=CARTESIAN_POINT('',(5.525047302,-7.30311203,3.000000477));
#3986=DIRECTION('',(0.881921082,0.471397079,-0.));
#3987=VECTOR('',#3986,1.549615053);
#3988=LINE('',#3985,#3987);
#3989=EDGE_CURVE('',#3984,#3976,#3988,.T.);
#3990=ORIENTED_EDGE('',*,*,#3989,.F.);
#3991=CARTESIAN_POINT('',(4.042152405,-7.752941132,3.000000477));
#3992=VERTEX_POINT('',#3991);
#3993=CARTESIAN_POINT('',(4.042152405,-7.752941132,3.000000477));
#3994=DIRECTION('',(0.956940721,0.290283408,0.));
#3995=VECTOR('',#3994,1.549620437);
#3996=LINE('',#3993,#3995);
#3997=EDGE_CURVE('',#3992,#3984,#3996,.T.);
#3998=ORIENTED_EDGE('',*,*,#3997,.F.);
#3999=CARTESIAN_POINT('',(2.500007629,-7.904834747,3.000000477));
#4000=VERTEX_POINT('',#3999);
#4001=CARTESIAN_POINT('',(2.500007629,-7.904834747,3.000000477));
#4002=DIRECTION('',(0.995184373,0.098020727,-0.));
#4003=VECTOR('',#4002,1.549607105);
#4004=LINE('',#4001,#4003);
#4005=EDGE_CURVE('',#4000,#3992,#4004,.T.);
#4006=ORIENTED_EDGE('',*,*,#4005,.F.);
#4007=CARTESIAN_POINT('',(0.957847595,-7.752948761,3.000000477));
#4008=VERTEX_POINT('',#4007);
#4009=CARTESIAN_POINT('',(0.957847595,-7.752948761,3.000000477));
#4010=DIRECTION('',(0.995184948,-0.098014891,0.));
#4011=VECTOR('',#4010,1.549621542);
#4012=LINE('',#4009,#4011);
#4013=EDGE_CURVE('',#4008,#4000,#4012,.T.);
#4014=ORIENTED_EDGE('',*,*,#4013,.F.);
#4015=CARTESIAN_POINT('',(-0.525047302,-7.30311203,3.000000477));
#4016=VERTEX_POINT('',#4015);
#4017=CARTESIAN_POINT('',(-0.525047302,-7.30311203,3.000000477));
#4018=DIRECTION('',(0.956939353,-0.290287917,0.));
#4019=VECTOR('',#4018,1.549622651);
#4020=LINE('',#4017,#4019);
#4021=EDGE_CURVE('',#4016,#4008,#4020,.T.);
#4022=ORIENTED_EDGE('',*,*,#4021,.F.);
#4023=CARTESIAN_POINT('',(-1.891685486,-6.572628021,3.000000477));
#4024=VERTEX_POINT('',#4023);
#4025=CARTESIAN_POINT('',(-1.891685486,-6.572628021,3.000000477));
#4026=DIRECTION('',(0.881921082,-0.471397079,-0.));
#4027=VECTOR('',#4026,1.549615053);
#4028=LINE('',#4025,#4027);
#4029=EDGE_CURVE('',#4024,#4016,#4028,.T.);
#4030=ORIENTED_EDGE('',*,*,#4029,.F.);
#4031=CARTESIAN_POINT('',(-3.089561462,-5.589557648,3.000000477));
#4032=VERTEX_POINT('',#4031);
#4033=CARTESIAN_POINT('',(-3.089561462,-5.589557648,3.000000477));
#4034=DIRECTION('',(0.773010781,-0.634392885,-0.));
#4035=VECTOR('',#4034,1.549623895);
#4036=LINE('',#4033,#4035);
#4037=EDGE_CURVE('',#4032,#4024,#4036,.T.);
#4038=ORIENTED_EDGE('',*,*,#4037,.F.);
#4039=CARTESIAN_POINT('',(-4.072639465,-4.391689301,3.000000477));
#4040=VERTEX_POINT('',#4039);
#4041=CARTESIAN_POINT('',(-4.072639465,-4.391689301,3.000000477));
#4042=DIRECTION('',(0.634398242,-0.773006385,0.));
#4043=VECTOR('',#4042,1.549622837);
#4044=LINE('',#4041,#4043);
#4045=EDGE_CURVE('',#4040,#4032,#4044,.T.);
#4046=ORIENTED_EDGE('',*,*,#4045,.F.);
#4047=CARTESIAN_POINT('',(-4.803123474,-3.025051117,3.000000477));
#4048=VERTEX_POINT('',#4047);
#4049=CARTESIAN_POINT('',(-4.803123474,-3.025051117,3.000000477));
#4050=DIRECTION('',(0.471397079,-0.881921082,0.));
#4051=VECTOR('',#4050,1.549615053);
#4052=LINE('',#4049,#4051);
#4053=EDGE_CURVE('',#4048,#4040,#4052,.T.);
#4054=ORIENTED_EDGE('',*,*,#4053,.F.);
#4055=CARTESIAN_POINT('',(-5.252952576,-1.542156219,3.000000477));
#4056=VERTEX_POINT('',#4055);
#4057=CARTESIAN_POINT('',(-5.252952576,-1.542156219,3.000000477));
#4058=DIRECTION('',(0.290283408,-0.956940721,-0.));
#4059=VECTOR('',#4058,1.549620437);
#4060=LINE('',#4057,#4059);
#4061=EDGE_CURVE('',#4056,#4048,#4060,.T.);
#4062=ORIENTED_EDGE('',*,*,#4061,.F.);
#4063=CARTESIAN_POINT('',(-5.404838562,0.000003815,3.000000477));
#4064=DIRECTION('',(0.098014891,-0.995184948,-0.));
#4065=VECTOR('',#4064,1.549621542);
#4066=LINE('',#4063,#4065);
#4067=EDGE_CURVE('',#3825,#4056,#4066,.T.);
#4068=ORIENTED_EDGE('',*,*,#4067,.F.);
#4069=EDGE_LOOP('',(#3831,#3839,#3847,#3855,#3863,#3871,#3879,#3887,#3895,#3903,#3911,#3919,#3927,#3935,#3943,#3949,#3950,#3958,#3966,#3974,#3982,#3990,#3998,#4006,#4014,#4022,
#4030,#4038,#4046,#4054,#4062,#4068));
#4070=FACE_BOUND('',#4069,.T.);
#4071=ADVANCED_FACE('',(#3821,#4070),#3467,.T.);
#4072=CARTESIAN_POINT('',(-4.99343512,-0.923317923,3.342436513));
#4073=DIRECTION('',(-0.728260107,-0.071725698,0.68153697));
#4074=DIRECTION('',(-0.683296873,-0.,-0.73014066));
#4075=AXIS2_PLACEMENT_3D('',#4072,#4073,#4074);
#4076=PLANE('',#4075);
#4077=ORIENTED_EDGE('',*,*,#4067,.T.);
#4078=CARTESIAN_POINT('',(-5.252952576,-1.542156219,3.000000477));
#4079=DIRECTION('',(0.670167949,0.133302737,0.730140603));
#4080=VECTOR('',#4079,1.369599873);
#4081=LINE('',#4078,#4080);
#4082=EDGE_CURVE('',#4056,#779,#4081,.T.);
#4083=ORIENTED_EDGE('',*,*,#4082,.T.);
#4084=CARTESIAN_POINT('',(-4.335090637,-1.359584808,4.000000954));
#4085=DIRECTION('',(-0.535353131,0.680403307,-0.500448165));
#4086=VECTOR('',#4085,1.998209899);
#4087=LINE('',#4084,#4086);
#4088=EDGE_CURVE('',#779,#3825,#4087,.T.);
#4089=ORIENTED_EDGE('',*,*,#4088,.T.);
#4090=EDGE_LOOP('',(#4077,#4083,#4089));
#4091=FACE_BOUND('',#4090,.T.);
#4092=ADVANCED_FACE('',(#4091),#4076,.T.);
#4093=CARTESIAN_POINT('',(-4.754300047,-0.483117808,3.644294754));
#4094=DIRECTION('',(-0.728262256,-0.071729361,0.681534288));
#4095=DIRECTION('',(-0.683294364,0.,-0.730143008));
#4096=AXIS2_PLACEMENT_3D('',#4093,#4094,#4095);
#4097=PLANE('',#4096);
#4098=ORIENTED_EDGE('',*,*,#4088,.F.);
#4099=CARTESIAN_POINT('',(-4.46900177,0.000003815,4.000000954));
#4100=VERTEX_POINT('',#4099);
#4101=CARTESIAN_POINT('',(-4.335090637,-1.359584808,4.000000954));
#4102=DIRECTION('',(-0.098019563,0.995184488,-0.));
#4103=VECTOR('',#4102,1.366167419);
#4104=LINE('',#4101,#4103);
#4105=EDGE_CURVE('',#779,#4100,#4104,.T.);
#4106=ORIENTED_EDGE('',*,*,#4105,.T.);
#4107=CARTESIAN_POINT('',(-4.46900177,0.000003815,4.000000954));
#4108=DIRECTION('',(-0.683294364,0.,-0.730143008));
#4109=VECTOR('',#4108,1.369595362);
#4110=LINE('',#4107,#4109);
#4111=EDGE_CURVE('',#4100,#3825,#4110,.T.);
#4112=ORIENTED_EDGE('',*,*,#4111,.T.);
#4113=EDGE_LOOP('',(#4098,#4106,#4112));
#4114=FACE_BOUND('',#4113,.T.);
#4115=ADVANCED_FACE('',(#4114),#4097,.T.);
#4116=CARTESIAN_POINT('',(-4.429615753,-0.399879152,5.59373517));
#4117=DIRECTION('',(-0.995184488,-0.098019563,0.));
#4118=DIRECTION('',(0.098019563,-0.995184488,0.));
#4119=AXIS2_PLACEMENT_3D('',#4116,#4117,#4118);
#4120=PLANE('',#4119);
#4121=CARTESIAN_POINT('',(-4.46900177,0.000003815,7.750000954));
#4122=VERTEX_POINT('',#4121);
#4123=CARTESIAN_POINT('',(-4.46900177,0.000003815,7.750000954));
#4124=DIRECTION('',(-0.,-0.,-1.));
#4125=VECTOR('',#4124,3.75);
#4126=LINE('',#4123,#4125);
#4127=EDGE_CURVE('',#4122,#4100,#4126,.T.);
#4128=ORIENTED_EDGE('',*,*,#4127,.T.);
#4129=ORIENTED_EDGE('',*,*,#4105,.F.);
#4130=CARTESIAN_POINT('',(-4.335090637,-1.359584808,4.000000954));
#4131=DIRECTION('',(-0.033552401,0.340654748,0.93958958));
#4132=VECTOR('',#4131,3.991104285);
#4133=LINE('',#4130,#4132);
#4134=EDGE_CURVE('',#779,#4122,#4133,.T.);
#4135=ORIENTED_EDGE('',*,*,#4134,.T.);
#4136=EDGE_LOOP('',(#4128,#4129,#4135));
#4137=FACE_BOUND('',#4136,.T.);
#4138=ADVANCED_FACE('',(#4137),#4120,.T.);
#4139=CARTESIAN_POINT('',(-4.399144162,-0.721746183,5.93752871));
#4140=DIRECTION('',(-0.996834648,-0.079204439,-0.006880481));
#4141=DIRECTION('',(0.079206314,-0.996858245,-0.));
#4142=AXIS2_PLACEMENT_3D('',#4139,#4140,#4141);
#4143=PLANE('',#4142);
#4144=CARTESIAN_POINT('',(-4.449790955,-0.243862152,7.774019718));
#4145=VERTEX_POINT('',#4144);
#4146=CARTESIAN_POINT('',(-4.449790955,-0.243862152,7.774019718));
#4147=DIRECTION('',(-0.078156982,0.992140496,-0.097717567));
#4148=VECTOR('',#4147,0.245797816);
#4149=LINE('',#4146,#4148);
#4150=EDGE_CURVE('',#4145,#4122,#4149,.T.);
#4151=ORIENTED_EDGE('',*,*,#4150,.T.);
#4152=ORIENTED_EDGE('',*,*,#4134,.F.);
#4153=CARTESIAN_POINT('',(-4.335090637,-1.359584808,4.000000954));
#4154=DIRECTION('',(-0.029132772,0.28338277,0.958564285));
#4155=VECTOR('',#4154,3.937157711);
#4156=LINE('',#4153,#4155);
#4157=EDGE_CURVE('',#779,#4145,#4156,.T.);
#4158=ORIENTED_EDGE('',*,*,#4157,.T.);
#4159=EDGE_LOOP('',(#4151,#4152,#4158));
#4160=FACE_BOUND('',#4159,.T.);
#4161=ADVANCED_FACE('',(#4160),#4143,.T.);
#4162=CARTESIAN_POINT('',(-4.389410209,-0.845317714,5.962394595));
#4163=DIRECTION('',(-0.99673235,-0.080513975,-0.00649023));
#4164=DIRECTION('',(0.08051567,-0.996753343,0.));
#4165=AXIS2_PLACEMENT_3D('',#4162,#4163,#4164);
#4166=PLANE('',#4165);
#4167=CARTESIAN_POINT('',(-4.431312561,-0.478351593,7.845151901));
#4168=VERTEX_POINT('',#4167);
#4169=CARTESIAN_POINT('',(-4.431312561,-0.478351593,7.845151901));
#4170=DIRECTION('',(-0.075195898,0.954230362,-0.289465012));
#4171=VECTOR('',#4170,0.245736722);
#4172=LINE('',#4169,#4171);
#4173=EDGE_CURVE('',#4168,#4145,#4172,.T.);
#4174=ORIENTED_EDGE('',*,*,#4173,.T.);
#4175=ORIENTED_EDGE('',*,*,#4157,.F.);
#4176=CARTESIAN_POINT('',(-4.335090637,-1.359584808,4.000000954));
#4177=DIRECTION('',(-0.024384595,0.223322446,0.97443957));
#4178=VECTOR('',#4177,3.946012728);
#4179=LINE('',#4176,#4178);
#4180=EDGE_CURVE('',#779,#4168,#4179,.T.);
#4181=ORIENTED_EDGE('',*,*,#4180,.T.);
#4182=EDGE_LOOP('',(#4174,#4175,#4181));
#4183=FACE_BOUND('',#4182,.T.);
#4184=ADVANCED_FACE('',(#4183),#4166,.T.);
#4185=CARTESIAN_POINT('',(-4.380219921,-0.961893963,6.010099147));
#4186=DIRECTION('',(-0.996626569,-0.081836629,-0.006184457));
#4187=DIRECTION('',(0.081838194,-0.996645629,0.));
#4188=AXIS2_PLACEMENT_3D('',#4185,#4186,#4187);
#4189=PLANE('',#4188);
#4190=CARTESIAN_POINT('',(-4.414283752,-0.694461823,7.960662365));
#4191=VERTEX_POINT('',#4190);
#4192=CARTESIAN_POINT('',(-4.414283752,-0.694461823,7.960662365));
#4193=DIRECTION('',(-0.069325818,0.879804266,-0.470253532));
#4194=VECTOR('',#4193,0.245634441);
#4195=LINE('',#4192,#4194);
#4196=EDGE_CURVE('',#4191,#4168,#4195,.T.);
#4197=ORIENTED_EDGE('',*,*,#4196,.T.);
#4198=ORIENTED_EDGE('',*,*,#4180,.F.);
#4199=CARTESIAN_POINT('',(-4.335090637,-1.359584808,4.000000954));
#4200=DIRECTION('',(-0.019714975,0.165581098,0.985999097));
#4201=VECTOR('',#4200,4.016901661);
#4202=LINE('',#4199,#4201);
#4203=EDGE_CURVE('',#779,#4191,#4202,.T.);
#4204=ORIENTED_EDGE('',*,*,#4203,.T.);
#4205=EDGE_LOOP('',(#4197,#4198,#4204));
#4206=FACE_BOUND('',#4205,.T.);
#4207=ADVANCED_FACE('',(#4206),#4189,.T.);
#4208=CARTESIAN_POINT('',(-4.371947425,-1.066765932,6.078750874));
#4209=DIRECTION('',(-0.996501166,-0.083368605,-0.005924681));
#4210=DIRECTION('',(0.083370069,-0.996518656,0.));
#4211=AXIS2_PLACEMENT_3D('',#4208,#4209,#4210);
#4212=PLANE('',#4211);
#4213=CARTESIAN_POINT('',(-4.399360657,-0.88388443,8.116116524));
#4214=VERTEX_POINT('',#4213);
#4215=CARTESIAN_POINT('',(-4.399360657,-0.88388443,8.116116524));
#4216=DIRECTION('',(-0.060786859,0.771582891,-0.633217814));
#4217=VECTOR('',#4216,0.245498714);
#4218=LINE('',#4215,#4217);
#4219=EDGE_CURVE('',#4214,#4191,#4218,.T.);
#4220=ORIENTED_EDGE('',*,*,#4219,.T.);
#4221=ORIENTED_EDGE('',*,*,#4203,.F.);
#4222=CARTESIAN_POINT('',(-4.335090637,-1.359584808,4.000000954));
#4223=DIRECTION('',(-0.015509133,0.114792252,0.993268446));
#4224=VECTOR('',#4223,4.144011206);
#4225=LINE('',#4222,#4224);
#4226=EDGE_CURVE('',#779,#4214,#4225,.T.);
#4227=ORIENTED_EDGE('',*,*,#4226,.T.);
#4228=EDGE_LOOP('',(#4220,#4221,#4227));
#4229=FACE_BOUND('',#4228,.T.);
#4230=ADVANCED_FACE('',(#4229),#4212,.T.);
#4231=CARTESIAN_POINT('',(-4.3649205,-1.155765252,6.165684063));
#4232=DIRECTION('',(-0.996325854,-0.085454782,-0.005680844));
#4233=DIRECTION('',(0.085456161,-0.996341932,0.));
#4234=AXIS2_PLACEMENT_3D('',#4231,#4232,#4233);
#4235=PLANE('',#4234);
#4236=CARTESIAN_POINT('',(-4.387107849,-1.039333344,8.30553627));
#4237=VERTEX_POINT('',#4236);
#4238=CARTESIAN_POINT('',(-4.387107849,-1.039333344,8.30553627));
#4239=DIRECTION('',(-0.049941065,0.633592278,-0.77205357));
#4240=VECTOR('',#4239,0.245345341);
#4241=LINE('',#4238,#4240);
#4242=EDGE_CURVE('',#4237,#4214,#4241,.T.);
#4243=ORIENTED_EDGE('',*,*,#4242,.T.);
#4244=ORIENTED_EDGE('',*,*,#4226,.F.);
#4245=CARTESIAN_POINT('',(-4.335090637,-1.359584808,4.000000954));
#4246=DIRECTION('',(-0.012047317,0.074171041,0.997172763));
#4247=VECTOR('',#4246,4.317742599);
#4248=LINE('',#4245,#4247);
#4249=EDGE_CURVE('',#779,#4237,#4248,.T.);
#4250=ORIENTED_EDGE('',*,*,#4249,.T.);
#4251=EDGE_LOOP('',(#4243,#4244,#4250));
#4252=FACE_BOUND('',#4251,.T.);
#4253=ADVANCED_FACE('',(#4252),#4235,.T.);
#4254=CARTESIAN_POINT('',(-4.359409792,-1.225460671,6.267572013));
#4255=DIRECTION('',(-0.996042274,-0.088714429,-0.005434961));
#4256=DIRECTION('',(0.08871574,-0.996056985,-0.));
#4257=AXIS2_PLACEMENT_3D('',#4254,#4255,#4256);
#4258=PLANE('',#4257);
#4259=CARTESIAN_POINT('',(-4.377998352,-1.154850006,8.5216465));
#4260=VERTEX_POINT('',#4259);
#4261=CARTESIAN_POINT('',(-4.377998352,-1.154850006,8.5216465));
#4262=DIRECTION('',(-0.037148923,0.471081939,-0.88130685));
#4263=VECTOR('',#4262,0.245215647);
#4264=LINE('',#4261,#4263);
#4265=EDGE_CURVE('',#4260,#4237,#4264,.T.);
#4266=ORIENTED_EDGE('',*,*,#4265,.T.);
#4267=ORIENTED_EDGE('',*,*,#4249,.F.);
#4268=CARTESIAN_POINT('',(-4.335090637,-1.359584808,4.000000954));
#4269=DIRECTION('',(-0.009479264,0.04523045,0.998931604));
#4270=VECTOR('',#4269,4.52648162);
#4271=LINE('',#4268,#4270);
#4272=EDGE_CURVE('',#779,#4260,#4271,.T.);
#4273=ORIENTED_EDGE('',*,*,#4272,.T.);
#4274=EDGE_LOOP('',(#4266,#4267,#4273));
#4275=FACE_BOUND('',#4274,.T.);
#4276=ADVANCED_FACE('',(#4275),#4258,.T.);
#4277=CARTESIAN_POINT('',(-4.355626252,-1.273256384,6.380528064));
#4278=DIRECTION('',(-0.995436515,-0.095288041,-0.005131567));
#4279=DIRECTION('',(0.095289295,-0.995449622,-0.));
#4280=AXIS2_PLACEMENT_3D('',#4277,#4278,#4279);
#4281=PLANE('',#4280);
#4282=CARTESIAN_POINT('',(-4.372398376,-1.225978851,8.756137848));
#4283=VERTEX_POINT('',#4282);
#4284=CARTESIAN_POINT('',(-4.372398376,-1.225978851,8.756137848));
#4285=DIRECTION('',(-0.022847175,0.290196472,-0.956694316));
#4286=VECTOR('',#4285,0.245105824);
#4287=LINE('',#4284,#4286);
#4288=EDGE_CURVE('',#4283,#4260,#4287,.T.);
#4289=ORIENTED_EDGE('',*,*,#4288,.T.);
#4290=ORIENTED_EDGE('',*,*,#4272,.F.);
#4291=CARTESIAN_POINT('',(-4.335090637,-1.359584808,4.000000954));
#4292=DIRECTION('',(-0.007840792,0.028079336,0.999574946));
#4293=VECTOR('',#4292,4.758159368);
#4294=LINE('',#4291,#4293);
#4295=EDGE_CURVE('',#779,#4283,#4294,.T.);
#4296=ORIENTED_EDGE('',*,*,#4295,.T.);
#4297=EDGE_LOOP('',(#4289,#4290,#4296));
#4298=FACE_BOUND('',#4297,.T.);
#4299=ADVANCED_FACE('',(#4298),#4281,.T.);
#4300=CARTESIAN_POINT('',(-4.353705306,-1.297442911,6.500258013));
#4301=DIRECTION('',(-0.992478728,-0.122339957,-0.004348443));
#4302=DIRECTION('',(0.122341114,-0.992488112,-0.));
#4303=AXIS2_PLACEMENT_3D('',#4300,#4301,#4302);
#4304=PLANE('',#4303);
#4305=CARTESIAN_POINT('',(-4.370506287,-1.249996185,9.));
#4306=DIRECTION('',(-0.007721262,0.098010211,-0.995155456));
#4307=VECTOR('',#4306,0.245049304);
#4308=LINE('',#4305,#4307);
#4309=EDGE_CURVE('',#787,#4283,#4308,.T.);
#4310=ORIENTED_EDGE('',*,*,#4309,.T.);
#4311=ORIENTED_EDGE('',*,*,#4295,.F.);
#4312=ORIENTED_EDGE('',*,*,#798,.T.);
#4313=EDGE_LOOP('',(#4310,#4311,#4312));
#4314=FACE_BOUND('',#4313,.T.);
#4315=ADVANCED_FACE('',(#4314),#4304,.T.);
#4316=CARTESIAN_POINT('',(-3.026573755,-1.243728326,9.063641275));
#4317=DIRECTION('',(0.,0.995185121,-0.098013133));
#4318=DIRECTION('',(0.,0.098013133,0.995185121));
#4319=AXIS2_PLACEMENT_3D('',#4316,#4317,#4318);
#4320=PLANE('',#4319);
#4321=ORIENTED_EDGE('',*,*,#3030,.F.);
#4322=CARTESIAN_POINT('',(-4.370506287,-1.249996185,9.));
#4323=DIRECTION('',(1.,0.,-0.));
#4324=VECTOR('',#4323,1.514434075);
#4325=LINE('',#4322,#4324);
#4326=EDGE_CURVE('',#787,#3015,#4325,.T.);
#4327=ORIENTED_EDGE('',*,*,#4326,.F.);
#4328=ORIENTED_EDGE('',*,*,#821,.F.);
#4329=CARTESIAN_POINT('',(-4.372398376,-1.225978851,9.243862152));
#4330=DIRECTION('',(1.,0.,-0.));
#4331=VECTOR('',#4330,1.510777739);
#4332=LINE('',#4329,#4331);
#4333=EDGE_CURVE('',#810,#3024,#4332,.T.);
#4334=ORIENTED_EDGE('',*,*,#4333,.T.);
#4335=EDGE_LOOP('',(#4321,#4327,#4328,#4334));
#4336=FACE_BOUND('',#4335,.T.);
#4337=ADVANCED_FACE('',(#4336),#4320,.T.);
#4338=CARTESIAN_POINT('',(7.996288993,1.035548564,8.300915887));
#4339=DIRECTION('',(0.,-0.772964632,0.634449114));
#4340=DIRECTION('',(0.,-0.634449114,-0.772964632));
#4341=AXIS2_PLACEMENT_3D('',#4338,#4339,#4340);
#4342=PLANE('',#4341);
#4343=ORIENTED_EDGE('',*,*,#2568,.F.);
#4344=CARTESIAN_POINT('',(7.902458384,1.031233926,8.29565926));
#4345=DIRECTION('',(0.999962964,0.005460377,0.006652509));
#4346=VECTOR('',#4345,1.484704454);
#4347=LINE('',#4344,#4346);
#4348=EDGE_CURVE('',#2553,#3285,#4347,.T.);
#4349=ORIENTED_EDGE('',*,*,#4348,.T.);
#4350=CARTESIAN_POINT('',(7.900904586,1.039340973,8.30553627));
#4351=DIRECTION('',(1.,0.,-0.));
#4352=VECTOR('',#4351,1.486203264);
#4353=LINE('',#4350,#4352);
#4354=EDGE_CURVE('',#2562,#3285,#4353,.T.);
#4355=ORIENTED_EDGE('',*,*,#4354,.F.);
#4356=EDGE_LOOP('',(#4343,#4349,#4355));
#4357=FACE_BOUND('',#4356,.T.);
#4358=ADVANCED_FACE('',(#4357),#4342,.T.);
#4359=CARTESIAN_POINT('',(7.952831283,0.99505953,8.251581074));
#4360=DIRECTION('',(0.000000575,-0.773007002,0.63439749));
#4361=DIRECTION('',(-0.,-0.63439749,-0.773007002));
#4362=AXIS2_PLACEMENT_3D('',#4359,#4360,#4361);
#4363=PLANE('',#4362);
#4364=ORIENTED_EDGE('',*,*,#2559,.F.);
#4365=CARTESIAN_POINT('',(7.928512438,0.88388443,8.116116524));
#4366=DIRECTION('',(1.,0.,-0.));
#4367=VECTOR('',#4366,1.470848218);
#4368=LINE('',#4365,#4367);
#4369=EDGE_CURVE('',#2544,#3308,#4368,.T.);
#4370=ORIENTED_EDGE('',*,*,#4369,.T.);
#4371=ORIENTED_EDGE('',*,*,#3313,.F.);
#4372=ORIENTED_EDGE('',*,*,#4348,.F.);
#4373=EDGE_LOOP('',(#4364,#4370,#4371,#4372));
#4374=FACE_BOUND('',#4373,.T.);
#4375=ADVANCED_FACE('',(#4374),#4363,.T.);
#4376=CARTESIAN_POINT('',(8.011371579,0.180390826,7.767768126));
#4377=DIRECTION('',(0.,-0.098020433,0.995184402));
#4378=DIRECTION('',(0.,0.995184402,0.098020433));
#4379=AXIS2_PLACEMENT_3D('',#4376,#4377,#4378);
#4380=PLANE('',#4379);
#4381=ORIENTED_EDGE('',*,*,#2523,.F.);
#4382=CARTESIAN_POINT('',(9.46900177,0.000003815,7.750000954));
#4383=VERTEX_POINT('',#4382);
#4384=CARTESIAN_POINT('',(8.,0.000003815,7.750000954));
#4385=DIRECTION('',(1.,-0.,-0.));
#4386=VECTOR('',#4385,1.46900177);
#4387=LINE('',#4384,#4386);
#4388=EDGE_CURVE('',#2509,#4383,#4387,.T.);
#4389=ORIENTED_EDGE('',*,*,#4388,.T.);
#4390=CARTESIAN_POINT('',(9.449790955,0.243862152,7.774019718));
#4391=DIRECTION('',(0.078159389,-0.99214001,-0.097720576));
#4392=VECTOR('',#4391,0.245790246);
#4393=LINE('',#4390,#4392);
#4394=EDGE_CURVE('',#3377,#4383,#4393,.T.);
#4395=ORIENTED_EDGE('',*,*,#4394,.F.);
#4396=CARTESIAN_POINT('',(7.99459109,0.243862152,7.774019718));
#4397=DIRECTION('',(1.,-0.,-0.));
#4398=VECTOR('',#4397,1.455199864);
#4399=LINE('',#4396,#4398);
#4400=EDGE_CURVE('',#2517,#3377,#4399,.T.);
#4401=ORIENTED_EDGE('',*,*,#4400,.F.);
#4402=EDGE_LOOP('',(#4381,#4389,#4395,#4401));
#4403=FACE_BOUND('',#4402,.T.);
#4404=ADVANCED_FACE('',(#4403),#4380,.T.);
#4405=CARTESIAN_POINT('',(8.128857665,-0.180003916,7.767730214));
#4406=DIRECTION('',(0.,0.098017396,0.995184702));
#4407=DIRECTION('',(0.,0.995184702,-0.098017396));
#4408=AXIS2_PLACEMENT_3D('',#4405,#4406,#4407);
#4409=PLANE('',#4408);
#4410=ORIENTED_EDGE('',*,*,#2861,.F.);
#4411=CARTESIAN_POINT('',(9.449790955,-0.243862152,7.774019718));
#4412=VERTEX_POINT('',#4411);
#4413=CARTESIAN_POINT('',(7.99459109,-0.243862152,7.774019718));
#4414=DIRECTION('',(1.,-0.,-0.));
#4415=VECTOR('',#4414,1.455199864);
#4416=LINE('',#4413,#4415);
#4417=EDGE_CURVE('',#2848,#4412,#4416,.T.);
#4418=ORIENTED_EDGE('',*,*,#4417,.T.);
#4419=CARTESIAN_POINT('',(9.46900177,0.000003815,7.750000954));
#4420=DIRECTION('',(-0.078156982,-0.992140496,0.097717567));
#4421=VECTOR('',#4420,0.245797816);
#4422=LINE('',#4419,#4421);
#4423=EDGE_CURVE('',#4383,#4412,#4422,.T.);
#4424=ORIENTED_EDGE('',*,*,#4423,.F.);
#4425=ORIENTED_EDGE('',*,*,#4388,.F.);
#4426=EDGE_LOOP('',(#4410,#4418,#4424,#4425));
#4427=FACE_BOUND('',#4426,.T.);
#4428=ADVANCED_FACE('',(#4427),#4409,.T.);
#4429=CARTESIAN_POINT('',(8.092762075,-0.637892344,7.930426098));
#4430=DIRECTION('',(0.,0.471387657,0.881926117));
#4431=DIRECTION('',(0.,0.881926117,-0.471387657));
#4432=AXIS2_PLACEMENT_3D('',#4429,#4430,#4431);
#4433=PLANE('',#4432);
#4434=ORIENTED_EDGE('',*,*,#2845,.F.);
#4435=CARTESIAN_POINT('',(9.414283752,-0.694461823,7.960662365));
#4436=VERTEX_POINT('',#4435);
#4437=CARTESIAN_POINT('',(7.95598046,-0.694461823,7.960662365));
#4438=DIRECTION('',(1.,-0.,-0.));
#4439=VECTOR('',#4438,1.458303293);
#4440=LINE('',#4437,#4439);
#4441=EDGE_CURVE('',#2830,#4436,#4440,.T.);
#4442=ORIENTED_EDGE('',*,*,#4441,.T.);
#4443=CARTESIAN_POINT('',(9.431312561,-0.478351593,7.845151901));
#4444=VERTEX_POINT('',#4443);
#4445=CARTESIAN_POINT('',(9.431312561,-0.478351593,7.845151901));
#4446=DIRECTION('',(-0.069325818,-0.879804266,0.470253532));
#4447=VECTOR('',#4446,0.245634441);
#4448=LINE('',#4445,#4447);
#4449=EDGE_CURVE('',#4444,#4436,#4448,.T.);
#4450=ORIENTED_EDGE('',*,*,#4449,.F.);
#4451=CARTESIAN_POINT('',(7.979158672,-0.478351593,7.845151901));
#4452=DIRECTION('',(1.,-0.,-0.));
#4453=VECTOR('',#4452,1.452153889);
#4454=LINE('',#4451,#4453);
#4455=EDGE_CURVE('',#2839,#4444,#4454,.T.);
#4456=ORIENTED_EDGE('',*,*,#4455,.F.);
#4457=EDGE_LOOP('',(#4434,#4442,#4450,#4456));
#4458=FACE_BOUND('',#4457,.T.);
#4459=ADVANCED_FACE('',(#4458),#4433,.T.);
#4460=CARTESIAN_POINT('',(9.380219921,-0.961893963,6.010099147));
#4461=DIRECTION('',(0.996626569,-0.081836629,-0.006184457));
#4462=DIRECTION('',(0.081838194,0.996645629,-0.));
#4463=AXIS2_PLACEMENT_3D('',#4460,#4461,#4462);
#4464=PLANE('',#4463);
#4465=CARTESIAN_POINT('',(9.431312561,-0.478351593,7.845151901));
#4466=DIRECTION('',(-0.024384595,-0.223322446,-0.97443957));
#4467=VECTOR('',#4466,3.946012728);
#4468=LINE('',#4465,#4467);
#4469=EDGE_CURVE('',#4444,#842,#4468,.T.);
#4470=ORIENTED_EDGE('',*,*,#4469,.F.);
#4471=ORIENTED_EDGE('',*,*,#4449,.T.);
#4472=CARTESIAN_POINT('',(9.414283752,-0.694461823,7.960662365));
#4473=DIRECTION('',(-0.019714975,-0.165581098,-0.985999097));
#4474=VECTOR('',#4473,4.016901661);
#4475=LINE('',#4472,#4474);
#4476=EDGE_CURVE('',#4436,#842,#4475,.T.);
#4477=ORIENTED_EDGE('',*,*,#4476,.T.);
#4478=EDGE_LOOP('',(#4470,#4471,#4477));
#4479=FACE_BOUND('',#4478,.T.);
#4480=ADVANCED_FACE('',(#4479),#4464,.T.);
#4481=CARTESIAN_POINT('',(9.371947425,-1.066765932,6.078750874));
#4482=DIRECTION('',(0.996501166,-0.083368605,-0.005924681));
#4483=DIRECTION('',(0.083370069,0.996518656,-0.));
#4484=AXIS2_PLACEMENT_3D('',#4481,#4482,#4483);
#4485=PLANE('',#4484);
#4486=ORIENTED_EDGE('',*,*,#4476,.F.);
#4487=CARTESIAN_POINT('',(9.399360657,-0.88388443,8.116116524));
#4488=VERTEX_POINT('',#4487);
#4489=CARTESIAN_POINT('',(9.414283752,-0.694461823,7.960662365));
#4490=DIRECTION('',(-0.060786859,-0.771582891,0.633217814));
#4491=VECTOR('',#4490,0.245498714);
#4492=LINE('',#4489,#4491);
#4493=EDGE_CURVE('',#4436,#4488,#4492,.T.);
#4494=ORIENTED_EDGE('',*,*,#4493,.T.);
#4495=CARTESIAN_POINT('',(9.399360657,-0.88388443,8.116116524));
#4496=DIRECTION('',(-0.015509133,-0.114792252,-0.993268446));
#4497=VECTOR('',#4496,4.144011206);
#4498=LINE('',#4495,#4497);
#4499=EDGE_CURVE('',#4488,#842,#4498,.T.);
#4500=ORIENTED_EDGE('',*,*,#4499,.T.);
#4501=EDGE_LOOP('',(#4486,#4494,#4500));
#4502=FACE_BOUND('',#4501,.T.);
#4503=ADVANCED_FACE('',(#4502),#4485,.T.);
#4504=CARTESIAN_POINT('',(9.3649205,-1.155765252,6.165684063));
#4505=DIRECTION('',(0.996325854,-0.085454782,-0.005680844));
#4506=DIRECTION('',(0.085456161,0.996341932,-0.));
#4507=AXIS2_PLACEMENT_3D('',#4504,#4505,#4506);
#4508=PLANE('',#4507);
#4509=ORIENTED_EDGE('',*,*,#4499,.F.);
#4510=CARTESIAN_POINT('',(9.387107849,-1.039333344,8.30553627));
#4511=VERTEX_POINT('',#4510);
#4512=CARTESIAN_POINT('',(9.399360657,-0.88388443,8.116116524));
#4513=DIRECTION('',(-0.049941065,-0.633592278,0.77205357));
#4514=VECTOR('',#4513,0.245345341);
#4515=LINE('',#4512,#4514);
#4516=EDGE_CURVE('',#4488,#4511,#4515,.T.);
#4517=ORIENTED_EDGE('',*,*,#4516,.T.);
#4518=CARTESIAN_POINT('',(9.387107849,-1.039333344,8.30553627));
#4519=DIRECTION('',(-0.012047317,-0.074171041,-0.997172763));
#4520=VECTOR('',#4519,4.317742599);
#4521=LINE('',#4518,#4520);
#4522=EDGE_CURVE('',#4511,#842,#4521,.T.);
#4523=ORIENTED_EDGE('',*,*,#4522,.T.);
#4524=EDGE_LOOP('',(#4509,#4517,#4523));
#4525=FACE_BOUND('',#4524,.T.);
#4526=ADVANCED_FACE('',(#4525),#4508,.T.);
#4527=CARTESIAN_POINT('',(9.359413796,-1.22546068,6.267571879));
#4528=DIRECTION('',(0.996052426,-0.088599836,-0.005443607));
#4529=DIRECTION('',(0.088601148,0.996067185,-0.));
#4530=AXIS2_PLACEMENT_3D('',#4527,#4528,#4529);
#4531=PLANE('',#4530);
#4532=ORIENTED_EDGE('',*,*,#4522,.F.);
#4533=CARTESIAN_POINT('',(9.378013611,-1.154850006,8.5216465));
#4534=VERTEX_POINT('',#4533);
#4535=CARTESIAN_POINT('',(9.387107849,-1.039333344,8.30553627));
#4536=DIRECTION('',(-0.037086782,-0.471083027,0.881308886));
#4537=VECTOR('',#4536,0.245215081);
#4538=LINE('',#4535,#4537);
#4539=EDGE_CURVE('',#4511,#4534,#4538,.T.);
#4540=ORIENTED_EDGE('',*,*,#4539,.T.);
#4541=CARTESIAN_POINT('',(9.378013611,-1.154850006,8.5216465));
#4542=DIRECTION('',(-0.009482635,-0.045230449,-0.998931572));
#4543=VECTOR('',#4542,4.526481764);
#4544=LINE('',#4541,#4543);
#4545=EDGE_CURVE('',#4534,#842,#4544,.T.);
#4546=ORIENTED_EDGE('',*,*,#4545,.T.);
#4547=EDGE_LOOP('',(#4532,#4540,#4546));
#4548=FACE_BOUND('',#4547,.T.);
#4549=ADVANCED_FACE('',(#4548),#4531,.T.);
#4550=CARTESIAN_POINT('',(9.355630073,-1.273256381,6.380528145));
#4551=DIRECTION('',(0.995417986,-0.095481708,-0.005125982));
#4552=DIRECTION('',(0.095482962,0.995431064,0.));
#4553=AXIS2_PLACEMENT_3D('',#4550,#4551,#4552);
#4554=PLANE('',#4553);
#4555=ORIENTED_EDGE('',*,*,#4545,.F.);
#4556=CARTESIAN_POINT('',(9.372398376,-1.225978851,8.756137848));
#4557=VERTEX_POINT('',#4556);
#4558=CARTESIAN_POINT('',(9.378013611,-1.154850006,8.5216465));
#4559=DIRECTION('',(-0.022909396,-0.290196058,0.956692953));
#4560=VECTOR('',#4559,0.245106173);
#4561=LINE('',#4558,#4560);
#4562=EDGE_CURVE('',#4534,#4557,#4561,.T.);
#4563=ORIENTED_EDGE('',*,*,#4562,.T.);
#4564=CARTESIAN_POINT('',(9.372398376,-1.225978851,8.756137848));
#4565=DIRECTION('',(-0.007840792,-0.028079336,-0.999574946));
#4566=VECTOR('',#4565,4.758159368);
#4567=LINE('',#4564,#4566);
#4568=EDGE_CURVE('',#4557,#842,#4567,.T.);
#4569=ORIENTED_EDGE('',*,*,#4568,.T.);
#4570=EDGE_LOOP('',(#4555,#4563,#4569));
#4571=FACE_BOUND('',#4570,.T.);
#4572=ADVANCED_FACE('',(#4571),#4554,.T.);
#4573=CARTESIAN_POINT('',(9.353705306,-1.297442911,6.500258013));
#4574=DIRECTION('',(0.992478728,-0.122339957,-0.004348443));
#4575=DIRECTION('',(0.122341114,0.992488112,0.));
#4576=AXIS2_PLACEMENT_3D('',#4573,#4574,#4575);
#4577=PLANE('',#4576);
#4578=ORIENTED_EDGE('',*,*,#4568,.F.);
#4579=CARTESIAN_POINT('',(9.372398376,-1.225978851,8.756137848));
#4580=DIRECTION('',(-0.007721262,-0.098010211,0.995155456));
#4581=VECTOR('',#4580,0.245049304);
#4582=LINE('',#4579,#4581);
#4583=EDGE_CURVE('',#4557,#834,#4582,.T.);
#4584=ORIENTED_EDGE('',*,*,#4583,.T.);
#4585=ORIENTED_EDGE('',*,*,#853,.T.);
#4586=EDGE_LOOP('',(#4578,#4584,#4585));
#4587=FACE_BOUND('',#4586,.T.);
#4588=ADVANCED_FACE('',(#4587),#4577,.T.);
#4589=CARTESIAN_POINT('',(8.011369865,-0.180388758,10.232233188));
#4590=DIRECTION('',(0.,0.098015469,-0.995184891));
#4591=DIRECTION('',(0.,-0.995184891,-0.098015469));
#4592=AXIS2_PLACEMENT_3D('',#4589,#4590,#4591);
#4593=PLANE('',#4592);
#4594=ORIENTED_EDGE('',*,*,#2701,.F.);
#4595=CARTESIAN_POINT('',(8.,0.000003815,10.25));
#4596=DIRECTION('',(1.,-0.,-0.));
#4597=VECTOR('',#4596,1.46900177);
#4598=LINE('',#4595,#4597);
#4599=EDGE_CURVE('',#2670,#1025,#4598,.T.);
#4600=ORIENTED_EDGE('',*,*,#4599,.T.);
#4601=ORIENTED_EDGE('',*,*,#1037,.F.);
#4602=CARTESIAN_POINT('',(7.99459109,-0.243862152,10.225981712));
#4603=DIRECTION('',(1.,-0.,-0.));
#4604=VECTOR('',#4603,1.455199864);
#4605=LINE('',#4602,#4604);
#4606=EDGE_CURVE('',#2695,#1002,#4605,.T.);
#4607=ORIENTED_EDGE('',*,*,#4606,.F.);
#4608=EDGE_LOOP('',(#4594,#4600,#4601,#4607));
#4609=FACE_BOUND('',#4608,.T.);
#4610=ADVANCED_FACE('',(#4609),#4593,.T.);
#4611=CARTESIAN_POINT('',(7.996290178,-1.035542852,8.300915891));
#4612=DIRECTION('',(0.,0.773121701,0.634257704));
#4613=DIRECTION('',(0.,-0.634257704,0.773121701));
#4614=AXIS2_PLACEMENT_3D('',#4611,#4612,#4613);
#4615=PLANE('',#4614);
#4616=ORIENTED_EDGE('',*,*,#2818,.F.);
#4617=CARTESIAN_POINT('',(7.900906054,-1.039333344,8.30553627));
#4618=DIRECTION('',(1.,0.,-0.));
#4619=VECTOR('',#4618,1.486201795);
#4620=LINE('',#4617,#4619);
#4621=EDGE_CURVE('',#2803,#4511,#4620,.T.);
#4622=ORIENTED_EDGE('',*,*,#4621,.T.);
#4623=CARTESIAN_POINT('',(9.387107849,-1.039333344,8.30553627));
#4624=DIRECTION('',(-0.999962979,0.005457621,-0.006652509));
#4625=VECTOR('',#4624,1.484703757);
#4626=LINE('',#4623,#4625);
#4627=EDGE_CURVE('',#4511,#2812,#4626,.T.);
#4628=ORIENTED_EDGE('',*,*,#4627,.T.);
#4629=EDGE_LOOP('',(#4616,#4622,#4628));
#4630=FACE_BOUND('',#4629,.T.);
#4631=ADVANCED_FACE('',(#4630),#4615,.T.);
#4632=CARTESIAN_POINT('',(7.952831278,-0.995055864,8.251581076));
#4633=DIRECTION('',(-0.000001555,0.77300707,0.634397407));
#4634=DIRECTION('',(-0.,-0.634397407,0.77300707));
#4635=AXIS2_PLACEMENT_3D('',#4632,#4633,#4634);
#4636=PLANE('',#4635);
#4637=ORIENTED_EDGE('',*,*,#2827,.F.);
#4638=ORIENTED_EDGE('',*,*,#4627,.F.);
#4639=ORIENTED_EDGE('',*,*,#4516,.F.);
#4640=CARTESIAN_POINT('',(7.928512532,-0.88388443,8.116116524));
#4641=DIRECTION('',(1.,-0.,-0.));
#4642=VECTOR('',#4641,1.470848124);
#4643=LINE('',#4640,#4642);
#4644=EDGE_CURVE('',#2821,#4488,#4643,.T.);
#4645=ORIENTED_EDGE('',*,*,#4644,.F.);
#4646=EDGE_LOOP('',(#4637,#4638,#4639,#4645));
#4647=FACE_BOUND('',#4646,.T.);
#4648=ADVANCED_FACE('',(#4647),#4636,.T.);
#4649=CARTESIAN_POINT('',(8.002436937,-0.958153913,9.793386096));
#4650=DIRECTION('',(-0.000014565,0.773123122,-0.634255973));
#4651=DIRECTION('',(0.,0.634255973,0.773123122));
#4652=AXIS2_PLACEMENT_3D('',#4649,#4650,#4651);
#4653=PLANE('',#4652);
#4654=ORIENTED_EDGE('',*,*,#2746,.F.);
#4655=CARTESIAN_POINT('',(9.399360657,-0.88388443,9.88388443));
#4656=DIRECTION('',(-0.996848901,-0.05032283,-0.06131787));
#4657=VECTOR('',#4656,1.488263713);
#4658=LINE('',#4655,#4657);
#4659=EDGE_CURVE('',#933,#2731,#4658,.T.);
#4660=ORIENTED_EDGE('',*,*,#4659,.F.);
#4661=CARTESIAN_POINT('',(7.914358527,-0.966810086,9.78283672));
#4662=DIRECTION('',(0.996148105,0.055627015,0.067783395));
#4663=VECTOR('',#4662,1.490744321);
#4664=LINE('',#4661,#4663);
#4665=EDGE_CURVE('',#2740,#933,#4664,.T.);
#4666=ORIENTED_EDGE('',*,*,#4665,.F.);
#4667=EDGE_LOOP('',(#4654,#4660,#4666));
#4668=FACE_BOUND('',#4667,.T.);
#4669=ADVANCED_FACE('',(#4668),#4653,.T.);
#4670=CARTESIAN_POINT('',(7.958918767,-0.920435308,9.839347547));
#4671=DIRECTION('',(0.,0.77300702,-0.634397467));
#4672=DIRECTION('',(0.,0.634397467,0.77300702));
#4673=AXIS2_PLACEMENT_3D('',#4670,#4671,#4672);
#4674=PLANE('',#4673);
#4675=ORIENTED_EDGE('',*,*,#2737,.F.);
#4676=CARTESIAN_POINT('',(7.928512532,-0.88388443,9.88388443));
#4677=DIRECTION('',(1.,0.,-0.));
#4678=VECTOR('',#4677,1.470848124);
#4679=LINE('',#4676,#4678);
#4680=EDGE_CURVE('',#2722,#933,#4679,.T.);
#4681=ORIENTED_EDGE('',*,*,#4680,.T.);
#4682=ORIENTED_EDGE('',*,*,#4659,.T.);
#4683=EDGE_LOOP('',(#4675,#4681,#4682));
#4684=FACE_BOUND('',#4683,.T.);
#4685=ADVANCED_FACE('',(#4684),#4674,.T.);
#4686=CARTESIAN_POINT('',(7.992722891,-0.417312222,10.173366831));
#4687=DIRECTION('',(0.,0.290281532,-0.95694129));
#4688=DIRECTION('',(0.,-0.95694129,-0.290281532));
#4689=AXIS2_PLACEMENT_3D('',#4686,#4687,#4688);
#4690=PLANE('',#4689);
#4691=ORIENTED_EDGE('',*,*,#2710,.F.);
#4692=ORIENTED_EDGE('',*,*,#4606,.T.);
#4693=ORIENTED_EDGE('',*,*,#1014,.F.);
#4694=CARTESIAN_POINT('',(7.979158672,-0.478351593,10.15485096));
#4695=DIRECTION('',(1.,-0.,-0.));
#4696=VECTOR('',#4695,1.452153889);
#4697=LINE('',#4694,#4696);
#4698=EDGE_CURVE('',#2704,#979,#4697,.T.);
#4699=ORIENTED_EDGE('',*,*,#4698,.F.);
#4700=EDGE_LOOP('',(#4691,#4692,#4693,#4699));
#4701=FACE_BOUND('',#4700,.T.);
#4702=ADVANCED_FACE('',(#4701),#4690,.T.);
#4703=CARTESIAN_POINT('',(7.975355431,-0.638194649,10.069412713));
#4704=DIRECTION('',(0.,0.471398252,-0.881920455));
#4705=DIRECTION('',(0.,-0.881920455,-0.471398252));
#4706=AXIS2_PLACEMENT_3D('',#4703,#4704,#4705);
#4707=PLANE('',#4706);
#4708=ORIENTED_EDGE('',*,*,#2719,.F.);
#4709=ORIENTED_EDGE('',*,*,#4698,.T.);
#4710=ORIENTED_EDGE('',*,*,#991,.F.);
#4711=CARTESIAN_POINT('',(7.95598046,-0.694461823,10.039337158));
#4712=DIRECTION('',(1.,-0.,-0.));
#4713=VECTOR('',#4712,1.458303293);
#4714=LINE('',#4711,#4713);
#4715=EDGE_CURVE('',#2713,#956,#4714,.T.);
#4716=ORIENTED_EDGE('',*,*,#4715,.F.);
#4717=EDGE_LOOP('',(#4708,#4709,#4710,#4716));
#4718=FACE_BOUND('',#4717,.T.);
#4719=ADVANCED_FACE('',(#4718),#4707,.T.);
#4720=CARTESIAN_POINT('',(7.959938358,-0.834550347,9.924371243));
#4721=DIRECTION('',(0.,0.634387461,-0.773015233));
#4722=DIRECTION('',(0.,-0.773015233,-0.634387461));
#4723=AXIS2_PLACEMENT_3D('',#4720,#4721,#4722);
#4724=PLANE('',#4723);
#4725=ORIENTED_EDGE('',*,*,#2728,.F.);
#4726=ORIENTED_EDGE('',*,*,#4715,.T.);
#4727=ORIENTED_EDGE('',*,*,#968,.F.);
#4728=ORIENTED_EDGE('',*,*,#4680,.F.);
#4729=EDGE_LOOP('',(#4725,#4726,#4727,#4728));
#4730=FACE_BOUND('',#4729,.T.);
#4731=ADVANCED_FACE('',(#4730),#4724,.T.);
#4732=CARTESIAN_POINT('',(8.063081811,-0.998676482,9.744006441));
#4733=DIRECTION('',(0.,0.773018168,-0.634383884));
#4734=DIRECTION('',(0.,0.634383884,0.773018168));
#4735=AXIS2_PLACEMENT_3D('',#4732,#4733,#4734);
#4736=PLANE('',#4735);
#4737=ORIENTED_EDGE('',*,*,#2755,.F.);
#4738=ORIENTED_EDGE('',*,*,#4665,.T.);
#4739=ORIENTED_EDGE('',*,*,#945,.F.);
#4740=CARTESIAN_POINT('',(7.900906054,-1.039333344,9.694464684));
#4741=DIRECTION('',(1.,0.,-0.));
#4742=VECTOR('',#4741,1.486201795);
#4743=LINE('',#4740,#4742);
#4744=EDGE_CURVE('',#2749,#910,#4743,.T.);
#4745=ORIENTED_EDGE('',*,*,#4744,.F.);
#4746=EDGE_LOOP('',(#4737,#4738,#4739,#4745));
#4747=FACE_BOUND('',#4746,.T.);
#4748=ADVANCED_FACE('',(#4747),#4736,.T.);
#4749=CARTESIAN_POINT('',(7.930865509,-1.124830413,9.534516952));
#4750=DIRECTION('',(0.,0.881913871,-0.471410569));
#4751=DIRECTION('',(0.,0.471410569,0.881913871));
#4752=AXIS2_PLACEMENT_3D('',#4749,#4750,#4751);
#4753=PLANE('',#4752);
#4754=ORIENTED_EDGE('',*,*,#2764,.F.);
#4755=ORIENTED_EDGE('',*,*,#4744,.T.);
#4756=ORIENTED_EDGE('',*,*,#922,.F.);
#4757=CARTESIAN_POINT('',(7.877389837,-1.154850006,9.478356361));
#4758=DIRECTION('',(1.,0.,-0.));
#4759=VECTOR('',#4758,1.500623773);
#4760=LINE('',#4757,#4759);
#4761=EDGE_CURVE('',#2758,#887,#4760,.T.);
#4762=ORIENTED_EDGE('',*,*,#4761,.F.);
#4763=EDGE_LOOP('',(#4754,#4755,#4756,#4762));
#4764=FACE_BOUND('',#4763,.T.);
#4765=ADVANCED_FACE('',(#4764),#4753,.T.);
#4766=CARTESIAN_POINT('',(7.916958514,-1.207468848,9.304885054));
#4767=DIRECTION('',(0.,0.956945092,-0.290268999));
#4768=DIRECTION('',(0.,0.290268999,0.956945092));
#4769=AXIS2_PLACEMENT_3D('',#4766,#4767,#4768);
#4770=PLANE('',#4769);
#4771=ORIENTED_EDGE('',*,*,#2773,.F.);
#4772=ORIENTED_EDGE('',*,*,#4761,.T.);
#4773=ORIENTED_EDGE('',*,*,#899,.F.);
#4774=CARTESIAN_POINT('',(7.861620637,-1.225978851,9.243862152));
#4775=DIRECTION('',(1.,0.,-0.));
#4776=VECTOR('',#4775,1.510777739);
#4777=LINE('',#4774,#4776);
#4778=EDGE_CURVE('',#2767,#864,#4777,.T.);
#4779=ORIENTED_EDGE('',*,*,#4778,.F.);
#4780=EDGE_LOOP('',(#4771,#4772,#4773,#4779));
#4781=FACE_BOUND('',#4780,.T.);
#4782=ADVANCED_FACE('',(#4781),#4770,.T.);
#4783=CARTESIAN_POINT('',(7.910361125,-1.243735798,9.063565408));
#4784=DIRECTION('',(0.,0.995185121,-0.098013133));
#4785=DIRECTION('',(0.,0.098013133,0.995185121));
#4786=AXIS2_PLACEMENT_3D('',#4783,#4784,#4785);
#4787=PLANE('',#4786);
#4788=ORIENTED_EDGE('',*,*,#2782,.F.);
#4789=ORIENTED_EDGE('',*,*,#4778,.T.);
#4790=ORIENTED_EDGE('',*,*,#876,.F.);
#4791=CARTESIAN_POINT('',(7.856072212,-1.249996185,9.));
#4792=DIRECTION('',(1.,0.,-0.));
#4793=VECTOR('',#4792,1.514434075);
#4794=LINE('',#4791,#4793);
#4795=EDGE_CURVE('',#2776,#834,#4794,.T.);
#4796=ORIENTED_EDGE('',*,*,#4795,.F.);
#4797=EDGE_LOOP('',(#4788,#4789,#4790,#4796));
#4798=FACE_BOUND('',#4797,.T.);
#4799=ADVANCED_FACE('',(#4798),#4787,.T.);
#4800=CARTESIAN_POINT('',(9.386982337,-2.329756734,3.644294194));
#4801=DIRECTION('',(0.700272601,-0.21242549,0.681537743));
#4802=DIRECTION('',(-0.697455586,0.,0.716628011));
#4803=AXIS2_PLACEMENT_3D('',#4800,#4801,#4802);
#4804=PLANE('',#4803);
#4805=ORIENTED_EDGE('',*,*,#1220,.T.);
#4806=CARTESIAN_POINT('',(8.938514709,-2.666919708,4.000000954));
#4807=DIRECTION('',(0.631285064,-0.26148591,-0.730139909));
#4808=VECTOR('',#4807,1.369601174);
#4809=LINE('',#4806,#4808);
#4810=EDGE_CURVE('',#1209,#3952,#4809,.T.);
#4811=ORIENTED_EDGE('',*,*,#4810,.T.);
#4812=ORIENTED_EDGE('',*,*,#3957,.T.);
#4813=CARTESIAN_POINT('',(9.335090637,-1.359584808,4.000000954));
#4814=DIRECTION('',(0.670167949,-0.133302737,-0.730140603));
#4815=VECTOR('',#4814,1.369599873);
#4816=LINE('',#4813,#4815);
#4817=EDGE_CURVE('',#842,#3446,#4816,.T.);
#4818=ORIENTED_EDGE('',*,*,#4817,.F.);
#4819=EDGE_LOOP('',(#4805,#4811,#4812,#4818));
#4820=FACE_BOUND('',#4819,.T.);
#4821=ADVANCED_FACE('',(#4820),#4804,.T.);
#4822=CARTESIAN_POINT('',(8.800140926,-3.628571123,3.644293793));
#4823=DIRECTION('',(0.645377365,-0.34495921,0.681535912));
#4824=DIRECTION('',(0.726105985,-0.,-0.687582794));
#4825=AXIS2_PLACEMENT_3D('',#4822,#4823,#4824);
#4826=PLANE('',#4825);
#4827=CARTESIAN_POINT('',(8.294517517,-3.871761322,4.000000954));
#4828=DIRECTION('',(0.568138762,-0.37962075,-0.730141379));
#4829=VECTOR('',#4828,1.369598417);
#4830=LINE('',#4827,#4829);
#4831=EDGE_CURVE('',#1241,#3960,#4830,.T.);
#4832=ORIENTED_EDGE('',*,*,#4831,.T.);
#4833=ORIENTED_EDGE('',*,*,#3965,.T.);
#4834=ORIENTED_EDGE('',*,*,#4810,.F.);
#4835=ORIENTED_EDGE('',*,*,#1252,.T.);
#4836=EDGE_LOOP('',(#4832,#4833,#4834,#4835));
#4837=FACE_BOUND('',#4836,.T.);
#4838=ADVANCED_FACE('',(#4837),#4826,.T.);
#4839=CARTESIAN_POINT('',(7.971185237,-4.787940403,3.644294759));
#4840=DIRECTION('',(0.565681126,-0.464241038,0.681531453));
#4841=DIRECTION('',(0.769475673,0.,-0.638676121));
#4842=AXIS2_PLACEMENT_3D('',#4839,#4840,#4841);
#4843=PLANE('',#4842);
#4844=CARTESIAN_POINT('',(8.294517517,-3.871761322,4.000000954));
#4845=DIRECTION('',(-0.102569969,-0.859668755,-0.500448832));
#4846=VECTOR('',#4845,1.998207235);
#4847=LINE('',#4844,#4846);
#4848=EDGE_CURVE('',#1241,#3968,#4847,.T.);
#4849=ORIENTED_EDGE('',*,*,#4848,.F.);
#4850=ORIENTED_EDGE('',*,*,#1283,.T.);
#4851=CARTESIAN_POINT('',(7.427833557,-4.927822113,4.000000954));
#4852=DIRECTION('',(0.483157416,-0.483162987,-0.730145492));
#4853=VECTOR('',#4852,1.369590702);
#4854=LINE('',#4851,#4853);
#4855=EDGE_CURVE('',#1272,#3968,#4854,.T.);
#4856=ORIENTED_EDGE('',*,*,#4855,.T.);
#4857=EDGE_LOOP('',(#4849,#4850,#4856));
#4858=FACE_BOUND('',#4857,.T.);
#4859=ADVANCED_FACE('',(#4858),#4843,.T.);
#4860=CARTESIAN_POINT('',(6.931973879,-5.763317825,3.644294623));
#4861=DIRECTION('',(0.464240424,-0.565680377,0.681532494));
#4862=DIRECTION('',(-0.,0.769476568,0.638675044));
#4863=AXIS2_PLACEMENT_3D('',#4860,#4861,#4862);
#4864=PLANE('',#4863);
#4865=ORIENTED_EDGE('',*,*,#1314,.T.);
#4866=CARTESIAN_POINT('',(6.371772766,-5.794506073,4.000000954));
#4867=DIRECTION('',(0.379611215,-0.568141164,-0.730144467));
#4868=VECTOR('',#4867,1.369592624);
#4869=LINE('',#4866,#4868);
#4870=EDGE_CURVE('',#1303,#3976,#4869,.T.);
#4871=ORIENTED_EDGE('',*,*,#4870,.T.);
#4872=ORIENTED_EDGE('',*,*,#3981,.T.);
#4873=ORIENTED_EDGE('',*,*,#4855,.F.);
#4874=EDGE_LOOP('',(#4865,#4871,#4872,#4873));
#4875=FACE_BOUND('',#4874,.T.);
#4876=ADVANCED_FACE('',(#4875),#4864,.T.);
#4877=CARTESIAN_POINT('',(5.722446202,-6.517211711,3.644294568));
#4878=DIRECTION('',(0.344961699,-0.645378462,0.681533614));
#4879=DIRECTION('',(0.,0.726104243,0.687584634));
#4880=AXIS2_PLACEMENT_3D('',#4877,#4878,#4879);
#4881=PLANE('',#4880);
#4882=ORIENTED_EDGE('',*,*,#1345,.T.);
#4883=CARTESIAN_POINT('',(5.166923523,-6.438510895,4.000000954));
#4884=DIRECTION('',(0.261481639,-0.631282633,-0.73014354));
#4885=VECTOR('',#4884,1.369594363);
#4886=LINE('',#4883,#4885);
#4887=EDGE_CURVE('',#1334,#3984,#4886,.T.);
#4888=ORIENTED_EDGE('',*,*,#4887,.T.);
#4889=ORIENTED_EDGE('',*,*,#3989,.T.);
#4890=ORIENTED_EDGE('',*,*,#4870,.F.);
#4891=EDGE_LOOP('',(#4882,#4888,#4889,#4890));
#4892=FACE_BOUND('',#4891,.T.);
#4893=ADVANCED_FACE('',(#4892),#4881,.T.);
#4894=CARTESIAN_POINT('',(4.389079067,-7.02065211,3.644294907));
#4895=DIRECTION('',(0.212425355,-0.700276245,0.681534041));
#4896=DIRECTION('',(-0.,-0.697451776,-0.716631718));
#4897=AXIS2_PLACEMENT_3D('',#4894,#4895,#4896);
#4898=PLANE('',#4897);
#4899=CARTESIAN_POINT('',(3.859580994,-6.835086823,4.000000954));
#4900=DIRECTION('',(0.133303234,-0.670164881,-0.730143329));
#4901=VECTOR('',#4900,1.36959476);
#4902=LINE('',#4899,#4901);
#4903=EDGE_CURVE('',#1365,#3992,#4902,.T.);
#4904=ORIENTED_EDGE('',*,*,#4903,.T.);
#4905=ORIENTED_EDGE('',*,*,#3997,.T.);
#4906=ORIENTED_EDGE('',*,*,#4887,.F.);
#4907=ORIENTED_EDGE('',*,*,#1376,.T.);
#4908=EDGE_LOOP('',(#4904,#4905,#4906,#4907));
#4909=FACE_BOUND('',#4908,.T.);
#4910=ADVANCED_FACE('',(#4909),#4898,.T.);
#4911=CARTESIAN_POINT('',(2.983122768,-7.254297108,3.644293929));
#4912=DIRECTION('',(0.071730162,-0.728262214,0.681534249));
#4913=DIRECTION('',(0.,-0.683294364,-0.730143008));
#4914=AXIS2_PLACEMENT_3D('',#4911,#4912,#4913);
#4915=PLANE('',#4914);
#4916=CARTESIAN_POINT('',(2.500007629,-7.904834747,3.000000477));
#4917=DIRECTION('',(0.,0.683294364,0.730143008));
#4918=VECTOR('',#4917,1.369595362);
#4919=LINE('',#4916,#4918);
#4920=EDGE_CURVE('',#4000,#1396,#4919,.T.);
#4921=ORIENTED_EDGE('',*,*,#4920,.F.);
#4922=ORIENTED_EDGE('',*,*,#4005,.T.);
#4923=ORIENTED_EDGE('',*,*,#4903,.F.);
#4924=ORIENTED_EDGE('',*,*,#1407,.T.);
#4925=EDGE_LOOP('',(#4921,#4922,#4923,#4924));
#4926=FACE_BOUND('',#4925,.T.);
#4927=ADVANCED_FACE('',(#4926),#4915,.T.);
#4928=CARTESIAN_POINT('',(1.558598343,-7.209160401,3.644294657));
#4929=DIRECTION('',(-0.071729101,-0.728259613,0.681537139));
#4930=DIRECTION('',(-0.,-0.683297209,-0.730140345));
#4931=AXIS2_PLACEMENT_3D('',#4928,#4929,#4930);
#4932=PLANE('',#4931);
#4933=ORIENTED_EDGE('',*,*,#1438,.T.);
#4934=CARTESIAN_POINT('',(1.140419006,-6.835086823,4.000000954));
#4935=DIRECTION('',(-0.133302737,-0.670167949,-0.730140603));
#4936=VECTOR('',#4935,1.369599873);
#4937=LINE('',#4934,#4936);
#4938=EDGE_CURVE('',#1427,#4008,#4937,.T.);
#4939=ORIENTED_EDGE('',*,*,#4938,.T.);
#4940=CARTESIAN_POINT('',(0.957847595,-7.752948761,3.000000477));
#4941=DIRECTION('',(0.771771314,0.392326821,0.500448504));
#4942=VECTOR('',#4941,1.998208545);
#4943=LINE('',#4940,#4942);
#4944=EDGE_CURVE('',#4008,#1396,#4943,.T.);
#4945=ORIENTED_EDGE('',*,*,#4944,.T.);
#4946=EDGE_LOOP('',(#4933,#4939,#4945));
#4947=FACE_BOUND('',#4946,.T.);
#4948=ADVANCED_FACE('',(#4947),#4932,.T.);
#4949=CARTESIAN_POINT('',(0.170246055,-6.886975377,3.644295005));
#4950=DIRECTION('',(-0.212425378,-0.700276321,0.681533956));
#4951=DIRECTION('',(0.,-0.697451693,-0.716631799));
#4952=AXIS2_PLACEMENT_3D('',#4949,#4950,#4951);
#4953=PLANE('',#4952);
#4954=ORIENTED_EDGE('',*,*,#1469,.T.);
#4955=CARTESIAN_POINT('',(-0.166923523,-6.438510895,4.000000954));
#4956=DIRECTION('',(-0.261481639,-0.631282633,-0.73014354));
#4957=VECTOR('',#4956,1.369594363);
#4958=LINE('',#4955,#4957);
#4959=EDGE_CURVE('',#1458,#4016,#4958,.T.);
#4960=ORIENTED_EDGE('',*,*,#4959,.T.);
#4961=CARTESIAN_POINT('',(-0.525047302,-7.30311203,3.000000477));
#4962=DIRECTION('',(0.833480854,0.23422272,0.500449182));
#4963=VECTOR('',#4962,1.998205839);
#4964=LINE('',#4961,#4963);
#4965=EDGE_CURVE('',#4016,#1427,#4964,.T.);
#4966=ORIENTED_EDGE('',*,*,#4965,.T.);
#4967=EDGE_LOOP('',(#4954,#4960,#4966));
#4968=FACE_BOUND('',#4967,.T.);
#4969=ADVANCED_FACE('',(#4968),#4953,.T.);
#4970=CARTESIAN_POINT('',(-1.128573178,-6.300131627,3.644294962));
#4971=DIRECTION('',(-0.344961891,-0.645378822,0.681533176));
#4972=DIRECTION('',(0.,0.726103832,0.687585068));
#4973=AXIS2_PLACEMENT_3D('',#4970,#4971,#4972);
#4974=PLANE('',#4973);
#4975=CARTESIAN_POINT('',(-1.371772766,-5.794506073,4.000000954));
#4976=DIRECTION('',(-0.379611215,-0.568141164,-0.730144467));
#4977=VECTOR('',#4976,1.369592624);
#4978=LINE('',#4975,#4977);
#4979=EDGE_CURVE('',#1489,#4024,#4978,.T.);
#4980=ORIENTED_EDGE('',*,*,#4979,.T.);
#4981=ORIENTED_EDGE('',*,*,#4029,.T.);
#4982=ORIENTED_EDGE('',*,*,#4959,.F.);
#4983=ORIENTED_EDGE('',*,*,#1500,.T.);
#4984=EDGE_LOOP('',(#4980,#4981,#4982,#4983));
#4985=FACE_BOUND('',#4984,.T.);
#4986=ADVANCED_FACE('',(#4985),#4974,.T.);
#4987=CARTESIAN_POINT('',(-2.287946514,-5.471176108,3.644293871));
#4988=DIRECTION('',(-0.46424241,-0.565674624,0.681535916));
#4989=DIRECTION('',(0.,0.769481336,0.638669299));
#4990=AXIS2_PLACEMENT_3D('',#4987,#4988,#4989);
#4991=PLANE('',#4990);
#4992=CARTESIAN_POINT('',(-1.371772766,-5.794506073,4.000000954));
#4993=DIRECTION('',(-0.859668095,0.102566528,-0.500450671));
#4994=VECTOR('',#4993,1.998199894);
#4995=LINE('',#4992,#4994);
#4996=EDGE_CURVE('',#1489,#4032,#4995,.T.);
#4997=ORIENTED_EDGE('',*,*,#4996,.F.);
#4998=ORIENTED_EDGE('',*,*,#1531,.T.);
#4999=CARTESIAN_POINT('',(-2.427818298,-4.927822113,4.000000954));
#5000=DIRECTION('',(-0.483165957,-0.483160386,-0.730141561));
#5001=VECTOR('',#5000,1.369598075);
#5002=LINE('',#4999,#5001);
#5003=EDGE_CURVE('',#1520,#4032,#5002,.T.);
#5004=ORIENTED_EDGE('',*,*,#5003,.T.);
#5005=EDGE_LOOP('',(#4997,#4998,#5004));
#5006=FACE_BOUND('',#5005,.T.);
#5007=ADVANCED_FACE('',(#5006),#4991,.T.);
#5008=CARTESIAN_POINT('',(-3.263323516,-4.431967837,3.644294916));
#5009=DIRECTION('',(-0.565673861,-0.46424325,0.681535977));
#5010=DIRECTION('',(0.769481787,-0.,0.638668755));
#5011=AXIS2_PLACEMENT_3D('',#5008,#5009,#5010);
#5012=PLANE('',#5011);
#5013=CARTESIAN_POINT('',(-3.294517517,-3.871761322,4.000000954));
#5014=DIRECTION('',(-0.568138762,-0.37962075,-0.730141379));
#5015=VECTOR('',#5014,1.369598417);
#5016=LINE('',#5013,#5015);
#5017=EDGE_CURVE('',#1551,#4040,#5016,.T.);
#5018=ORIENTED_EDGE('',*,*,#5017,.T.);
#5019=ORIENTED_EDGE('',*,*,#4045,.T.);
#5020=ORIENTED_EDGE('',*,*,#5003,.F.);
#5021=ORIENTED_EDGE('',*,*,#1562,.T.);
#5022=EDGE_LOOP('',(#5018,#5019,#5020,#5021));
#5023=FACE_BOUND('',#5022,.T.);
#5024=ADVANCED_FACE('',(#5023),#5012,.T.);
#5025=CARTESIAN_POINT('',(-4.01722229,-3.222441438,3.644293781));
#5026=DIRECTION('',(-0.645375862,-0.344958407,0.681537742));
#5027=DIRECTION('',(0.726107706,0.,0.687580977));
#5028=AXIS2_PLACEMENT_3D('',#5025,#5026,#5027);
#5029=PLANE('',#5028);
#5030=ORIENTED_EDGE('',*,*,#1593,.T.);
#5031=CARTESIAN_POINT('',(-3.938514709,-2.666919708,4.000000954));
#5032=DIRECTION('',(-0.631285064,-0.26148591,-0.730139909));
#5033=VECTOR('',#5032,1.369601174);
#5034=LINE('',#5031,#5033);
#5035=EDGE_CURVE('',#1582,#4048,#5034,.T.);
#5036=ORIENTED_EDGE('',*,*,#5035,.T.);
#5037=ORIENTED_EDGE('',*,*,#4053,.T.);
#5038=ORIENTED_EDGE('',*,*,#5017,.F.);
#5039=EDGE_LOOP('',(#5030,#5036,#5037,#5038));
#5040=FACE_BOUND('',#5039,.T.);
#5041=ADVANCED_FACE('',(#5040),#5029,.T.);
#5042=CARTESIAN_POINT('',(8.026573755,-1.243728326,8.936358725));
#5043=DIRECTION('',(0.,0.995185121,0.098013133));
#5044=DIRECTION('',(0.,-0.098013133,0.995185121));
#5045=AXIS2_PLACEMENT_3D('',#5042,#5043,#5044);
#5046=PLANE('',#5045);
#5047=ORIENTED_EDGE('',*,*,#2791,.F.);
#5048=ORIENTED_EDGE('',*,*,#4795,.T.);
#5049=ORIENTED_EDGE('',*,*,#4583,.F.);
#5050=CARTESIAN_POINT('',(7.861620637,-1.225978851,8.756137848));
#5051=DIRECTION('',(1.,0.,-0.));
#5052=VECTOR('',#5051,1.510777739);
#5053=LINE('',#5050,#5052);
#5054=EDGE_CURVE('',#2785,#4557,#5053,.T.);
#5055=ORIENTED_EDGE('',*,*,#5054,.F.);
#5056=EDGE_LOOP('',(#5047,#5048,#5049,#5055));
#5057=FACE_BOUND('',#5056,.T.);
#5058=ADVANCED_FACE('',(#5057),#5046,.T.);
#5059=CARTESIAN_POINT('',(8.031379033,-1.207404184,8.694902511));
#5060=DIRECTION('',(0.,0.956944108,0.290272242));
#5061=DIRECTION('',(0.,-0.290272242,0.956944108));
#5062=AXIS2_PLACEMENT_3D('',#5059,#5060,#5061);
#5063=PLANE('',#5062);
#5064=ORIENTED_EDGE('',*,*,#2800,.F.);
#5065=ORIENTED_EDGE('',*,*,#5054,.T.);
#5066=ORIENTED_EDGE('',*,*,#4562,.F.);
#5067=CARTESIAN_POINT('',(7.877389837,-1.154850006,8.5216465));
#5068=DIRECTION('',(1.,0.,-0.));
#5069=VECTOR('',#5068,1.500623773);
#5070=LINE('',#5067,#5069);
#5071=EDGE_CURVE('',#2794,#4534,#5070,.T.);
#5072=ORIENTED_EDGE('',*,*,#5071,.F.);
#5073=EDGE_LOOP('',(#5064,#5065,#5066,#5072));
#5074=FACE_BOUND('',#5073,.T.);
#5075=ADVANCED_FACE('',(#5074),#5063,.T.);
#5076=CARTESIAN_POINT('',(8.043704624,-1.124661644,8.46516968));
#5077=DIRECTION('',(0.,0.881915601,0.471407333));
#5078=DIRECTION('',(0.,-0.471407333,0.881915601));
#5079=AXIS2_PLACEMENT_3D('',#5076,#5077,#5078);
#5080=PLANE('',#5079);
#5081=ORIENTED_EDGE('',*,*,#2809,.F.);
#5082=ORIENTED_EDGE('',*,*,#5071,.T.);
#5083=ORIENTED_EDGE('',*,*,#4539,.F.);
#5084=ORIENTED_EDGE('',*,*,#4621,.F.);
#5085=EDGE_LOOP('',(#5081,#5082,#5083,#5084));
#5086=FACE_BOUND('',#5085,.T.);
#5087=ADVANCED_FACE('',(#5086),#5080,.T.);
#5088=CARTESIAN_POINT('',(9.389410209,-0.845317714,5.962394595));
#5089=DIRECTION('',(0.99673235,-0.080513975,-0.00649023));
#5090=DIRECTION('',(0.08051567,0.996753343,-0.));
#5091=AXIS2_PLACEMENT_3D('',#5088,#5089,#5090);
#5092=PLANE('',#5091);
#5093=CARTESIAN_POINT('',(9.449790955,-0.243862152,7.774019718));
#5094=DIRECTION('',(-0.029132772,-0.28338277,-0.958564285));
#5095=VECTOR('',#5094,3.937157711);
#5096=LINE('',#5093,#5095);
#5097=EDGE_CURVE('',#4412,#842,#5096,.T.);
#5098=ORIENTED_EDGE('',*,*,#5097,.F.);
#5099=CARTESIAN_POINT('',(9.449790955,-0.243862152,7.774019718));
#5100=DIRECTION('',(-0.075195898,-0.954230362,0.289465012));
#5101=VECTOR('',#5100,0.245736722);
#5102=LINE('',#5099,#5101);
#5103=EDGE_CURVE('',#4412,#4444,#5102,.T.);
#5104=ORIENTED_EDGE('',*,*,#5103,.T.);
#5105=ORIENTED_EDGE('',*,*,#4469,.T.);
#5106=EDGE_LOOP('',(#5098,#5104,#5105));
#5107=FACE_BOUND('',#5106,.T.);
#5108=ADVANCED_FACE('',(#5107),#5092,.T.);
#5109=CARTESIAN_POINT('',(8.077276566,-0.83431811,8.075438747));
#5110=DIRECTION('',(0.,0.634390949,0.77301237));
#5111=DIRECTION('',(0.,0.77301237,-0.634390949));
#5112=AXIS2_PLACEMENT_3D('',#5109,#5110,#5111);
#5113=PLANE('',#5112);
#5114=ORIENTED_EDGE('',*,*,#2836,.F.);
#5115=ORIENTED_EDGE('',*,*,#4644,.T.);
#5116=ORIENTED_EDGE('',*,*,#4493,.F.);
#5117=ORIENTED_EDGE('',*,*,#4441,.F.);
#5118=EDGE_LOOP('',(#5114,#5115,#5116,#5117));
#5119=FACE_BOUND('',#5118,.T.);
#5120=ADVANCED_FACE('',(#5119),#5113,.T.);
#5121=CARTESIAN_POINT('',(9.399144162,-0.721746183,5.93752871));
#5122=DIRECTION('',(0.996834648,-0.079204439,-0.006880481));
#5123=DIRECTION('',(0.079206314,0.996858245,0.));
#5124=AXIS2_PLACEMENT_3D('',#5121,#5122,#5123);
#5125=PLANE('',#5124);
#5126=CARTESIAN_POINT('',(9.46900177,0.000003815,7.750000954));
#5127=DIRECTION('',(-0.033552401,-0.340654748,-0.93958958));
#5128=VECTOR('',#5127,3.991104285);
#5129=LINE('',#5126,#5128);
#5130=EDGE_CURVE('',#4383,#842,#5129,.T.);
#5131=ORIENTED_EDGE('',*,*,#5130,.F.);
#5132=ORIENTED_EDGE('',*,*,#4423,.T.);
#5133=ORIENTED_EDGE('',*,*,#5097,.T.);
#5134=EDGE_LOOP('',(#5131,#5132,#5133));
#5135=FACE_BOUND('',#5134,.T.);
#5136=ADVANCED_FACE('',(#5135),#5125,.T.);
#5137=CARTESIAN_POINT('',(9.429615753,-0.399879152,5.59373517));
#5138=DIRECTION('',(0.995184488,-0.098019563,0.));
#5139=DIRECTION('',(0.098019563,0.995184488,0.));
#5140=AXIS2_PLACEMENT_3D('',#5137,#5138,#5139);
#5141=PLANE('',#5140);
#5142=CARTESIAN_POINT('',(9.46900177,0.000003815,4.000000954));
#5143=DIRECTION('',(-0.098019563,-0.995184488,0.));
#5144=VECTOR('',#5143,1.366167419);
#5145=LINE('',#5142,#5144);
#5146=EDGE_CURVE('',#3400,#842,#5145,.T.);
#5147=ORIENTED_EDGE('',*,*,#5146,.F.);
#5148=CARTESIAN_POINT('',(9.46900177,0.000003815,7.750000954));
#5149=DIRECTION('',(-0.,-0.,-1.));
#5150=VECTOR('',#5149,3.75);
#5151=LINE('',#5148,#5150);
#5152=EDGE_CURVE('',#4383,#3400,#5151,.T.);
#5153=ORIENTED_EDGE('',*,*,#5152,.F.);
#5154=ORIENTED_EDGE('',*,*,#5130,.T.);
#5155=EDGE_LOOP('',(#5147,#5153,#5154));
#5156=FACE_BOUND('',#5155,.T.);
#5157=ADVANCED_FACE('',(#5156),#5141,.T.);
#5158=CARTESIAN_POINT('',(8.110180297,-0.416956275,7.826527681));
#5159=DIRECTION('',(0.,0.290286878,0.956939668));
#5160=DIRECTION('',(0.,0.956939668,-0.290286878));
#5161=AXIS2_PLACEMENT_3D('',#5158,#5159,#5160);
#5162=PLANE('',#5161);
#5163=ORIENTED_EDGE('',*,*,#2854,.F.);
#5164=ORIENTED_EDGE('',*,*,#4455,.T.);
#5165=ORIENTED_EDGE('',*,*,#5103,.F.);
#5166=ORIENTED_EDGE('',*,*,#4417,.F.);
#5167=EDGE_LOOP('',(#5163,#5164,#5165,#5166));
#5168=FACE_BOUND('',#5167,.T.);
#5169=ADVANCED_FACE('',(#5168),#5162,.T.);
#5170=CARTESIAN_POINT('',(-3.002432542,-0.958153953,8.206614906));
#5171=DIRECTION('',(0.000014565,0.773123128,0.634255965));
#5172=DIRECTION('',(-0.,-0.634255965,0.773123128));
#5173=AXIS2_PLACEMENT_3D('',#5170,#5171,#5172);
#5174=PLANE('',#5173);
#5175=ORIENTED_EDGE('',*,*,#2985,.F.);
#5176=CARTESIAN_POINT('',(-4.399360657,-0.88388443,8.116116524));
#5177=DIRECTION('',(0.996848901,-0.05032283,0.06131787));
#5178=VECTOR('',#5177,1.488263713);
#5179=LINE('',#5176,#5178);
#5180=EDGE_CURVE('',#4214,#2970,#5179,.T.);
#5181=ORIENTED_EDGE('',*,*,#5180,.F.);
#5182=CARTESIAN_POINT('',(-2.914358609,-0.966809627,8.217163675));
#5183=DIRECTION('',(-0.996148147,0.055626712,-0.067783026));
#5184=VECTOR('',#5183,1.490744176);
#5185=LINE('',#5182,#5184);
#5186=EDGE_CURVE('',#2979,#4214,#5185,.T.);
#5187=ORIENTED_EDGE('',*,*,#5186,.F.);
#5188=EDGE_LOOP('',(#5175,#5181,#5187));
#5189=FACE_BOUND('',#5188,.T.);
#5190=ADVANCED_FACE('',(#5189),#5174,.T.);
#5191=CARTESIAN_POINT('',(-2.958915143,-0.920435207,8.160653283));
#5192=DIRECTION('',(0.,0.77300702,0.634397467));
#5193=DIRECTION('',(0.,-0.634397467,0.77300702));
#5194=AXIS2_PLACEMENT_3D('',#5191,#5192,#5193);
#5195=PLANE('',#5194);
#5196=ORIENTED_EDGE('',*,*,#2976,.F.);
#5197=CARTESIAN_POINT('',(-4.399360657,-0.88388443,8.116116524));
#5198=DIRECTION('',(1.,-0.,-0.));
#5199=VECTOR('',#5198,1.470848124);
#5200=LINE('',#5197,#5199);
#5201=EDGE_CURVE('',#4214,#2961,#5200,.T.);
#5202=ORIENTED_EDGE('',*,*,#5201,.F.);
#5203=ORIENTED_EDGE('',*,*,#5180,.T.);
#5204=EDGE_LOOP('',(#5196,#5202,#5203));
#5205=FACE_BOUND('',#5204,.T.);
#5206=ADVANCED_FACE('',(#5205),#5195,.T.);
#5207=CARTESIAN_POINT('',(-3.101241804,0.534624328,7.875226544));
#5208=DIRECTION('',(0.,-0.471400601,0.881919199));
#5209=DIRECTION('',(0.,0.881919199,0.471400601));
#5210=AXIS2_PLACEMENT_3D('',#5207,#5208,#5209);
#5211=PLANE('',#5210);
#5212=ORIENTED_EDGE('',*,*,#2913,.F.);
#5213=CARTESIAN_POINT('',(-4.414283752,0.694461823,7.960662365));
#5214=VERTEX_POINT('',#5213);
#5215=CARTESIAN_POINT('',(-4.414283752,0.694461823,7.960662365));
#5216=DIRECTION('',(1.,-0.,-0.));
#5217=VECTOR('',#5216,1.458303293);
#5218=LINE('',#5215,#5217);
#5219=EDGE_CURVE('',#5214,#2898,#5218,.T.);
#5220=ORIENTED_EDGE('',*,*,#5219,.F.);
#5221=CARTESIAN_POINT('',(-4.431312561,0.478359222,7.845151901));
#5222=VERTEX_POINT('',#5221);
#5223=CARTESIAN_POINT('',(-4.431312561,0.478359222,7.845151901));
#5224=DIRECTION('',(0.069327713,0.879797248,0.470266383));
#5225=VECTOR('',#5224,0.245627729);
#5226=LINE('',#5223,#5225);
#5227=EDGE_CURVE('',#5222,#5214,#5226,.T.);
#5228=ORIENTED_EDGE('',*,*,#5227,.F.);
#5229=CARTESIAN_POINT('',(-4.431312561,0.478359222,7.845151901));
#5230=DIRECTION('',(1.,-0.,-0.));
#5231=VECTOR('',#5230,1.452154555);
#5232=LINE('',#5229,#5231);
#5233=EDGE_CURVE('',#5222,#2907,#5232,.T.);
#5234=ORIENTED_EDGE('',*,*,#5233,.T.);
#5235=EDGE_LOOP('',(#5212,#5220,#5228,#5234));
#5236=FACE_BOUND('',#5235,.T.);
#5237=ADVANCED_FACE('',(#5236),#5211,.T.);
#5238=CARTESIAN_POINT('',(-3.084709066,0.743795913,8.001149557));
#5239=DIRECTION('',(0.,-0.634390949,0.77301237));
#5240=DIRECTION('',(0.,0.77301237,0.634390949));
#5241=AXIS2_PLACEMENT_3D('',#5238,#5239,#5240);
#5242=PLANE('',#5241);
#5243=ORIENTED_EDGE('',*,*,#2904,.F.);
#5244=CARTESIAN_POINT('',(-4.399360657,0.88388443,8.116116524));
#5245=VERTEX_POINT('',#5244);
#5246=CARTESIAN_POINT('',(-4.399360657,0.88388443,8.116116524));
#5247=DIRECTION('',(1.,0.,-0.));
#5248=VECTOR('',#5247,1.470848124);
#5249=LINE('',#5246,#5248);
#5250=EDGE_CURVE('',#5245,#2889,#5249,.T.);
#5251=ORIENTED_EDGE('',*,*,#5250,.F.);
#5252=CARTESIAN_POINT('',(-4.414283752,0.694461823,7.960662365));
#5253=DIRECTION('',(0.060786859,0.771582891,0.633217814));
#5254=VECTOR('',#5253,0.245498714);
#5255=LINE('',#5252,#5254);
#5256=EDGE_CURVE('',#5214,#5245,#5255,.T.);
#5257=ORIENTED_EDGE('',*,*,#5256,.F.);
#5258=ORIENTED_EDGE('',*,*,#5219,.T.);
#5259=EDGE_LOOP('',(#5243,#5251,#5257,#5258));
#5260=FACE_BOUND('',#5259,.T.);
#5261=ADVANCED_FACE('',(#5260),#5242,.T.);
#5262=CARTESIAN_POINT('',(-3.070411433,0.924388408,8.165469566));
#5263=DIRECTION('',(0.,-0.7730029,0.634402488));
#5264=DIRECTION('',(0.,-0.634402488,-0.7730029));
#5265=AXIS2_PLACEMENT_3D('',#5262,#5263,#5264);
#5266=PLANE('',#5265);
#5267=ORIENTED_EDGE('',*,*,#2895,.F.);
#5268=CARTESIAN_POINT('',(-4.387107849,1.039340973,8.30553627));
#5269=VERTEX_POINT('',#5268);
#5270=CARTESIAN_POINT('',(-4.387107849,1.039340973,8.30553627));
#5271=DIRECTION('',(1.,0.,-0.));
#5272=VECTOR('',#5271,1.486203264);
#5273=LINE('',#5270,#5272);
#5274=EDGE_CURVE('',#5269,#2880,#5273,.T.);
#5275=ORIENTED_EDGE('',*,*,#5274,.F.);
#5276=CARTESIAN_POINT('',(-4.399360657,0.88388443,8.116116524));
#5277=DIRECTION('',(0.049940081,0.633610891,0.772038359));
#5278=VECTOR('',#5277,0.245350175);
#5279=LINE('',#5276,#5278);
#5280=EDGE_CURVE('',#5245,#5269,#5279,.T.);
#5281=ORIENTED_EDGE('',*,*,#5280,.F.);
#5282=ORIENTED_EDGE('',*,*,#5250,.T.);
#5283=EDGE_LOOP('',(#5267,#5275,#5281,#5282));
#5284=FACE_BOUND('',#5283,.T.);
#5285=ADVANCED_FACE('',(#5284),#5266,.T.);
#5286=CARTESIAN_POINT('',(-3.05767949,1.069449895,8.361868194));
#5287=DIRECTION('',(0.,-0.881928544,0.471383117));
#5288=DIRECTION('',(0.,-0.471383117,-0.881928544));
#5289=AXIS2_PLACEMENT_3D('',#5286,#5287,#5288);
#5290=PLANE('',#5289);
#5291=ORIENTED_EDGE('',*,*,#2886,.F.);
#5292=CARTESIAN_POINT('',(-4.377998352,1.154850006,8.5216465));
#5293=VERTEX_POINT('',#5292);
#5294=CARTESIAN_POINT('',(-4.377998352,1.154850006,8.5216465));
#5295=DIRECTION('',(1.,0.,-0.));
#5296=VECTOR('',#5295,1.500608515);
#5297=LINE('',#5294,#5296);
#5298=EDGE_CURVE('',#5293,#2871,#5297,.T.);
#5299=ORIENTED_EDGE('',*,*,#5298,.F.);
#5300=CARTESIAN_POINT('',(-4.387107849,1.039340973,8.30553627));
#5301=DIRECTION('',(0.037149467,0.47105773,0.881319767));
#5302=VECTOR('',#5301,0.245212053);
#5303=LINE('',#5300,#5302);
#5304=EDGE_CURVE('',#5269,#5293,#5303,.T.);
#5305=ORIENTED_EDGE('',*,*,#5304,.F.);
#5306=ORIENTED_EDGE('',*,*,#5274,.T.);
#5307=EDGE_LOOP('',(#5291,#5299,#5305,#5306));
#5308=FACE_BOUND('',#5307,.T.);
#5309=ADVANCED_FACE('',(#5308),#5290,.T.);
#5310=CARTESIAN_POINT('',(-3.039982145,1.173395418,8.58278539));
#5311=DIRECTION('',(0.,-0.956944108,0.290272242));
#5312=DIRECTION('',(0.,-0.290272242,-0.956944108));
#5313=AXIS2_PLACEMENT_3D('',#5310,#5311,#5312);
#5314=PLANE('',#5313);
#5315=ORIENTED_EDGE('',*,*,#2877,.F.);
#5316=CARTESIAN_POINT('',(-4.372398376,1.225978851,8.756137848));
#5317=VERTEX_POINT('',#5316);
#5318=CARTESIAN_POINT('',(-4.372398376,1.225978851,8.756137848));
#5319=DIRECTION('',(1.,0.,-0.));
#5320=VECTOR('',#5319,1.510777739);
#5321=LINE('',#5318,#5320);
#5322=EDGE_CURVE('',#5317,#2869,#5321,.T.);
#5323=ORIENTED_EDGE('',*,*,#5322,.F.);
#5324=CARTESIAN_POINT('',(-4.377998352,1.154850006,8.5216465));
#5325=DIRECTION('',(0.022847175,0.290196472,0.956694316));
#5326=VECTOR('',#5325,0.245105824);
#5327=LINE('',#5324,#5326);
#5328=EDGE_CURVE('',#5293,#5317,#5327,.T.);
#5329=ORIENTED_EDGE('',*,*,#5328,.F.);
#5330=ORIENTED_EDGE('',*,*,#5298,.T.);
#5331=EDGE_LOOP('',(#5315,#5323,#5329,#5330));
#5332=FACE_BOUND('',#5331,.T.);
#5333=ADVANCED_FACE('',(#5332),#5314,.T.);
#5334=CARTESIAN_POINT('',(-4.355626252,1.273260101,6.38052806));
#5335=DIRECTION('',(-0.99543656,0.095287584,-0.005131428));
#5336=DIRECTION('',(-0.095288838,-0.995449666,-0.));
#5337=AXIS2_PLACEMENT_3D('',#5334,#5335,#5336);
#5338=PLANE('',#5337);
#5339=CARTESIAN_POINT('',(-4.377998352,1.154850006,8.5216465));
#5340=DIRECTION('',(0.009479263,0.045232132,-0.998931528));
#5341=VECTOR('',#5340,4.526481965);
#5342=LINE('',#5339,#5341);
#5343=EDGE_CURVE('',#5293,#1614,#5342,.T.);
#5344=ORIENTED_EDGE('',*,*,#5343,.F.);
#5345=ORIENTED_EDGE('',*,*,#5328,.T.);
#5346=CARTESIAN_POINT('',(-4.372398376,1.225978851,8.756137848));
#5347=DIRECTION('',(0.007840792,0.028080938,-0.999574901));
#5348=VECTOR('',#5347,4.758159583);
#5349=LINE('',#5346,#5348);
#5350=EDGE_CURVE('',#5317,#1614,#5349,.T.);
#5351=ORIENTED_EDGE('',*,*,#5350,.T.);
#5352=EDGE_LOOP('',(#5344,#5345,#5351));
#5353=FACE_BOUND('',#5352,.T.);
#5354=ADVANCED_FACE('',(#5353),#5338,.T.);
#5355=CARTESIAN_POINT('',(-4.353705307,1.297448628,6.500258188));
#5356=DIRECTION('',(-0.992482583,0.122308652,-0.004349157));
#5357=DIRECTION('',(-0.122309809,-0.99249197,0.));
#5358=AXIS2_PLACEMENT_3D('',#5355,#5356,#5357);
#5359=PLANE('',#5358);
#5360=ORIENTED_EDGE('',*,*,#5350,.F.);
#5361=CARTESIAN_POINT('',(-4.372398376,1.225978851,8.756137848));
#5362=DIRECTION('',(0.007721238,0.098041046,0.995152418));
#5363=VECTOR('',#5362,0.245050052);
#5364=LINE('',#5361,#5363);
#5365=EDGE_CURVE('',#5317,#1606,#5364,.T.);
#5366=ORIENTED_EDGE('',*,*,#5365,.T.);
#5367=ORIENTED_EDGE('',*,*,#1625,.T.);
#5368=EDGE_LOOP('',(#5360,#5366,#5367));
#5369=FACE_BOUND('',#5368,.T.);
#5370=ADVANCED_FACE('',(#5369),#5359,.T.);
#5371=CARTESIAN_POINT('',(-3.070410331,-0.924386387,9.834531429));
#5372=DIRECTION('',(0.,0.773018168,-0.634383884));
#5373=DIRECTION('',(0.,0.634383884,0.773018168));
#5374=AXIS2_PLACEMENT_3D('',#5371,#5372,#5373);
#5375=PLANE('',#5374);
#5376=ORIENTED_EDGE('',*,*,#3057,.F.);
#5377=CARTESIAN_POINT('',(-4.387107849,-1.039333344,9.694464684));
#5378=DIRECTION('',(1.,0.,-0.));
#5379=VECTOR('',#5378,1.486201795);
#5380=LINE('',#5377,#5379);
#5381=EDGE_CURVE('',#1981,#3042,#5380,.T.);
#5382=ORIENTED_EDGE('',*,*,#5381,.F.);
#5383=ORIENTED_EDGE('',*,*,#1993,.F.);
#5384=CARTESIAN_POINT('',(-4.399360657,-0.88388443,9.88388443));
#5385=DIRECTION('',(1.,0.,-0.));
#5386=VECTOR('',#5385,1.470848124);
#5387=LINE('',#5384,#5386);
#5388=EDGE_CURVE('',#1958,#3051,#5387,.T.);
#5389=ORIENTED_EDGE('',*,*,#5388,.T.);
#5390=EDGE_LOOP('',(#5376,#5382,#5383,#5389));
#5391=FACE_BOUND('',#5390,.T.);
#5392=ADVANCED_FACE('',(#5391),#5375,.T.);
#5393=CARTESIAN_POINT('',(-3.063075299,0.998682092,9.74400647));
#5394=DIRECTION('',(0.,-0.7730029,-0.634402488));
#5395=DIRECTION('',(0.,0.634402488,-0.7730029));
#5396=AXIS2_PLACEMENT_3D('',#5393,#5394,#5395);
#5397=PLANE('',#5396);
#5398=ORIENTED_EDGE('',*,*,#3156,.F.);
#5399=CARTESIAN_POINT('',(-2.914357875,0.966813738,9.782837229));
#5400=DIRECTION('',(-0.996147995,-0.055629434,0.067783016));
#5401=VECTOR('',#5400,1.490745139);
#5402=LINE('',#5399,#5401);
#5403=EDGE_CURVE('',#3141,#1705,#5402,.T.);
#5404=ORIENTED_EDGE('',*,*,#5403,.T.);
#5405=ORIENTED_EDGE('',*,*,#1717,.F.);
#5406=CARTESIAN_POINT('',(-4.387107849,1.039340973,9.694464684));
#5407=DIRECTION('',(1.,0.,-0.));
#5408=VECTOR('',#5407,1.486203264);
#5409=LINE('',#5406,#5408);
#5410=EDGE_CURVE('',#1682,#3150,#5409,.T.);
#5411=ORIENTED_EDGE('',*,*,#5410,.T.);
#5412=EDGE_LOOP('',(#5398,#5404,#5405,#5411));
#5413=FACE_BOUND('',#5412,.T.);
#5414=ADVANCED_FACE('',(#5413),#5397,.T.);
#5415=CARTESIAN_POINT('',(-4.386982099,2.329761617,3.644294449));
#5416=DIRECTION('',(-0.700273374,0.212425724,0.681536875));
#5417=DIRECTION('',(-0.697454734,-0.,-0.71662884));
#5418=AXIS2_PLACEMENT_3D('',#5415,#5416,#5417);
#5419=PLANE('',#5418);
#5420=ORIENTED_EDGE('',*,*,#2047,.T.);
#5421=CARTESIAN_POINT('',(-3.938514709,2.666927338,4.000000954));
#5422=DIRECTION('',(-0.631285983,0.26148072,-0.730140973));
#5423=VECTOR('',#5422,1.369599179);
#5424=LINE('',#5421,#5423);
#5425=EDGE_CURVE('',#2036,#3833,#5424,.T.);
#5426=ORIENTED_EDGE('',*,*,#5425,.T.);
#5427=ORIENTED_EDGE('',*,*,#3838,.T.);
#5428=CARTESIAN_POINT('',(-4.335090637,1.359592438,4.000000954));
#5429=DIRECTION('',(-0.670167949,0.133302737,-0.730140603));
#5430=VECTOR('',#5429,1.369599873);
#5431=LINE('',#5428,#5430);
#5432=EDGE_CURVE('',#1614,#3823,#5431,.T.);
#5433=ORIENTED_EDGE('',*,*,#5432,.F.);
#5434=EDGE_LOOP('',(#5420,#5426,#5427,#5433));
#5435=FACE_BOUND('',#5434,.T.);
#5436=ADVANCED_FACE('',(#5435),#5419,.T.);
#5437=CARTESIAN_POINT('',(-3.800140926,3.628578752,3.644293793));
#5438=DIRECTION('',(-0.645377365,0.34495921,0.681535912));
#5439=DIRECTION('',(0.726105985,-0.,0.687582794));
#5440=AXIS2_PLACEMENT_3D('',#5437,#5438,#5439);
#5441=PLANE('',#5440);
#5442=CARTESIAN_POINT('',(-3.294517517,3.871768951,4.000000954));
#5443=DIRECTION('',(-0.568138762,0.37962075,-0.730141379));
#5444=VECTOR('',#5443,1.369598417);
#5445=LINE('',#5442,#5444);
#5446=EDGE_CURVE('',#2068,#3841,#5445,.T.);
#5447=ORIENTED_EDGE('',*,*,#5446,.T.);
#5448=ORIENTED_EDGE('',*,*,#3846,.T.);
#5449=ORIENTED_EDGE('',*,*,#5425,.F.);
#5450=ORIENTED_EDGE('',*,*,#2079,.T.);
#5451=EDGE_LOOP('',(#5447,#5448,#5449,#5450));
#5452=FACE_BOUND('',#5451,.T.);
#5453=ADVANCED_FACE('',(#5452),#5441,.T.);
#5454=CARTESIAN_POINT('',(-2.971180273,4.787947972,3.644295261));
#5455=DIRECTION('',(-0.565673567,0.464243008,0.681536386));
#5456=DIRECTION('',(0.769482139,-0.,0.638668331));
#5457=AXIS2_PLACEMENT_3D('',#5454,#5455,#5456);
#5458=PLANE('',#5457);
#5459=ORIENTED_EDGE('',*,*,#2110,.T.);
#5460=CARTESIAN_POINT('',(-2.427818298,4.927829742,4.000000954));
#5461=DIRECTION('',(-0.483165957,0.483160386,-0.730141561));
#5462=VECTOR('',#5461,1.369598075);
#5463=LINE('',#5460,#5462);
#5464=EDGE_CURVE('',#2099,#3849,#5463,.T.);
#5465=ORIENTED_EDGE('',*,*,#5464,.T.);
#5466=ORIENTED_EDGE('',*,*,#3854,.T.);
#5467=ORIENTED_EDGE('',*,*,#5446,.F.);
#5468=EDGE_LOOP('',(#5459,#5465,#5466,#5467));
#5469=FACE_BOUND('',#5468,.T.);
#5470=ADVANCED_FACE('',(#5469),#5458,.T.);
#5471=CARTESIAN_POINT('',(-1.93196834,5.763326468,3.644293862));
#5472=DIRECTION('',(-0.464244583,0.565677271,0.681532239));
#5473=DIRECTION('',(0.,0.769478174,-0.638673109));
#5474=AXIS2_PLACEMENT_3D('',#5471,#5472,#5473);
#5475=PLANE('',#5474);
#5476=ORIENTED_EDGE('',*,*,#2141,.T.);
#5477=CARTESIAN_POINT('',(-1.371772766,5.794513702,4.000000954));
#5478=DIRECTION('',(-0.379611215,0.568141164,-0.730144467));
#5479=VECTOR('',#5478,1.369592624);
#5480=LINE('',#5477,#5479);
#5481=EDGE_CURVE('',#2130,#3857,#5480,.T.);
#5482=ORIENTED_EDGE('',*,*,#5481,.T.);
#5483=CARTESIAN_POINT('',(-1.891685486,6.572635651,3.000000477));
#5484=DIRECTION('',(-0.268307125,-0.823141456,0.500449229));
#5485=VECTOR('',#5484,1.998205651);
#5486=LINE('',#5483,#5485);
#5487=EDGE_CURVE('',#3857,#2099,#5486,.T.);
#5488=ORIENTED_EDGE('',*,*,#5487,.T.);
#5489=EDGE_LOOP('',(#5476,#5482,#5488));
#5490=FACE_BOUND('',#5489,.T.);
#5491=ADVANCED_FACE('',(#5490),#5475,.T.);
#5492=CARTESIAN_POINT('',(-0.722446202,6.51721934,3.644294568));
#5493=DIRECTION('',(-0.344961699,0.645378462,0.681533614));
#5494=DIRECTION('',(0.,0.726104243,-0.687584634));
#5495=AXIS2_PLACEMENT_3D('',#5492,#5493,#5494);
#5496=PLANE('',#5495);
#5497=ORIENTED_EDGE('',*,*,#2172,.T.);
#5498=CARTESIAN_POINT('',(-0.166923523,6.438518524,4.000000954));
#5499=DIRECTION('',(-0.261481639,0.631282633,-0.73014354));
#5500=VECTOR('',#5499,1.369594363);
#5501=LINE('',#5498,#5500);
#5502=EDGE_CURVE('',#2161,#3865,#5501,.T.);
#5503=ORIENTED_EDGE('',*,*,#5502,.T.);
#5504=ORIENTED_EDGE('',*,*,#3870,.T.);
#5505=ORIENTED_EDGE('',*,*,#5481,.F.);
#5506=EDGE_LOOP('',(#5497,#5503,#5504,#5505));
#5507=FACE_BOUND('',#5506,.T.);
#5508=ADVANCED_FACE('',(#5507),#5496,.T.);
#5509=CARTESIAN_POINT('',(0.610921178,7.020662828,3.644294598));
#5510=DIRECTION('',(-0.212424582,0.700273695,0.681536902));
#5511=DIRECTION('',(0.,-0.697454584,0.716628986));
#5512=AXIS2_PLACEMENT_3D('',#5509,#5510,#5511);
#5513=PLANE('',#5512);
#5514=CARTESIAN_POINT('',(-0.166923523,6.438518524,4.000000954));
#5515=DIRECTION('',(0.562888307,0.657806458,-0.500447217));
#5516=VECTOR('',#5515,1.998213684);
#5517=LINE('',#5514,#5516);
#5518=EDGE_CURVE('',#2161,#3873,#5517,.T.);
#5519=ORIENTED_EDGE('',*,*,#5518,.F.);
#5520=ORIENTED_EDGE('',*,*,#2203,.T.);
#5521=CARTESIAN_POINT('',(1.140419006,6.835094452,4.000000954));
#5522=DIRECTION('',(-0.133302737,0.670167949,-0.730140603));
#5523=VECTOR('',#5522,1.369599873);
#5524=LINE('',#5521,#5523);
#5525=EDGE_CURVE('',#2192,#3873,#5524,.T.);
#5526=ORIENTED_EDGE('',*,*,#5525,.T.);
#5527=EDGE_LOOP('',(#5519,#5520,#5526));
#5528=FACE_BOUND('',#5527,.T.);
#5529=ADVANCED_FACE('',(#5528),#5513,.T.);
#5530=CARTESIAN_POINT('',(2.016886007,7.254303861,3.644294754));
#5531=DIRECTION('',(-0.071729361,0.728262256,0.681534288));
#5532=DIRECTION('',(-0.,-0.683294364,0.730143008));
#5533=AXIS2_PLACEMENT_3D('',#5530,#5531,#5532);
#5534=PLANE('',#5533);
#5535=CARTESIAN_POINT('',(1.140419006,6.835094452,4.000000954));
#5536=DIRECTION('',(0.680403307,0.535353131,-0.500448165));
#5537=VECTOR('',#5536,1.998209899);
#5538=LINE('',#5535,#5537);
#5539=EDGE_CURVE('',#2192,#3881,#5538,.T.);
#5540=ORIENTED_EDGE('',*,*,#5539,.F.);
#5541=ORIENTED_EDGE('',*,*,#2234,.T.);
#5542=CARTESIAN_POINT('',(2.500007629,6.969005585,4.000000954));
#5543=DIRECTION('',(0.,0.683294364,-0.730143008));
#5544=VECTOR('',#5543,1.369595362);
#5545=LINE('',#5542,#5544);
#5546=EDGE_CURVE('',#2223,#3881,#5545,.T.);
#5547=ORIENTED_EDGE('',*,*,#5546,.T.);
#5548=EDGE_LOOP('',(#5540,#5541,#5547));
#5549=FACE_BOUND('',#5548,.T.);
#5550=ADVANCED_FACE('',(#5549),#5534,.T.);
#5551=CARTESIAN_POINT('',(3.441408342,7.209168637,3.644293875));
#5552=DIRECTION('',(0.071729895,0.728259498,0.681537178));
#5553=DIRECTION('',(0.,-0.683297288,0.730140272));
#5554=AXIS2_PLACEMENT_3D('',#5551,#5552,#5553);
#5555=PLANE('',#5554);
#5556=ORIENTED_EDGE('',*,*,#2265,.T.);
#5557=CARTESIAN_POINT('',(3.859580994,6.835094452,4.000000954));
#5558=DIRECTION('',(0.133302737,0.670167949,-0.730140603));
#5559=VECTOR('',#5558,1.369599873);
#5560=LINE('',#5557,#5559);
#5561=EDGE_CURVE('',#2254,#3889,#5560,.T.);
#5562=ORIENTED_EDGE('',*,*,#5561,.T.);
#5563=CARTESIAN_POINT('',(4.042152405,7.75295639,3.000000477));
#5564=DIRECTION('',(-0.771768226,-0.392329133,0.500451453));
#5565=VECTOR('',#5564,1.998196769);
#5566=LINE('',#5563,#5565);
#5567=EDGE_CURVE('',#3889,#2223,#5566,.T.);
#5568=ORIENTED_EDGE('',*,*,#5567,.T.);
#5569=EDGE_LOOP('',(#5556,#5562,#5568));
#5570=FACE_BOUND('',#5569,.T.);
#5571=ADVANCED_FACE('',(#5570),#5555,.T.);
#5572=CARTESIAN_POINT('',(4.829753945,6.886983006,3.644295005));
#5573=DIRECTION('',(0.212425378,0.700276321,0.681533956));
#5574=DIRECTION('',(0.,-0.697451693,0.716631799));
#5575=AXIS2_PLACEMENT_3D('',#5572,#5573,#5574);
#5576=PLANE('',#5575);
#5577=ORIENTED_EDGE('',*,*,#2296,.T.);
#5578=CARTESIAN_POINT('',(5.166923523,6.438518524,4.000000954));
#5579=DIRECTION('',(0.261481639,0.631282633,-0.73014354));
#5580=VECTOR('',#5579,1.369594363);
#5581=LINE('',#5578,#5580);
#5582=EDGE_CURVE('',#2285,#3897,#5581,.T.);
#5583=ORIENTED_EDGE('',*,*,#5582,.T.);
#5584=CARTESIAN_POINT('',(5.525047302,7.303119659,3.000000477));
#5585=DIRECTION('',(-0.833480854,-0.23422272,0.500449182));
#5586=VECTOR('',#5585,1.998205839);
#5587=LINE('',#5584,#5586);
#5588=EDGE_CURVE('',#3897,#2254,#5587,.T.);
#5589=ORIENTED_EDGE('',*,*,#5588,.T.);
#5590=EDGE_LOOP('',(#5577,#5583,#5589));
#5591=FACE_BOUND('',#5590,.T.);
#5592=ADVANCED_FACE('',(#5591),#5576,.T.);
#5593=CARTESIAN_POINT('',(6.128573178,6.300139256,3.644294962));
#5594=DIRECTION('',(0.344961891,0.645378822,0.681533176));
#5595=DIRECTION('',(0.,0.726103832,-0.687585068));
#5596=AXIS2_PLACEMENT_3D('',#5593,#5594,#5595);
#5597=PLANE('',#5596);
#5598=CARTESIAN_POINT('',(6.371772766,5.794513702,4.000000954));
#5599=DIRECTION('',(0.379611215,0.568141164,-0.730144467));
#5600=VECTOR('',#5599,1.369592624);
#5601=LINE('',#5598,#5600);
#5602=EDGE_CURVE('',#2316,#3905,#5601,.T.);
#5603=ORIENTED_EDGE('',*,*,#5602,.T.);
#5604=ORIENTED_EDGE('',*,*,#3910,.T.);
#5605=ORIENTED_EDGE('',*,*,#5582,.F.);
#5606=ORIENTED_EDGE('',*,*,#2327,.T.);
#5607=EDGE_LOOP('',(#5603,#5604,#5605,#5606));
#5608=FACE_BOUND('',#5607,.T.);
#5609=ADVANCED_FACE('',(#5608),#5597,.T.);
#5610=CARTESIAN_POINT('',(7.287949222,5.471183794,3.644294982));
#5611=DIRECTION('',(0.464240794,0.565680828,0.681531868));
#5612=DIRECTION('',(0.,0.76947603,-0.638675692));
#5613=AXIS2_PLACEMENT_3D('',#5610,#5611,#5612);
#5614=PLANE('',#5613);
#5615=ORIENTED_EDGE('',*,*,#2358,.T.);
#5616=CARTESIAN_POINT('',(7.427833557,4.927829742,4.000000954));
#5617=DIRECTION('',(0.483157416,0.483162987,-0.730145492));
#5618=VECTOR('',#5617,1.369590702);
#5619=LINE('',#5616,#5618);
#5620=EDGE_CURVE('',#2347,#3913,#5619,.T.);
#5621=ORIENTED_EDGE('',*,*,#5620,.T.);
#5622=ORIENTED_EDGE('',*,*,#3918,.T.);
#5623=ORIENTED_EDGE('',*,*,#5602,.F.);
#5624=EDGE_LOOP('',(#5615,#5621,#5622,#5623));
#5625=FACE_BOUND('',#5624,.T.);
#5626=ADVANCED_FACE('',(#5625),#5614,.T.);
#5627=CARTESIAN_POINT('',(8.263329795,4.431974927,3.644294572));
#5628=DIRECTION('',(0.565677646,0.464238183,0.681536287));
#5629=DIRECTION('',(0.76947983,0.,-0.638671113));
#5630=AXIS2_PLACEMENT_3D('',#5627,#5628,#5629);
#5631=PLANE('',#5630);
#5632=CARTESIAN_POINT('',(7.427833557,4.927829742,4.000000954));
#5633=DIRECTION('',(0.823141456,-0.268307125,-0.500449229));
#5634=VECTOR('',#5633,1.998205651);
#5635=LINE('',#5632,#5634);
#5636=EDGE_CURVE('',#2347,#3921,#5635,.T.);
#5637=ORIENTED_EDGE('',*,*,#5636,.F.);
#5638=ORIENTED_EDGE('',*,*,#2389,.T.);
#5639=CARTESIAN_POINT('',(8.294517517,3.871768951,4.000000954));
#5640=DIRECTION('',(0.568138762,0.37962075,-0.730141379));
#5641=VECTOR('',#5640,1.369598417);
#5642=LINE('',#5639,#5641);
#5643=EDGE_CURVE('',#2378,#3921,#5642,.T.);
#5644=ORIENTED_EDGE('',*,*,#5643,.T.);
#5645=EDGE_LOOP('',(#5637,#5638,#5644));
#5646=FACE_BOUND('',#5645,.T.);
#5647=ADVANCED_FACE('',(#5646),#5631,.T.);
#5648=CARTESIAN_POINT('',(9.017222162,3.222446666,3.644293744));
#5649=DIRECTION('',(0.64537702,0.344959025,0.681536333));
#5650=DIRECTION('',(0.72610638,-0.,-0.687582377));
#5651=AXIS2_PLACEMENT_3D('',#5648,#5649,#5650);
#5652=PLANE('',#5651);
#5653=ORIENTED_EDGE('',*,*,#2420,.T.);
#5654=CARTESIAN_POINT('',(8.938514709,2.666927338,4.000000954));
#5655=DIRECTION('',(0.631285983,0.26148072,-0.730140973));
#5656=VECTOR('',#5655,1.369599179);
#5657=LINE('',#5654,#5656);
#5658=EDGE_CURVE('',#2409,#3929,#5657,.T.);
#5659=ORIENTED_EDGE('',*,*,#5658,.T.);
#5660=ORIENTED_EDGE('',*,*,#3934,.T.);
#5661=ORIENTED_EDGE('',*,*,#5643,.F.);
#5662=EDGE_LOOP('',(#5653,#5659,#5660,#5661));
#5663=FACE_BOUND('',#5662,.T.);
#5664=ADVANCED_FACE('',(#5663),#5652,.T.);
#5665=CARTESIAN_POINT('',(-4.359409783,1.22546635,6.267571164));
#5666=DIRECTION('',(-0.996041821,0.088719533,-0.005434576));
#5667=DIRECTION('',(-0.088720843,-0.996056531,-0.));
#5668=AXIS2_PLACEMENT_3D('',#5665,#5666,#5667);
#5669=PLANE('',#5668);
#5670=CARTESIAN_POINT('',(-4.387107849,1.039340973,8.30553627));
#5671=DIRECTION('',(0.012047317,0.074171041,-0.997172763));
#5672=VECTOR('',#5671,4.317742599);
#5673=LINE('',#5670,#5672);
#5674=EDGE_CURVE('',#5269,#1614,#5673,.T.);
#5675=ORIENTED_EDGE('',*,*,#5674,.F.);
#5676=ORIENTED_EDGE('',*,*,#5304,.T.);
#5677=ORIENTED_EDGE('',*,*,#5343,.T.);
#5678=EDGE_LOOP('',(#5675,#5676,#5677));
#5679=FACE_BOUND('',#5678,.T.);
#5680=ADVANCED_FACE('',(#5679),#5669,.T.);
#5681=CARTESIAN_POINT('',(-4.364920516,1.155770847,6.165685188));
#5682=DIRECTION('',(-0.99632618,0.085450965,-0.005681132));
#5683=DIRECTION('',(-0.085452344,-0.996342259,-0.));
#5684=AXIS2_PLACEMENT_3D('',#5681,#5682,#5683);
#5685=PLANE('',#5684);
#5686=CARTESIAN_POINT('',(-4.399360657,0.88388443,8.116116524));
#5687=DIRECTION('',(0.015509129,0.114794069,-0.993268236));
#5688=VECTOR('',#5687,4.144012081);
#5689=LINE('',#5686,#5688);
#5690=EDGE_CURVE('',#5245,#1614,#5689,.T.);
#5691=ORIENTED_EDGE('',*,*,#5690,.F.);
#5692=ORIENTED_EDGE('',*,*,#5280,.T.);
#5693=ORIENTED_EDGE('',*,*,#5674,.T.);
#5694=EDGE_LOOP('',(#5691,#5692,#5693));
#5695=FACE_BOUND('',#5694,.T.);
#5696=ADVANCED_FACE('',(#5695),#5685,.T.);
#5697=CARTESIAN_POINT('',(-4.371947425,1.066769635,6.078750857));
#5698=DIRECTION('',(-0.996501176,0.08336849,-0.00592454));
#5699=DIRECTION('',(-0.083369954,-0.996518666,0.));
#5700=AXIS2_PLACEMENT_3D('',#5697,#5698,#5699);
#5701=PLANE('',#5700);
#5702=CARTESIAN_POINT('',(-4.414283752,0.694461823,7.960662365));
#5703=DIRECTION('',(0.019714969,0.165582945,-0.985998787));
#5704=VECTOR('',#5703,4.016902924);
#5705=LINE('',#5702,#5704);
#5706=EDGE_CURVE('',#5214,#1614,#5705,.T.);
#5707=ORIENTED_EDGE('',*,*,#5706,.F.);
#5708=ORIENTED_EDGE('',*,*,#5256,.T.);
#5709=ORIENTED_EDGE('',*,*,#5690,.T.);
#5710=EDGE_LOOP('',(#5707,#5708,#5709));
#5711=FACE_BOUND('',#5710,.T.);
#5712=ADVANCED_FACE('',(#5711),#5701,.T.);
#5713=CARTESIAN_POINT('',(-4.380219886,0.961899928,6.010097594));
#5714=DIRECTION('',(-0.996626363,0.081839186,-0.006183866));
#5715=DIRECTION('',(-0.08184075,-0.996645419,0.));
#5716=AXIS2_PLACEMENT_3D('',#5713,#5714,#5715);
#5717=PLANE('',#5716);
#5718=CARTESIAN_POINT('',(-4.431312561,0.478359222,7.845151901));
#5719=DIRECTION('',(0.024384595,0.223322446,-0.97443957));
#5720=VECTOR('',#5719,3.946012728);
#5721=LINE('',#5718,#5720);
#5722=EDGE_CURVE('',#5222,#1614,#5721,.T.);
#5723=ORIENTED_EDGE('',*,*,#5722,.F.);
#5724=ORIENTED_EDGE('',*,*,#5227,.T.);
#5725=ORIENTED_EDGE('',*,*,#5706,.T.);
#5726=EDGE_LOOP('',(#5723,#5724,#5725));
#5727=FACE_BOUND('',#5726,.T.);
#5728=ADVANCED_FACE('',(#5727),#5717,.T.);
#5729=CARTESIAN_POINT('',(-4.389410256,0.845322935,5.962396229));
#5730=DIRECTION('',(-0.996732543,0.080511541,-0.006490793));
#5731=DIRECTION('',(-0.080513237,-0.99675354,-0.));
#5732=AXIS2_PLACEMENT_3D('',#5729,#5730,#5731);
#5733=PLANE('',#5732);
#5734=CARTESIAN_POINT('',(-4.449790955,0.243862152,7.774019718));
#5735=VERTEX_POINT('',#5734);
#5736=CARTESIAN_POINT('',(-4.449790955,0.243862152,7.774019718));
#5737=DIRECTION('',(0.029132756,0.283384552,-0.958563758));
#5738=VECTOR('',#5737,3.937159873);
#5739=LINE('',#5736,#5738);
#5740=EDGE_CURVE('',#5735,#1614,#5739,.T.);
#5741=ORIENTED_EDGE('',*,*,#5740,.F.);
#5742=CARTESIAN_POINT('',(-4.449790955,0.243862152,7.774019718));
#5743=DIRECTION('',(0.075193671,0.954233139,0.289456436));
#5744=VECTOR('',#5743,0.245744002);
#5745=LINE('',#5742,#5744);
#5746=EDGE_CURVE('',#5735,#5222,#5745,.T.);
#5747=ORIENTED_EDGE('',*,*,#5746,.T.);
#5748=ORIENTED_EDGE('',*,*,#5722,.T.);
#5749=EDGE_LOOP('',(#5741,#5747,#5748));
#5750=FACE_BOUND('',#5749,.T.);
#5751=ADVANCED_FACE('',(#5750),#5733,.T.);
#5752=CARTESIAN_POINT('',(-4.399144104,0.721752437,5.937527007));
#5753=DIRECTION('',(-0.996834465,0.079206817,-0.006879612));
#5754=DIRECTION('',(-0.079208691,-0.996858056,-0.));
#5755=AXIS2_PLACEMENT_3D('',#5752,#5753,#5754);
#5756=PLANE('',#5755);
#5757=CARTESIAN_POINT('',(-4.46900177,0.000003815,7.750000954));
#5758=DIRECTION('',(0.033552401,0.340654748,-0.93958958));
#5759=VECTOR('',#5758,3.991104285);
#5760=LINE('',#5757,#5759);
#5761=EDGE_CURVE('',#4122,#1614,#5760,.T.);
#5762=ORIENTED_EDGE('',*,*,#5761,.F.);
#5763=CARTESIAN_POINT('',(-4.46900177,0.000003815,7.750000954));
#5764=DIRECTION('',(0.078159389,0.99214001,0.097720576));
#5765=VECTOR('',#5764,0.245790246);
#5766=LINE('',#5763,#5765);
#5767=EDGE_CURVE('',#4122,#5735,#5766,.T.);
#5768=ORIENTED_EDGE('',*,*,#5767,.T.);
#5769=ORIENTED_EDGE('',*,*,#5740,.T.);
#5770=EDGE_LOOP('',(#5762,#5768,#5769));
#5771=FACE_BOUND('',#5770,.T.);
#5772=ADVANCED_FACE('',(#5771),#5756,.T.);
#5773=CARTESIAN_POINT('',(-3.110181958,0.416961831,7.826527658));
#5774=DIRECTION('',(0.,-0.290278229,0.956942292));
#5775=DIRECTION('',(0.,0.956942292,0.290278229));
#5776=AXIS2_PLACEMENT_3D('',#5773,#5774,#5775);
#5777=PLANE('',#5776);
#5778=ORIENTED_EDGE('',*,*,#2922,.F.);
#5779=ORIENTED_EDGE('',*,*,#5233,.F.);
#5780=ORIENTED_EDGE('',*,*,#5746,.F.);
#5781=CARTESIAN_POINT('',(-4.449790955,0.243862152,7.774019718));
#5782=DIRECTION('',(1.,-0.,-0.));
#5783=VECTOR('',#5782,1.455199864);
#5784=LINE('',#5781,#5783);
#5785=EDGE_CURVE('',#5735,#2916,#5784,.T.);
#5786=ORIENTED_EDGE('',*,*,#5785,.T.);
#5787=EDGE_LOOP('',(#5778,#5779,#5780,#5786));
#5788=FACE_BOUND('',#5787,.T.);
#5789=ADVANCED_FACE('',(#5788),#5777,.T.);
#5790=CARTESIAN_POINT('',(-3.011367466,0.180390982,7.767768142));
#5791=DIRECTION('',(0.,-0.098020433,0.995184402));
#5792=DIRECTION('',(0.,0.995184402,0.098020433));
#5793=AXIS2_PLACEMENT_3D('',#5790,#5791,#5792);
#5794=PLANE('',#5793);
#5795=ORIENTED_EDGE('',*,*,#2931,.F.);
#5796=ORIENTED_EDGE('',*,*,#5785,.F.);
#5797=ORIENTED_EDGE('',*,*,#5767,.F.);
#5798=CARTESIAN_POINT('',(-4.46900177,0.000003815,7.750000954));
#5799=DIRECTION('',(1.,-0.,-0.));
#5800=VECTOR('',#5799,1.46900177);
#5801=LINE('',#5798,#5800);
#5802=EDGE_CURVE('',#4122,#2925,#5801,.T.);
#5803=ORIENTED_EDGE('',*,*,#5802,.T.);
#5804=EDGE_LOOP('',(#5795,#5796,#5797,#5803));
#5805=FACE_BOUND('',#5804,.T.);
#5806=ADVANCED_FACE('',(#5805),#5794,.T.);
#5807=CARTESIAN_POINT('',(-3.029481026,1.232245376,8.819745365));
#5808=DIRECTION('',(0.,-0.995182084,0.098043968));
#5809=DIRECTION('',(0.,-0.098043968,-0.995182084));
#5810=AXIS2_PLACEMENT_3D('',#5807,#5808,#5809);
#5811=PLANE('',#5810);
#5812=ORIENTED_EDGE('',*,*,#3190,.F.);
#5813=CARTESIAN_POINT('',(-4.370506287,1.250003815,9.));
#5814=DIRECTION('',(1.,0.,-0.));
#5815=VECTOR('',#5814,1.514435855);
#5816=LINE('',#5813,#5815);
#5817=EDGE_CURVE('',#1606,#3177,#5816,.T.);
#5818=ORIENTED_EDGE('',*,*,#5817,.F.);
#5819=ORIENTED_EDGE('',*,*,#5365,.F.);
#5820=ORIENTED_EDGE('',*,*,#5322,.T.);
#5821=EDGE_LOOP('',(#5812,#5818,#5819,#5820));
#5822=FACE_BOUND('',#5821,.T.);
#5823=ADVANCED_FACE('',(#5822),#5811,.T.);
#5824=CARTESIAN_POINT('',(-3.029481026,1.232245376,9.180254635));
#5825=DIRECTION('',(0.,-0.995182084,-0.098043968));
#5826=DIRECTION('',(0.,0.098043968,-0.995182084));
#5827=AXIS2_PLACEMENT_3D('',#5824,#5825,#5826);
#5828=PLANE('',#5827);
#5829=ORIENTED_EDGE('',*,*,#3183,.F.);
#5830=CARTESIAN_POINT('',(-2.861620637,1.225978851,9.243862152));
#5831=DIRECTION('',(-1.,-0.,0.));
#5832=VECTOR('',#5831,1.510777739);
#5833=LINE('',#5830,#5832);
#5834=EDGE_CURVE('',#3168,#1636,#5833,.T.);
#5835=ORIENTED_EDGE('',*,*,#5834,.T.);
#5836=ORIENTED_EDGE('',*,*,#1648,.T.);
#5837=ORIENTED_EDGE('',*,*,#5817,.T.);
#5838=EDGE_LOOP('',(#5829,#5835,#5836,#5837));
#5839=FACE_BOUND('',#5838,.T.);
#5840=ADVANCED_FACE('',(#5839),#5828,.T.);
#5841=CARTESIAN_POINT('',(-3.03998277,1.173395427,9.417216696));
#5842=DIRECTION('',(0.,-0.956945092,-0.290268999));
#5843=DIRECTION('',(0.,0.290268999,-0.956945092));
#5844=AXIS2_PLACEMENT_3D('',#5841,#5842,#5843);
#5845=PLANE('',#5844);
#5846=ORIENTED_EDGE('',*,*,#3174,.F.);
#5847=CARTESIAN_POINT('',(-2.877389837,1.154850006,9.478356361));
#5848=DIRECTION('',(-1.,-0.,0.));
#5849=VECTOR('',#5848,1.500608515);
#5850=LINE('',#5847,#5849);
#5851=EDGE_CURVE('',#3159,#1659,#5850,.T.);
#5852=ORIENTED_EDGE('',*,*,#5851,.T.);
#5853=ORIENTED_EDGE('',*,*,#1671,.F.);
#5854=ORIENTED_EDGE('',*,*,#5834,.F.);
#5855=EDGE_LOOP('',(#5846,#5852,#5853,#5854));
#5856=FACE_BOUND('',#5855,.T.);
#5857=ADVANCED_FACE('',(#5856),#5845,.T.);
#5858=CARTESIAN_POINT('',(-3.043699747,1.124663584,9.534832785));
#5859=DIRECTION('',(0.,-0.881926815,-0.471386353));
#5860=DIRECTION('',(0.,0.471386353,-0.881926815));
#5861=AXIS2_PLACEMENT_3D('',#5858,#5859,#5860);
#5862=PLANE('',#5861);
#5863=ORIENTED_EDGE('',*,*,#3165,.F.);
#5864=ORIENTED_EDGE('',*,*,#5410,.F.);
#5865=ORIENTED_EDGE('',*,*,#1694,.F.);
#5866=ORIENTED_EDGE('',*,*,#5851,.F.);
#5867=EDGE_LOOP('',(#5863,#5864,#5865,#5866));
#5868=FACE_BOUND('',#5867,.T.);
#5869=ADVANCED_FACE('',(#5868),#5862,.T.);
#5870=CARTESIAN_POINT('',(-3.002431361,0.958155933,9.79338597));
#5871=DIRECTION('',(-0.000005383,-0.772964105,-0.634449756));
#5872=DIRECTION('',(0.,0.634449756,-0.772964105));
#5873=AXIS2_PLACEMENT_3D('',#5870,#5871,#5872);
#5874=PLANE('',#5873);
#5875=ORIENTED_EDGE('',*,*,#3147,.F.);
#5876=CARTESIAN_POINT('',(-4.399360657,0.88388443,9.88388443));
#5877=DIRECTION('',(0.996848901,0.05032283,-0.06131787));
#5878=VECTOR('',#5877,1.488263713);
#5879=LINE('',#5876,#5878);
#5880=EDGE_CURVE('',#1705,#3132,#5879,.T.);
#5881=ORIENTED_EDGE('',*,*,#5880,.F.);
#5882=ORIENTED_EDGE('',*,*,#5403,.F.);
#5883=EDGE_LOOP('',(#5875,#5881,#5882));
#5884=FACE_BOUND('',#5883,.T.);
#5885=ADVANCED_FACE('',(#5884),#5874,.T.);
#5886=CARTESIAN_POINT('',(-2.958915143,0.920435207,9.83934767));
#5887=DIRECTION('',(0.,-0.77300702,-0.634397467));
#5888=DIRECTION('',(0.,0.634397467,-0.77300702));
#5889=AXIS2_PLACEMENT_3D('',#5886,#5887,#5888);
#5890=PLANE('',#5889);
#5891=ORIENTED_EDGE('',*,*,#3138,.F.);
#5892=CARTESIAN_POINT('',(-4.399360657,0.88388443,9.88388443));
#5893=DIRECTION('',(1.,-0.,-0.));
#5894=VECTOR('',#5893,1.470848124);
#5895=LINE('',#5892,#5894);
#5896=EDGE_CURVE('',#1705,#3123,#5895,.T.);
#5897=ORIENTED_EDGE('',*,*,#5896,.F.);
#5898=ORIENTED_EDGE('',*,*,#5880,.T.);
#5899=EDGE_LOOP('',(#5891,#5897,#5898));
#5900=FACE_BOUND('',#5899,.T.);
#5901=ADVANCED_FACE('',(#5900),#5890,.T.);
#5902=CARTESIAN_POINT('',(-3.084708859,0.743795905,9.998850345));
#5903=DIRECTION('',(0.,-0.634387461,-0.773015233));
#5904=DIRECTION('',(0.,-0.773015233,0.634387461));
#5905=AXIS2_PLACEMENT_3D('',#5902,#5903,#5904);
#5906=PLANE('',#5905);
#5907=ORIENTED_EDGE('',*,*,#3129,.F.);
#5908=CARTESIAN_POINT('',(-4.414283752,0.694461823,10.039337158));
#5909=DIRECTION('',(1.,-0.,-0.));
#5910=VECTOR('',#5909,1.458303293);
#5911=LINE('',#5908,#5910);
#5912=EDGE_CURVE('',#1728,#3114,#5911,.T.);
#5913=ORIENTED_EDGE('',*,*,#5912,.F.);
#5914=ORIENTED_EDGE('',*,*,#1740,.F.);
#5915=ORIENTED_EDGE('',*,*,#5896,.T.);
#5916=EDGE_LOOP('',(#5907,#5913,#5914,#5915));
#5917=FACE_BOUND('',#5916,.T.);
#5918=ADVANCED_FACE('',(#5917),#5906,.T.);
#5919=CARTESIAN_POINT('',(-3.101242162,0.534624344,10.12477544));
#5920=DIRECTION('',(0.,-0.471411196,-0.881913536));
#5921=DIRECTION('',(0.,-0.881913536,0.471411196));
#5922=AXIS2_PLACEMENT_3D('',#5919,#5920,#5921);
#5923=PLANE('',#5922);
#5924=ORIENTED_EDGE('',*,*,#3120,.F.);
#5925=CARTESIAN_POINT('',(-4.431312561,0.478359222,10.15485096));
#5926=DIRECTION('',(1.,-0.,-0.));
#5927=VECTOR('',#5926,1.452154555);
#5928=LINE('',#5925,#5927);
#5929=EDGE_CURVE('',#1751,#3105,#5928,.T.);
#5930=ORIENTED_EDGE('',*,*,#5929,.F.);
#5931=ORIENTED_EDGE('',*,*,#1763,.F.);
#5932=ORIENTED_EDGE('',*,*,#5912,.T.);
#5933=EDGE_LOOP('',(#5924,#5930,#5931,#5932));
#5934=FACE_BOUND('',#5933,.T.);
#5935=ADVANCED_FACE('',(#5934),#5923,.T.);
#5936=CARTESIAN_POINT('',(-3.119377476,0.304903573,10.207465821));
#5937=DIRECTION('',(0.,-0.290272883,-0.956943913));
#5938=DIRECTION('',(0.,-0.956943913,0.290272883));
#5939=AXIS2_PLACEMENT_3D('',#5936,#5937,#5938);
#5940=PLANE('',#5939);
#5941=ORIENTED_EDGE('',*,*,#3111,.F.);
#5942=CARTESIAN_POINT('',(-4.449790955,0.243862152,10.225981712));
#5943=DIRECTION('',(1.,-0.,-0.));
#5944=VECTOR('',#5943,1.455199864);
#5945=LINE('',#5942,#5944);
#5946=EDGE_CURVE('',#1774,#3096,#5945,.T.);
#5947=ORIENTED_EDGE('',*,*,#5946,.F.);
#5948=ORIENTED_EDGE('',*,*,#1786,.F.);
#5949=ORIENTED_EDGE('',*,*,#5929,.T.);
#5950=EDGE_LOOP('',(#5941,#5947,#5948,#5949));
#5951=FACE_BOUND('',#5950,.T.);
#5952=ADVANCED_FACE('',(#5951),#5940,.T.);
#5953=CARTESIAN_POINT('',(-3.020935477,0.063860134,10.243710613));
#5954=DIRECTION('',(0.,-0.098018506,-0.995184592));
#5955=DIRECTION('',(0.,-0.995184592,0.098018506));
#5956=AXIS2_PLACEMENT_3D('',#5953,#5954,#5955);
#5957=PLANE('',#5956);
#5958=ORIENTED_EDGE('',*,*,#3102,.F.);
#5959=CARTESIAN_POINT('',(-4.46900177,0.000003815,10.25));
#5960=DIRECTION('',(1.,-0.,-0.));
#5961=VECTOR('',#5960,1.46900177);
#5962=LINE('',#5959,#5961);
#5963=EDGE_CURVE('',#1836,#3087,#5962,.T.);
#5964=ORIENTED_EDGE('',*,*,#5963,.F.);
#5965=ORIENTED_EDGE('',*,*,#1848,.F.);
#5966=ORIENTED_EDGE('',*,*,#5946,.T.);
#5967=EDGE_LOOP('',(#5958,#5964,#5965,#5966));
#5968=FACE_BOUND('',#5967,.T.);
#5969=ADVANCED_FACE('',(#5968),#5957,.T.);
#5970=CARTESIAN_POINT('',(-3.128850039,-0.180003933,10.23227109));
#5971=DIRECTION('',(0.,0.098015469,-0.995184891));
#5972=DIRECTION('',(0.,-0.995184891,-0.098015469));
#5973=AXIS2_PLACEMENT_3D('',#5970,#5971,#5972);
#5974=PLANE('',#5973);
#5975=ORIENTED_EDGE('',*,*,#3093,.F.);
#5976=CARTESIAN_POINT('',(-4.449790955,-0.243862152,10.225981712));
#5977=DIRECTION('',(1.,-0.,-0.));
#5978=VECTOR('',#5977,1.455199864);
#5979=LINE('',#5976,#5978);
#5980=EDGE_CURVE('',#1889,#3078,#5979,.T.);
#5981=ORIENTED_EDGE('',*,*,#5980,.F.);
#5982=ORIENTED_EDGE('',*,*,#1901,.F.);
#5983=ORIENTED_EDGE('',*,*,#5963,.T.);
#5984=EDGE_LOOP('',(#5975,#5981,#5982,#5983));
#5985=FACE_BOUND('',#5984,.T.);
#5986=ADVANCED_FACE('',(#5985),#5974,.T.);
#5987=CARTESIAN_POINT('',(-3.110180203,-0.416956279,10.173474804));
#5988=DIRECTION('',(0.,0.290281532,-0.95694129));
#5989=DIRECTION('',(0.,-0.95694129,-0.290281532));
#5990=AXIS2_PLACEMENT_3D('',#5987,#5988,#5989);
#5991=PLANE('',#5990);
#5992=ORIENTED_EDGE('',*,*,#3084,.F.);
#5993=CARTESIAN_POINT('',(-4.431312561,-0.478351593,10.15485096));
#5994=DIRECTION('',(1.,-0.,-0.));
#5995=VECTOR('',#5994,1.452153889);
#5996=LINE('',#5993,#5995);
#5997=EDGE_CURVE('',#1912,#3069,#5996,.T.);
#5998=ORIENTED_EDGE('',*,*,#5997,.F.);
#5999=ORIENTED_EDGE('',*,*,#1924,.F.);
#6000=ORIENTED_EDGE('',*,*,#5980,.T.);
#6001=EDGE_LOOP('',(#5992,#5998,#5999,#6000));
#6002=FACE_BOUND('',#6001,.T.);
#6003=ADVANCED_FACE('',(#6002),#5991,.T.);
#6004=CARTESIAN_POINT('',(-3.092762433,-0.637892329,10.069574307));
#6005=DIRECTION('',(0.,0.471398252,-0.881920455));
#6006=DIRECTION('',(0.,-0.881920455,-0.471398252));
#6007=AXIS2_PLACEMENT_3D('',#6004,#6005,#6006);
#6008=PLANE('',#6007);
#6009=ORIENTED_EDGE('',*,*,#3075,.F.);
#6010=CARTESIAN_POINT('',(-4.414283752,-0.694461823,10.039337158));
#6011=DIRECTION('',(1.,-0.,-0.));
#6012=VECTOR('',#6011,1.458303293);
#6013=LINE('',#6010,#6012);
#6014=EDGE_CURVE('',#1935,#3060,#6013,.T.);
#6015=ORIENTED_EDGE('',*,*,#6014,.F.);
#6016=ORIENTED_EDGE('',*,*,#1947,.F.);
#6017=ORIENTED_EDGE('',*,*,#5997,.T.);
#6018=EDGE_LOOP('',(#6009,#6015,#6016,#6017));
#6019=FACE_BOUND('',#6018,.T.);
#6020=ADVANCED_FACE('',(#6019),#6008,.T.);
#6021=CARTESIAN_POINT('',(-3.077268744,-0.834318129,9.924561817));
#6022=DIRECTION('',(0.,0.634387461,-0.773015233));
#6023=DIRECTION('',(0.,-0.773015233,-0.634387461));
#6024=AXIS2_PLACEMENT_3D('',#6021,#6022,#6023);
#6025=PLANE('',#6024);
#6026=ORIENTED_EDGE('',*,*,#3066,.F.);
#6027=ORIENTED_EDGE('',*,*,#5388,.F.);
#6028=ORIENTED_EDGE('',*,*,#1970,.F.);
#6029=ORIENTED_EDGE('',*,*,#6014,.T.);
#6030=EDGE_LOOP('',(#6026,#6027,#6028,#6029));
#6031=FACE_BOUND('',#6030,.T.);
#6032=ADVANCED_FACE('',(#6031),#6025,.T.);
#6033=CARTESIAN_POINT('',(-3.043700567,-1.124661572,9.534832819));
#6034=DIRECTION('',(0.,0.881913871,-0.471410569));
#6035=DIRECTION('',(0.,0.471410569,0.881913871));
#6036=AXIS2_PLACEMENT_3D('',#6033,#6034,#6035);
#6037=PLANE('',#6036);
#6038=ORIENTED_EDGE('',*,*,#3048,.F.);
#6039=CARTESIAN_POINT('',(-4.377998352,-1.154850006,9.478356361));
#6040=DIRECTION('',(1.,0.,-0.));
#6041=VECTOR('',#6040,1.500608515);
#6042=LINE('',#6039,#6041);
#6043=EDGE_CURVE('',#2004,#3033,#6042,.T.);
#6044=ORIENTED_EDGE('',*,*,#6043,.F.);
#6045=ORIENTED_EDGE('',*,*,#2016,.F.);
#6046=ORIENTED_EDGE('',*,*,#5381,.T.);
#6047=EDGE_LOOP('',(#6038,#6044,#6045,#6046));
#6048=FACE_BOUND('',#6047,.T.);
#6049=ADVANCED_FACE('',(#6048),#6037,.T.);
#6050=CARTESIAN_POINT('',(-3.031375742,-1.20740422,9.305098116));
#6051=DIRECTION('',(0.,0.956945092,-0.290268999));
#6052=DIRECTION('',(0.,0.290268999,0.956945092));
#6053=AXIS2_PLACEMENT_3D('',#6050,#6051,#6052);
#6054=PLANE('',#6053);
#6055=ORIENTED_EDGE('',*,*,#3039,.F.);
#6056=ORIENTED_EDGE('',*,*,#4333,.F.);
#6057=ORIENTED_EDGE('',*,*,#2436,.F.);
#6058=ORIENTED_EDGE('',*,*,#6043,.T.);
#6059=EDGE_LOOP('',(#6055,#6056,#6057,#6058));
#6060=FACE_BOUND('',#6059,.T.);
#6061=ADVANCED_FACE('',(#6060),#6054,.T.);
#6062=CARTESIAN_POINT('',(-3.029480855,-1.232243385,8.819745356));
#6063=DIRECTION('',(0.,0.995185121,0.098013133));
#6064=DIRECTION('',(0.,-0.098013133,0.995185121));
#6065=AXIS2_PLACEMENT_3D('',#6062,#6063,#6064);
#6066=PLANE('',#6065);
#6067=ORIENTED_EDGE('',*,*,#3021,.F.);
#6068=CARTESIAN_POINT('',(-4.372398376,-1.225978851,8.756137848));
#6069=DIRECTION('',(1.,0.,-0.));
#6070=VECTOR('',#6069,1.510777739);
#6071=LINE('',#6068,#6070);
#6072=EDGE_CURVE('',#4283,#3006,#6071,.T.);
#6073=ORIENTED_EDGE('',*,*,#6072,.F.);
#6074=ORIENTED_EDGE('',*,*,#4309,.F.);
#6075=ORIENTED_EDGE('',*,*,#4326,.T.);
#6076=EDGE_LOOP('',(#6067,#6073,#6074,#6075));
#6077=FACE_BOUND('',#6076,.T.);
#6078=ADVANCED_FACE('',(#6077),#6066,.T.);
#6079=CARTESIAN_POINT('',(-3.039982145,-1.173395418,8.58278539));
#6080=DIRECTION('',(0.,0.956944108,0.290272242));
#6081=DIRECTION('',(0.,-0.290272242,0.956944108));
#6082=AXIS2_PLACEMENT_3D('',#6079,#6080,#6081);
#6083=PLANE('',#6082);
#6084=ORIENTED_EDGE('',*,*,#3012,.F.);
#6085=CARTESIAN_POINT('',(-4.377998352,-1.154850006,8.5216465));
#6086=DIRECTION('',(1.,0.,-0.));
#6087=VECTOR('',#6086,1.500608515);
#6088=LINE('',#6085,#6087);
#6089=EDGE_CURVE('',#4260,#2997,#6088,.T.);
#6090=ORIENTED_EDGE('',*,*,#6089,.F.);
#6091=ORIENTED_EDGE('',*,*,#4288,.F.);
#6092=ORIENTED_EDGE('',*,*,#6072,.T.);
#6093=EDGE_LOOP('',(#6084,#6090,#6091,#6092));
#6094=FACE_BOUND('',#6093,.T.);
#6095=ADVANCED_FACE('',(#6094),#6083,.T.);
#6096=CARTESIAN_POINT('',(-3.057680309,-1.069444273,8.361868229));
#6097=DIRECTION('',(0.,0.881915601,0.471407333));
#6098=DIRECTION('',(0.,-0.471407333,0.881915601));
#6099=AXIS2_PLACEMENT_3D('',#6096,#6097,#6098);
#6100=PLANE('',#6099);
#6101=ORIENTED_EDGE('',*,*,#3003,.F.);
#6102=CARTESIAN_POINT('',(-4.387107849,-1.039333344,8.30553627));
#6103=DIRECTION('',(1.,0.,-0.));
#6104=VECTOR('',#6103,1.486201795);
#6105=LINE('',#6102,#6104);
#6106=EDGE_CURVE('',#4237,#2988,#6105,.T.);
#6107=ORIENTED_EDGE('',*,*,#6106,.F.);
#6108=ORIENTED_EDGE('',*,*,#4265,.F.);
#6109=ORIENTED_EDGE('',*,*,#6089,.T.);
#6110=EDGE_LOOP('',(#6101,#6107,#6108,#6109));
#6111=FACE_BOUND('',#6110,.T.);
#6112=ADVANCED_FACE('',(#6111),#6100,.T.);
#6113=CARTESIAN_POINT('',(-3.063074197,-0.998676492,8.255994524));
#6114=DIRECTION('',(0.,0.773018168,0.634383884));
#6115=DIRECTION('',(0.,-0.634383884,0.773018168));
#6116=AXIS2_PLACEMENT_3D('',#6113,#6114,#6115);
#6117=PLANE('',#6116);
#6118=ORIENTED_EDGE('',*,*,#2994,.F.);
#6119=ORIENTED_EDGE('',*,*,#5186,.T.);
#6120=ORIENTED_EDGE('',*,*,#4242,.F.);
#6121=ORIENTED_EDGE('',*,*,#6106,.T.);
#6122=EDGE_LOOP('',(#6118,#6119,#6120,#6121));
#6123=FACE_BOUND('',#6122,.T.);
#6124=ADVANCED_FACE('',(#6123),#6117,.T.);
#6125=CARTESIAN_POINT('',(-2.959934104,-0.834550462,8.075629432));
#6126=DIRECTION('',(0.,0.634390949,0.77301237));
#6127=DIRECTION('',(0.,0.77301237,-0.634390949));
#6128=AXIS2_PLACEMENT_3D('',#6125,#6126,#6127);
#6129=PLANE('',#6128);
#6130=ORIENTED_EDGE('',*,*,#2967,.F.);
#6131=CARTESIAN_POINT('',(-4.414283752,-0.694461823,7.960662365));
#6132=DIRECTION('',(1.,-0.,-0.));
#6133=VECTOR('',#6132,1.458303293);
#6134=LINE('',#6131,#6133);
#6135=EDGE_CURVE('',#4191,#2952,#6134,.T.);
#6136=ORIENTED_EDGE('',*,*,#6135,.F.);
#6137=ORIENTED_EDGE('',*,*,#4219,.F.);
#6138=ORIENTED_EDGE('',*,*,#5201,.T.);
#6139=EDGE_LOOP('',(#6130,#6136,#6137,#6138));
#6140=FACE_BOUND('',#6139,.T.);
#6141=ADVANCED_FACE('',(#6140),#6129,.T.);
#6142=CARTESIAN_POINT('',(-2.975355788,-0.638194665,7.930587687));
#6143=DIRECTION('',(0.,0.471387657,0.881926117));
#6144=DIRECTION('',(0.,0.881926117,-0.471387657));
#6145=AXIS2_PLACEMENT_3D('',#6142,#6143,#6144);
#6146=PLANE('',#6145);
#6147=ORIENTED_EDGE('',*,*,#2958,.F.);
#6148=CARTESIAN_POINT('',(-4.431312561,-0.478351593,7.845151901));
#6149=DIRECTION('',(1.,-0.,-0.));
#6150=VECTOR('',#6149,1.452153889);
#6151=LINE('',#6148,#6150);
#6152=EDGE_CURVE('',#4168,#2943,#6151,.T.);
#6153=ORIENTED_EDGE('',*,*,#6152,.F.);
#6154=ORIENTED_EDGE('',*,*,#4196,.F.);
#6155=ORIENTED_EDGE('',*,*,#6135,.T.);
#6156=EDGE_LOOP('',(#6147,#6153,#6154,#6155));
#6157=FACE_BOUND('',#6156,.T.);
#6158=ADVANCED_FACE('',(#6157),#6146,.T.);
#6159=CARTESIAN_POINT('',(-2.992719254,-0.417312081,7.826635614));
#6160=DIRECTION('',(0.,0.290286878,0.956939668));
#6161=DIRECTION('',(0.,0.956939668,-0.290286878));
#6162=AXIS2_PLACEMENT_3D('',#6159,#6160,#6161);
#6163=PLANE('',#6162);
#6164=ORIENTED_EDGE('',*,*,#2949,.F.);
#6165=CARTESIAN_POINT('',(-4.449790955,-0.243862152,7.774019718));
#6166=DIRECTION('',(1.,-0.,-0.));
#6167=VECTOR('',#6166,1.455199864);
#6168=LINE('',#6165,#6167);
#6169=EDGE_CURVE('',#4145,#2934,#6168,.T.);
#6170=ORIENTED_EDGE('',*,*,#6169,.F.);
#6171=ORIENTED_EDGE('',*,*,#4173,.F.);
#6172=ORIENTED_EDGE('',*,*,#6152,.T.);
#6173=EDGE_LOOP('',(#6164,#6170,#6171,#6172));
#6174=FACE_BOUND('',#6173,.T.);
#6175=ADVANCED_FACE('',(#6174),#6163,.T.);
#6176=CARTESIAN_POINT('',(-3.011365742,-0.180388913,7.767768133));
#6177=DIRECTION('',(0.,0.098017396,0.995184702));
#6178=DIRECTION('',(0.,0.995184702,-0.098017396));
#6179=AXIS2_PLACEMENT_3D('',#6176,#6177,#6178);
#6180=PLANE('',#6179);
#6181=ORIENTED_EDGE('',*,*,#2940,.F.);
#6182=ORIENTED_EDGE('',*,*,#5802,.F.);
#6183=ORIENTED_EDGE('',*,*,#4150,.F.);
#6184=ORIENTED_EDGE('',*,*,#6169,.T.);
#6185=EDGE_LOOP('',(#6181,#6182,#6183,#6184));
#6186=FACE_BOUND('',#6185,.T.);
#6187=ADVANCED_FACE('',(#6186),#6180,.T.);
#6188=CARTESIAN_POINT('',(-4.429615753,0.399886782,5.59373517));
#6189=DIRECTION('',(-0.995184488,0.098019563,0.));
#6190=DIRECTION('',(-0.098019563,-0.995184488,0.));
#6191=AXIS2_PLACEMENT_3D('',#6188,#6189,#6190);
#6192=PLANE('',#6191);
#6193=CARTESIAN_POINT('',(-4.46900177,0.000003815,4.000000954));
#6194=DIRECTION('',(0.098019563,0.995184488,0.));
#6195=VECTOR('',#6194,1.366167419);
#6196=LINE('',#6193,#6195);
#6197=EDGE_CURVE('',#4100,#1614,#6196,.T.);
#6198=ORIENTED_EDGE('',*,*,#6197,.F.);
#6199=ORIENTED_EDGE('',*,*,#4127,.F.);
#6200=ORIENTED_EDGE('',*,*,#5761,.T.);
#6201=EDGE_LOOP('',(#6198,#6199,#6200));
#6202=FACE_BOUND('',#6201,.T.);
#6203=ADVANCED_FACE('',(#6202),#6192,.T.);
#6204=CARTESIAN_POINT('',(-4.709164215,0.941413101,3.644294657));
#6205=DIRECTION('',(-0.728259613,0.071729101,0.681537139));
#6206=DIRECTION('',(-0.683297209,0.,-0.730140345));
#6207=AXIS2_PLACEMENT_3D('',#6204,#6205,#6206);
#6208=PLANE('',#6207);
#6209=ORIENTED_EDGE('',*,*,#6197,.T.);
#6210=ORIENTED_EDGE('',*,*,#5432,.T.);
#6211=CARTESIAN_POINT('',(-5.252952576,1.542163849,3.000000477));
#6212=DIRECTION('',(0.392326821,-0.771771314,0.500448504));
#6213=VECTOR('',#6212,1.998208545);
#6214=LINE('',#6211,#6213);
#6215=EDGE_CURVE('',#3823,#4100,#6214,.T.);
#6216=ORIENTED_EDGE('',*,*,#6215,.T.);
#6217=EDGE_LOOP('',(#6209,#6210,#6216));
#6218=FACE_BOUND('',#6217,.T.);
#6219=ADVANCED_FACE('',(#6218),#6208,.T.);
#6220=CARTESIAN_POINT('',(-4.520659538,-1.889079539,3.64429418));
#6221=DIRECTION('',(-0.700273403,-0.212425733,0.681536844));
#6222=DIRECTION('',(-0.697454703,-0.,-0.71662887));
#6223=AXIS2_PLACEMENT_3D('',#6220,#6221,#6222);
#6224=PLANE('',#6223);
#6225=ORIENTED_EDGE('',*,*,#4082,.F.);
#6226=ORIENTED_EDGE('',*,*,#4061,.T.);
#6227=ORIENTED_EDGE('',*,*,#5035,.F.);
#6228=ORIENTED_EDGE('',*,*,#2459,.T.);
#6229=EDGE_LOOP('',(#6225,#6226,#6227,#6228));
#6230=FACE_BOUND('',#6229,.T.);
#6231=ADVANCED_FACE('',(#6230),#6224,.T.);
#6232=CARTESIAN_POINT('',(-2.145771627,-5.951538284,3.342435797));
#6233=DIRECTION('',(-0.464241029,-0.565679925,0.681532457));
#6234=DIRECTION('',(0.,0.769476801,0.638674762));
#6235=AXIS2_PLACEMENT_3D('',#6232,#6233,#6234);
#6236=PLANE('',#6235);
#6237=ORIENTED_EDGE('',*,*,#4037,.T.);
#6238=ORIENTED_EDGE('',*,*,#4979,.F.);
#6239=ORIENTED_EDGE('',*,*,#4996,.T.);
#6240=EDGE_LOOP('',(#6237,#6238,#6239));
#6241=FACE_BOUND('',#6240,.T.);
#6242=ADVANCED_FACE('',(#6241),#6236,.T.);
#6243=CARTESIAN_POINT('',(0.48542671,-7.276365891,3.342436306));
#6244=DIRECTION('',(-0.212428026,-0.70027282,0.681536728));
#6245=DIRECTION('',(0.,-0.69745494,-0.716628639));
#6246=AXIS2_PLACEMENT_3D('',#6243,#6244,#6245);
#6247=PLANE('',#6246);
#6248=ORIENTED_EDGE('',*,*,#4965,.F.);
#6249=ORIENTED_EDGE('',*,*,#4021,.T.);
#6250=ORIENTED_EDGE('',*,*,#4938,.F.);
#6251=EDGE_LOOP('',(#6248,#6249,#6250));
#6252=FACE_BOUND('',#6251,.T.);
#6253=ADVANCED_FACE('',(#6252),#6247,.T.);
#6254=CARTESIAN_POINT('',(1.943687882,-7.529579391,3.342436325));
#6255=DIRECTION('',(-0.071725927,-0.728262436,0.681534457));
#6256=DIRECTION('',(-0.,-0.683294364,-0.730143008));
#6257=AXIS2_PLACEMENT_3D('',#6254,#6255,#6256);
#6258=PLANE('',#6257);
#6259=ORIENTED_EDGE('',*,*,#4944,.F.);
#6260=ORIENTED_EDGE('',*,*,#4013,.T.);
#6261=ORIENTED_EDGE('',*,*,#4920,.T.);
#6262=EDGE_LOOP('',(#6259,#6260,#6261));
#6263=FACE_BOUND('',#6262,.T.);
#6264=ADVANCED_FACE('',(#6263),#6258,.T.);
#6265=CARTESIAN_POINT('',(8.451546834,-4.645766911,3.342436291));
#6266=DIRECTION('',(0.565674157,-0.464242854,0.681536001));
#6267=DIRECTION('',(0.769481634,0.,-0.638668939));
#6268=AXIS2_PLACEMENT_3D('',#6265,#6266,#6267);
#6269=PLANE('',#6268);
#6270=ORIENTED_EDGE('',*,*,#3973,.T.);
#6271=ORIENTED_EDGE('',*,*,#4831,.F.);
#6272=ORIENTED_EDGE('',*,*,#4848,.T.);
#6273=EDGE_LOOP('',(#6270,#6271,#6272));
#6274=FACE_BOUND('',#6273,.T.);
#6275=ADVANCED_FACE('',(#6274),#6269,.T.);
#6276=CARTESIAN_POINT('',(9.669321345,2.367479571,3.34243706));
#6277=DIRECTION('',(0.700273387,0.212425688,0.681536874));
#6278=DIRECTION('',(-0.697454727,-0.,0.716628847));
#6279=AXIS2_PLACEMENT_3D('',#6276,#6277,#6278);
#6280=PLANE('',#6279);
#6281=ORIENTED_EDGE('',*,*,#3942,.T.);
#6282=ORIENTED_EDGE('',*,*,#5658,.F.);
#6283=ORIENTED_EDGE('',*,*,#2482,.T.);
#6284=CARTESIAN_POINT('',(10.252952576,1.542163849,3.000000477));
#6285=DIRECTION('',(-0.670167949,-0.133302737,0.730140603));
#6286=VECTOR('',#6285,1.369599873);
#6287=LINE('',#6284,#6286);
#6288=EDGE_CURVE('',#3937,#754,#6287,.T.);
#6289=ORIENTED_EDGE('',*,*,#6288,.F.);
#6290=EDGE_LOOP('',(#6281,#6282,#6283,#6289));
#6291=FACE_BOUND('',#6290,.T.);
#6292=ADVANCED_FACE('',(#6291),#6280,.T.);
#6293=CARTESIAN_POINT('',(8.217598881,4.930843525,3.342435993));
#6294=DIRECTION('',(0.565677225,0.464245372,0.681531739));
#6295=DIRECTION('',(0.76947797,0.,-0.638673355));
#6296=AXIS2_PLACEMENT_3D('',#6293,#6294,#6295);
#6297=PLANE('',#6296);
#6298=ORIENTED_EDGE('',*,*,#3926,.T.);
#6299=ORIENTED_EDGE('',*,*,#5620,.F.);
#6300=ORIENTED_EDGE('',*,*,#5636,.T.);
#6301=EDGE_LOOP('',(#6298,#6299,#6300));
#6302=FACE_BOUND('',#6301,.T.);
#6303=ADVANCED_FACE('',(#6302),#6297,.T.);
#6304=CARTESIAN_POINT('',(4.51457329,7.27637352,3.342436306));
#6305=DIRECTION('',(0.212428026,0.70027282,0.681536728));
#6306=DIRECTION('',(0.,-0.69745494,0.716628639));
#6307=AXIS2_PLACEMENT_3D('',#6304,#6305,#6306);
#6308=PLANE('',#6307);
#6309=ORIENTED_EDGE('',*,*,#5588,.F.);
#6310=ORIENTED_EDGE('',*,*,#3902,.T.);
#6311=ORIENTED_EDGE('',*,*,#5561,.F.);
#6312=EDGE_LOOP('',(#6309,#6310,#6311));
#6313=FACE_BOUND('',#6312,.T.);
#6314=ADVANCED_FACE('',(#6313),#6308,.T.);
#6315=CARTESIAN_POINT('',(3.056320695,7.5295865,3.342437006));
#6316=DIRECTION('',(0.071726633,0.728262399,0.681534422));
#6317=DIRECTION('',(0.,-0.683294364,0.730143008));
#6318=AXIS2_PLACEMENT_3D('',#6315,#6316,#6317);
#6319=PLANE('',#6318);
#6320=ORIENTED_EDGE('',*,*,#5567,.F.);
#6321=ORIENTED_EDGE('',*,*,#3894,.T.);
#6322=ORIENTED_EDGE('',*,*,#5546,.F.);
#6323=EDGE_LOOP('',(#6320,#6321,#6322));
#6324=FACE_BOUND('',#6323,.T.);
#6325=ADVANCED_FACE('',(#6324),#6319,.T.);
#6326=CARTESIAN_POINT('',(1.576685892,7.493438935,3.342436513));
#6327=DIRECTION('',(-0.071725698,0.728260107,0.68153697));
#6328=DIRECTION('',(0.,-0.683296873,0.73014066));
#6329=AXIS2_PLACEMENT_3D('',#6326,#6327,#6328);
#6330=PLANE('',#6329);
#6331=ORIENTED_EDGE('',*,*,#3886,.T.);
#6332=ORIENTED_EDGE('',*,*,#5525,.F.);
#6333=ORIENTED_EDGE('',*,*,#5539,.T.);
#6334=EDGE_LOOP('',(#6331,#6332,#6333));
#6335=FACE_BOUND('',#6334,.T.);
#6336=ADVANCED_FACE('',(#6335),#6330,.T.);
#6337=CARTESIAN_POINT('',(0.132527857,7.169323817,3.342436381));
#6338=DIRECTION('',(-0.212428728,0.700275135,0.681534131));
#6339=DIRECTION('',(-0.,-0.697452391,0.71663112));
#6340=AXIS2_PLACEMENT_3D('',#6337,#6338,#6339);
#6341=PLANE('',#6340);
#6342=ORIENTED_EDGE('',*,*,#3878,.T.);
#6343=ORIENTED_EDGE('',*,*,#5502,.F.);
#6344=ORIENTED_EDGE('',*,*,#5518,.T.);
#6345=EDGE_LOOP('',(#6342,#6343,#6344));
#6346=FACE_BOUND('',#6345,.T.);
#6347=ADVANCED_FACE('',(#6346),#6341,.T.);
#6348=CARTESIAN_POINT('',(-2.43083485,5.717596721,3.342436156));
#6349=DIRECTION('',(-0.464239113,0.565677592,0.681535698));
#6350=DIRECTION('',(-0.,0.769479589,-0.638671403));
#6351=AXIS2_PLACEMENT_3D('',#6348,#6349,#6350);
#6352=PLANE('',#6351);
#6353=ORIENTED_EDGE('',*,*,#5487,.F.);
#6354=ORIENTED_EDGE('',*,*,#3862,.T.);
#6355=ORIENTED_EDGE('',*,*,#5464,.F.);
#6356=EDGE_LOOP('',(#6353,#6354,#6355));
#6357=FACE_BOUND('',#6356,.T.);
#6358=ADVANCED_FACE('',(#6357),#6352,.T.);
#6359=CARTESIAN_POINT('',(-5.029583206,0.556323562,3.342436325));
#6360=DIRECTION('',(-0.728262436,0.071725927,0.681534457));
#6361=DIRECTION('',(-0.683294364,0.,-0.730143008));
#6362=AXIS2_PLACEMENT_3D('',#6359,#6360,#6361);
#6363=PLANE('',#6362);
#6364=ORIENTED_EDGE('',*,*,#6215,.F.);
#6365=ORIENTED_EDGE('',*,*,#3830,.T.);
#6366=ORIENTED_EDGE('',*,*,#4111,.F.);
#6367=EDGE_LOOP('',(#6364,#6365,#6366));
#6368=FACE_BOUND('',#6367,.T.);
#6369=ADVANCED_FACE('',(#6368),#6363,.T.);
#6370=CARTESIAN_POINT('',(1.826510075,9.877677088,2.627325168));
#6371=DIRECTION('',(0.,0.707106107,0.707107456));
#6372=DIRECTION('',(0.,0.707107456,-0.707106107));
#6373=AXIS2_PLACEMENT_3D('',#6370,#6371,#6372);
#6374=PLANE('',#6373);
#6375=CARTESIAN_POINT('',(11.504997253,10.005001068,2.500001431));
#6376=VERTEX_POINT('',#6375);
#6377=CARTESIAN_POINT('',(-7.504997253,10.005001068,2.500001431));
#6378=VERTEX_POINT('',#6377);
#6379=CARTESIAN_POINT('',(11.504997253,10.005001068,2.500001431));
#6380=DIRECTION('',(-1.,0.,0.));
#6381=VECTOR('',#6380,19.009994507);
#6382=LINE('',#6379,#6381);
#6383=EDGE_CURVE('',#6376,#6378,#6382,.T.);
#6384=ORIENTED_EDGE('',*,*,#6383,.T.);
#6385=CARTESIAN_POINT('',(-7.504997253,9.505001068,3.000000477));
#6386=DIRECTION('',(-0.,0.707107456,-0.707106107));
#6387=VECTOR('',#6386,0.707106107);
#6388=LINE('',#6385,#6387);
#6389=EDGE_CURVE('',#3471,#6378,#6388,.T.);
#6390=ORIENTED_EDGE('',*,*,#6389,.F.);
#6391=ORIENTED_EDGE('',*,*,#3818,.T.);
#6392=CARTESIAN_POINT('',(11.504997253,10.005001068,2.500001431));
#6393=DIRECTION('',(-0.027761735,-0.706834914,0.706833566));
#6394=VECTOR('',#6393,0.707378753);
#6395=LINE('',#6392,#6394);
#6396=EDGE_CURVE('',#6376,#3807,#6395,.T.);
#6397=ORIENTED_EDGE('',*,*,#6396,.F.);
#6398=EDGE_LOOP('',(#6384,#6390,#6391,#6397));
#6399=FACE_BOUND('',#6398,.T.);
#6400=ADVANCED_FACE('',(#6399),#6374,.T.);
#6401=CARTESIAN_POINT('',(11.539450681,9.776351154,2.725244599));
#6402=DIRECTION('',(0.055454988,0.704928133,0.707107539));
#6403=DIRECTION('',(-0.,0.708197321,-0.706014557));
#6404=AXIS2_PLACEMENT_3D('',#6401,#6402,#6403);
#6405=PLANE('',#6404);
#6406=ORIENTED_EDGE('',*,*,#6396,.T.);
#6407=ORIENTED_EDGE('',*,*,#3812,.T.);
#6408=CARTESIAN_POINT('',(11.661430359,9.992694855,2.500001431));
#6409=VERTEX_POINT('',#6408);
#6410=CARTESIAN_POINT('',(11.661430359,9.992694855,2.500001431));
#6411=DIRECTION('',(-0.110766965,-0.69948444,0.706011471));
#6412=VECTOR('',#6411,0.70820244);
#6413=LINE('',#6410,#6412);
#6414=EDGE_CURVE('',#6409,#3799,#6413,.T.);
#6415=ORIENTED_EDGE('',*,*,#6414,.F.);
#6416=CARTESIAN_POINT('',(11.661430359,9.992694855,2.500001431));
#6417=DIRECTION('',(-0.996919994,0.07842528,-0.));
#6418=VECTOR('',#6417,0.156916409);
#6419=LINE('',#6416,#6418);
#6420=EDGE_CURVE('',#6409,#6376,#6419,.T.);
#6421=ORIENTED_EDGE('',*,*,#6420,.T.);
#6422=EDGE_LOOP('',(#6406,#6407,#6415,#6421));
#6423=FACE_BOUND('',#6422,.T.);
#6424=ADVANCED_FACE('',(#6423),#6405,.T.);
#6425=CARTESIAN_POINT('',(11.620799243,9.995891206,1.464757155));
#6426=DIRECTION('',(0.07842528,0.996919994,0.));
#6427=DIRECTION('',(0.996919994,-0.07842528,0.));
#6428=AXIS2_PLACEMENT_3D('',#6425,#6426,#6427);
#6429=PLANE('',#6428);
#6430=CARTESIAN_POINT('',(11.661430359,9.992694855,2.500001431));
#6431=DIRECTION('',(0.,0.,-1.));
#6432=VECTOR('',#6431,1.995789051);
#6433=LINE('',#6430,#6432);
#6434=EDGE_CURVE('',#6409,#151,#6433,.T.);
#6435=ORIENTED_EDGE('',*,*,#6434,.T.);
#6436=CARTESIAN_POINT('',(11.504997253,10.005001068,0.505572319));
#6437=VERTEX_POINT('',#6436);
#6438=CARTESIAN_POINT('',(11.504997253,10.005001068,0.505572319));
#6439=DIRECTION('',(0.996882557,-0.078422335,-0.008666324));
#6440=VECTOR('',#6439,0.156922302);
#6441=LINE('',#6438,#6440);
#6442=EDGE_CURVE('',#6437,#151,#6441,.T.);
#6443=ORIENTED_EDGE('',*,*,#6442,.F.);
#6444=CARTESIAN_POINT('',(11.504997253,10.005001068,2.500001431));
#6445=DIRECTION('',(-0.,-0.,-1.));
#6446=VECTOR('',#6445,1.994429111);
#6447=LINE('',#6444,#6446);
#6448=EDGE_CURVE('',#6376,#6437,#6447,.T.);
#6449=ORIENTED_EDGE('',*,*,#6448,.F.);
#6450=ORIENTED_EDGE('',*,*,#6420,.F.);
#6451=EDGE_LOOP('',(#6435,#6443,#6449,#6450));
#6452=FACE_BOUND('',#6451,.T.);
#6453=ADVANCED_FACE('',(#6452),#6429,.T.);
#6454=CARTESIAN_POINT('',(11.721418513,9.759749648,0.275160086));
#6455=DIRECTION('',(0.049459788,0.706712347,-0.705770067));
#6456=DIRECTION('',(0.,0.706634907,0.707578341));
#6457=AXIS2_PLACEMENT_3D('',#6454,#6455,#6456);
#6458=PLANE('',#6457);
#6459=ORIENTED_EDGE('',*,*,#6442,.T.);
#6460=ORIENTED_EDGE('',*,*,#158,.T.);
#6461=CARTESIAN_POINT('',(11.639626271,9.819188503,0.328946365));
#6462=DIRECTION('',(-0.46493506,0.641695068,0.609969532));
#6463=VECTOR('',#6462,0.289565207);
#6464=LINE('',#6461,#6463);
#6465=EDGE_CURVE('',#153,#6437,#6464,.T.);
#6466=ORIENTED_EDGE('',*,*,#6465,.T.);
#6467=EDGE_LOOP('',(#6459,#6460,#6466));
#6468=FACE_BOUND('',#6467,.T.);
#6469=ADVANCED_FACE('',(#6468),#6458,.T.);
#6470=CARTESIAN_POINT('',(2.300082947,9.867873334,0.376109432));
#6471=DIRECTION('',(-0.000068961,0.688936447,-0.724821748));
#6472=DIRECTION('',(0.,-0.72482175,-0.688936449));
#6473=AXIS2_PLACEMENT_3D('',#6470,#6471,#6472);
#6474=PLANE('',#6473);
#6475=ORIENTED_EDGE('',*,*,#6465,.F.);
#6476=ORIENTED_EDGE('',*,*,#172,.T.);
#6477=ORIENTED_EDGE('',*,*,#188,.T.);
#6478=ORIENTED_EDGE('',*,*,#219,.T.);
#6479=CARTESIAN_POINT('',(-7.504997253,10.005001068,0.507380962));
#6480=VERTEX_POINT('',#6479);
#6481=CARTESIAN_POINT('',(-7.504997253,10.005001068,0.507380962));
#6482=DIRECTION('',(0.999282607,-0.027402768,-0.026141154));
#6483=VECTOR('',#6482,19.19248386);
#6484=LINE('',#6481,#6483);
#6485=EDGE_CURVE('',#6480,#214,#6484,.T.);
#6486=ORIENTED_EDGE('',*,*,#6485,.F.);
#6487=CARTESIAN_POINT('',(-7.504997253,10.005001068,0.507380962));
#6488=DIRECTION('',(0.999999995,0.,-0.000095142));
#6489=VECTOR('',#6488,19.009994593);
#6490=LINE('',#6487,#6489);
#6491=EDGE_CURVE('',#6480,#6437,#6490,.T.);
#6492=ORIENTED_EDGE('',*,*,#6491,.T.);
#6493=EDGE_LOOP('',(#6475,#6476,#6477,#6478,#6486,#6492));
#6494=FACE_BOUND('',#6493,.T.);
#6495=ADVANCED_FACE('',(#6494),#6474,.T.);
#6496=CARTESIAN_POINT('',(2.012172038,9.608295609,0.12925095));
#6497=DIRECTION('',(-0.000045558,0.689383902,-0.724396186));
#6498=DIRECTION('',(-0.,-0.724396186,-0.689383903));
#6499=AXIS2_PLACEMENT_3D('',#6496,#6497,#6498);
#6500=PLANE('',#6499);
#6501=ORIENTED_EDGE('',*,*,#6485,.T.);
#6502=ORIENTED_EDGE('',*,*,#242,.T.);
#6503=ORIENTED_EDGE('',*,*,#354,.T.);
#6504=CARTESIAN_POINT('',(-7.504997253,10.005001068,0.507380962));
#6505=DIRECTION('',(0.,-0.724396186,-0.689383903));
#6506=VECTOR('',#6505,0.735991891);
#6507=LINE('',#6504,#6506);
#6508=EDGE_CURVE('',#6480,#349,#6507,.T.);
#6509=ORIENTED_EDGE('',*,*,#6508,.F.);
#6510=EDGE_LOOP('',(#6501,#6502,#6503,#6509));
#6511=FACE_BOUND('',#6510,.T.);
#6512=ADVANCED_FACE('',(#6511),#6500,.T.);
#6513=CARTESIAN_POINT('',(-7.504997253,9.740801923,0.248013907));
#6514=DIRECTION('',(1.,0.,0.));
#6515=DIRECTION('',(0.,0.,1.));
#6516=AXIS2_PLACEMENT_3D('',#6513,#6514,#6515);
#6517=PLANE('',#6516);
#6518=ORIENTED_EDGE('',*,*,#665,.T.);
#6519=CARTESIAN_POINT('',(-7.504997253,10.005001068,0.507380962));
#6520=DIRECTION('',(0.,-0.701907053,-0.712268552));
#6521=VECTOR('',#6520,0.712345029);
#6522=LINE('',#6519,#6521);
#6523=EDGE_CURVE('',#6480,#654,#6522,.T.);
#6524=ORIENTED_EDGE('',*,*,#6523,.F.);
#6525=ORIENTED_EDGE('',*,*,#6508,.T.);
#6526=EDGE_LOOP('',(#6518,#6524,#6525));
#6527=FACE_BOUND('',#6526,.T.);
#6528=ADVANCED_FACE('',(#6527),#6517,.T.);
#6529=CARTESIAN_POINT('',(-7.785812994,9.810544254,0.331831929));
#6530=DIRECTION('',(-0.054355109,0.711215582,-0.700869401));
#6531=DIRECTION('',(-0.,0.701907053,0.712268552));
#6532=AXIS2_PLACEMENT_3D('',#6529,#6530,#6531);
#6533=PLANE('',#6532);
#6534=CARTESIAN_POINT('',(-8.28717804,9.943447113,0.505579472));
#6535=VERTEX_POINT('',#6534);
#6536=CARTESIAN_POINT('',(-8.28717804,9.943447113,0.505579472));
#6537=DIRECTION('',(0.759845765,-0.425926303,-0.491142747));
#6538=VECTOR('',#6537,1.029394151);
#6539=LINE('',#6536,#6538);
#6540=EDGE_CURVE('',#6535,#654,#6539,.T.);
#6541=ORIENTED_EDGE('',*,*,#6540,.F.);
#6542=CARTESIAN_POINT('',(-8.28717804,9.943447113,0.505579472));
#6543=DIRECTION('',(0.996915205,0.078452546,0.002296059));
#6544=VECTOR('',#6543,0.78460112);
#6545=LINE('',#6542,#6544);
#6546=EDGE_CURVE('',#6535,#6480,#6545,.T.);
#6547=ORIENTED_EDGE('',*,*,#6546,.T.);
#6548=ORIENTED_EDGE('',*,*,#6523,.T.);
#6549=EDGE_LOOP('',(#6541,#6547,#6548));
#6550=FACE_BOUND('',#6549,.T.);
#6551=ADVANCED_FACE('',(#6550),#6533,.T.);
#6552=CARTESIAN_POINT('',(-7.737708045,9.986687822,1.344285543));
#6553=DIRECTION('',(-0.078452752,0.996917833,0.));
#6554=DIRECTION('',(0.996917833,0.078452752,0.));
#6555=AXIS2_PLACEMENT_3D('',#6552,#6553,#6554);
#6556=PLANE('',#6555);
#6557=CARTESIAN_POINT('',(-7.504997253,10.005001068,0.507380962));
#6558=DIRECTION('',(0.,0.,1.));
#6559=VECTOR('',#6558,1.992620468);
#6560=LINE('',#6557,#6559);
#6561=EDGE_CURVE('',#6480,#6378,#6560,.T.);
#6562=ORIENTED_EDGE('',*,*,#6561,.F.);
#6563=ORIENTED_EDGE('',*,*,#6546,.F.);
#6564=CARTESIAN_POINT('',(-8.28717804,9.943447113,2.500001431));
#6565=VERTEX_POINT('',#6564);
#6566=CARTESIAN_POINT('',(-8.28717804,9.943447113,0.505579472));
#6567=DIRECTION('',(-0.,-0.,1.));
#6568=VECTOR('',#6567,1.994421959);
#6569=LINE('',#6566,#6568);
#6570=EDGE_CURVE('',#6535,#6565,#6569,.T.);
#6571=ORIENTED_EDGE('',*,*,#6570,.T.);
#6572=CARTESIAN_POINT('',(-7.504997253,10.005001068,2.500001431));
#6573=DIRECTION('',(-0.996917833,-0.078452752,-0.));
#6574=VECTOR('',#6573,0.784599051);
#6575=LINE('',#6572,#6574);
#6576=EDGE_CURVE('',#6378,#6565,#6575,.T.);
#6577=ORIENTED_EDGE('',*,*,#6576,.F.);
#6578=EDGE_LOOP('',(#6562,#6563,#6571,#6577));
#6579=FACE_BOUND('',#6578,.T.);
#6580=ADVANCED_FACE('',(#6579),#6556,.T.);
#6581=CARTESIAN_POINT('',(-7.978974962,9.79500047,2.672167793));
#6582=DIRECTION('',(-0.055474131,0.704923014,0.70711114));
#6583=DIRECTION('',(-0.,0.708201682,-0.706010182));
#6584=AXIS2_PLACEMENT_3D('',#6581,#6582,#6583);
#6585=PLANE('',#6584);
#6586=CARTESIAN_POINT('',(-7.504997253,10.005001068,2.500001431));
#6587=DIRECTION('',(-0.685003704,-0.54211822,0.486700895));
#6588=VECTOR('',#6587,1.027323047);
#6589=LINE('',#6586,#6588);
#6590=EDGE_CURVE('',#6378,#3469,#6589,.T.);
#6591=ORIENTED_EDGE('',*,*,#6590,.F.);
#6592=ORIENTED_EDGE('',*,*,#6576,.T.);
#6593=CARTESIAN_POINT('',(-8.28717804,9.943447113,2.500001431));
#6594=DIRECTION('',(0.110788246,-0.699482771,0.706009786));
#6595=VECTOR('',#6594,0.70820413);
#6596=LINE('',#6593,#6595);
#6597=EDGE_CURVE('',#6565,#3469,#6596,.T.);
#6598=ORIENTED_EDGE('',*,*,#6597,.T.);
#6599=EDGE_LOOP('',(#6591,#6592,#6598));
#6600=FACE_BOUND('',#6599,.T.);
#6601=ADVANCED_FACE('',(#6600),#6585,.T.);
#6602=CARTESIAN_POINT('',(-8.51411116,9.8889651,1.343474834));
#6603=DIRECTION('',(-0.23344614,0.972369734,0.));
#6604=DIRECTION('',(0.972369734,0.23344614,0.));
#6605=AXIS2_PLACEMENT_3D('',#6602,#6603,#6604);
#6606=PLANE('',#6605);
#6607=ORIENTED_EDGE('',*,*,#6570,.F.);
#6608=CARTESIAN_POINT('',(-9.050086975,9.760288239,0.504223824));
#6609=VERTEX_POINT('',#6608);
#6610=CARTESIAN_POINT('',(-9.050086975,9.760288239,0.504223824));
#6611=DIRECTION('',(0.972368283,0.233445791,0.001727846));
#6612=VECTOR('',#6611,0.784588462);
#6613=LINE('',#6610,#6612);
#6614=EDGE_CURVE('',#6609,#6535,#6613,.T.);
#6615=ORIENTED_EDGE('',*,*,#6614,.F.);
#6616=CARTESIAN_POINT('',(-9.050086975,9.760288239,2.500001431));
#6617=VERTEX_POINT('',#6616);
#6618=CARTESIAN_POINT('',(-9.050086975,9.760288239,2.500001431));
#6619=DIRECTION('',(0.,0.,-1.));
#6620=VECTOR('',#6619,1.995777607);
#6621=LINE('',#6618,#6620);
#6622=EDGE_CURVE('',#6617,#6609,#6621,.T.);
#6623=ORIENTED_EDGE('',*,*,#6622,.F.);
#6624=CARTESIAN_POINT('',(-8.28717804,9.943447113,2.500001431));
#6625=DIRECTION('',(-0.972369734,-0.23344614,0.));
#6626=VECTOR('',#6625,0.784587291);
#6627=LINE('',#6624,#6626);
#6628=EDGE_CURVE('',#6565,#6617,#6627,.T.);
#6629=ORIENTED_EDGE('',*,*,#6628,.F.);
#6630=EDGE_LOOP('',(#6607,#6615,#6623,#6629));
#6631=FACE_BOUND('',#6630,.T.);
#6632=ADVANCED_FACE('',(#6631),#6606,.T.);
#6633=CARTESIAN_POINT('',(-8.722462648,9.661885511,2.672168219));
#6634=DIRECTION('',(-0.165071502,0.687569873,0.707106123));
#6635=DIRECTION('',(0.,0.716941411,-0.697133426));
#6636=AXIS2_PLACEMENT_3D('',#6633,#6634,#6635);
#6637=PLANE('',#6636);
#6638=CARTESIAN_POINT('',(-8.28717804,9.943447113,2.500001431));
#6639=DIRECTION('',(-0.591760744,-0.642602767,0.486704126));
#6640=VECTOR('',#6639,1.027316227);
#6641=LINE('',#6638,#6640);
#6642=EDGE_CURVE('',#6565,#3479,#6641,.T.);
#6643=ORIENTED_EDGE('',*,*,#6642,.F.);
#6644=ORIENTED_EDGE('',*,*,#6628,.T.);
#6645=CARTESIAN_POINT('',(-9.050086975,9.760288239,2.500001431));
#6646=DIRECTION('',(0.218841852,-0.673536055,0.706015174));
#6647=VECTOR('',#6646,0.708198725);
#6648=LINE('',#6645,#6647);
#6649=EDGE_CURVE('',#6617,#3479,#6648,.T.);
#6650=ORIENTED_EDGE('',*,*,#6649,.T.);
#6651=EDGE_LOOP('',(#6643,#6644,#6650));
#6652=FACE_BOUND('',#6651,.T.);
#6653=ADVANCED_FACE('',(#6652),#6637,.T.);
#6654=CARTESIAN_POINT('',(-9.265673887,9.670987923,1.342863096));
#6655=DIRECTION('',(-0.382688159,0.923877575,0.));
#6656=DIRECTION('',(0.923877575,0.382688159,0.));
#6657=AXIS2_PLACEMENT_3D('',#6654,#6655,#6656);
#6658=PLANE('',#6657);
#6659=ORIENTED_EDGE('',*,*,#6622,.T.);
#6660=CARTESIAN_POINT('',(-9.77495575,9.460033417,0.50320673));
#6661=VERTEX_POINT('',#6660);
#6662=CARTESIAN_POINT('',(-9.77495575,9.460033417,0.50320673));
#6663=DIRECTION('',(0.923876799,0.382687837,0.00129633));
#6664=VECTOR('',#6663,0.784594629);
#6665=LINE('',#6662,#6664);
#6666=EDGE_CURVE('',#6661,#6609,#6665,.T.);
#6667=ORIENTED_EDGE('',*,*,#6666,.F.);
#6668=CARTESIAN_POINT('',(-9.77495575,9.460033417,2.500001431));
#6669=VERTEX_POINT('',#6668);
#6670=CARTESIAN_POINT('',(-9.77495575,9.460033417,2.500001431));
#6671=DIRECTION('',(0.,0.,-1.));
#6672=VECTOR('',#6671,1.996794701);
#6673=LINE('',#6670,#6672);
#6674=EDGE_CURVE('',#6669,#6661,#6673,.T.);
#6675=ORIENTED_EDGE('',*,*,#6674,.F.);
#6676=CARTESIAN_POINT('',(-9.050086975,9.760288239,2.500001431));
#6677=DIRECTION('',(-0.923877575,-0.382688159,-0.));
#6678=VECTOR('',#6677,0.78459397);
#6679=LINE('',#6676,#6678);
#6680=EDGE_CURVE('',#6617,#6669,#6679,.T.);
#6681=ORIENTED_EDGE('',*,*,#6680,.F.);
#6682=EDGE_LOOP('',(#6659,#6667,#6675,#6681));
#6683=FACE_BOUND('',#6682,.T.);
#6684=ADVANCED_FACE('',(#6683),#6658,.T.);
#6685=CARTESIAN_POINT('',(-9.435965555,9.41409757,2.672167755));
#6686=DIRECTION('',(-0.270601151,0.653279515,0.707107412));
#6687=DIRECTION('',(-0.,0.734510876,-0.678596915));
#6688=AXIS2_PLACEMENT_3D('',#6685,#6686,#6687);
#6689=PLANE('',#6688);
#6690=CARTESIAN_POINT('',(-9.77495575,9.460033417,2.500001431));
#6691=DIRECTION('',(0.321528821,-0.631002736,0.706013289));
#6692=VECTOR('',#6691,0.708200616);
#6693=LINE('',#6690,#6692);
#6694=EDGE_CURVE('',#6669,#3487,#6693,.T.);
#6695=ORIENTED_EDGE('',*,*,#6694,.T.);
#6696=ORIENTED_EDGE('',*,*,#3492,.T.);
#6697=ORIENTED_EDGE('',*,*,#6649,.F.);
#6698=ORIENTED_EDGE('',*,*,#6680,.T.);
#6699=EDGE_LOOP('',(#6695,#6696,#6697,#6698));
#6700=FACE_BOUND('',#6699,.T.);
#6701=ADVANCED_FACE('',(#6700),#6689,.T.);
#6702=CARTESIAN_POINT('',(-9.973897541,9.3381236,1.342405822));
#6703=DIRECTION('',(-0.522492737,0.852643735,0.));
#6704=DIRECTION('',(0.852643735,0.522492737,0.));
#6705=AXIS2_PLACEMENT_3D('',#6702,#6703,#6704);
#6706=PLANE('',#6705);
#6707=ORIENTED_EDGE('',*,*,#6674,.T.);
#6708=CARTESIAN_POINT('',(-10.44393158,9.05009079,0.502444744));
#6709=VERTEX_POINT('',#6708);
#6710=CARTESIAN_POINT('',(-10.44393158,9.05009079,0.502444744));
#6711=DIRECTION('',(0.852643333,0.522492491,0.000971189));
#6712=VECTOR('',#6711,0.784590466);
#6713=LINE('',#6710,#6712);
#6714=EDGE_CURVE('',#6709,#6661,#6713,.T.);
#6715=ORIENTED_EDGE('',*,*,#6714,.F.);
#6716=CARTESIAN_POINT('',(-10.44393158,9.05009079,2.500001431));
#6717=VERTEX_POINT('',#6716);
#6718=CARTESIAN_POINT('',(-10.44393158,9.05009079,2.500001431));
#6719=DIRECTION('',(0.,0.,-1.));
#6720=VECTOR('',#6719,1.997556686);
#6721=LINE('',#6718,#6720);
#6722=EDGE_CURVE('',#6717,#6709,#6721,.T.);
#6723=ORIENTED_EDGE('',*,*,#6722,.F.);
#6724=CARTESIAN_POINT('',(-9.77495575,9.460033417,2.500001431));
#6725=DIRECTION('',(-0.852643735,-0.522492737,-0.));
#6726=VECTOR('',#6725,0.784590096);
#6727=LINE('',#6724,#6726);
#6728=EDGE_CURVE('',#6669,#6717,#6727,.T.);
#6729=ORIENTED_EDGE('',*,*,#6728,.F.);
#6730=EDGE_LOOP('',(#6707,#6715,#6723,#6729));
#6731=FACE_BOUND('',#6730,.T.);
#6732=ADVANCED_FACE('',(#6731),#6706,.T.);
#6733=CARTESIAN_POINT('',(-10.101931871,9.057743482,2.672168121));
#6734=DIRECTION('',(-0.369457456,0.602909023,0.707108123));
#6735=DIRECTION('',(-0.,0.760946908,-0.648814151));
#6736=AXIS2_PLACEMENT_3D('',#6733,#6734,#6735);
#6737=PLANE('',#6736);
#6738=CARTESIAN_POINT('',(-10.44393158,9.05009079,2.500001431));
#6739=DIRECTION('',(0.416265775,-0.572947178,0.706012986));
#6740=VECTOR('',#6739,0.70820092);
#6741=LINE('',#6738,#6740);
#6742=EDGE_CURVE('',#6717,#3495,#6741,.T.);
#6743=ORIENTED_EDGE('',*,*,#6742,.T.);
#6744=ORIENTED_EDGE('',*,*,#3500,.T.);
#6745=ORIENTED_EDGE('',*,*,#6694,.F.);
#6746=ORIENTED_EDGE('',*,*,#6728,.T.);
#6747=EDGE_LOOP('',(#6743,#6744,#6745,#6746));
#6748=FACE_BOUND('',#6747,.T.);
#6749=ADVANCED_FACE('',(#6748),#6737,.T.);
#6750=CARTESIAN_POINT('',(-10.621336495,8.89857132,1.342064352));
#6751=DIRECTION('',(-0.649451414,0.760403091,0.));
#6752=DIRECTION('',(0.760403091,0.649451414,0.));
#6753=AXIS2_PLACEMENT_3D('',#6750,#6751,#6752);
#6754=PLANE('',#6753);
#6755=ORIENTED_EDGE('',*,*,#6722,.T.);
#6756=CARTESIAN_POINT('',(-11.040534973,8.540538788,0.501878738));
#6757=VERTEX_POINT('',#6756);
#6758=CARTESIAN_POINT('',(-11.040534973,8.540538788,0.501878738));
#6759=DIRECTION('',(0.760402893,0.649451245,0.000721405));
#6760=VECTOR('',#6759,0.784588537);
#6761=LINE('',#6758,#6760);
#6762=EDGE_CURVE('',#6757,#6709,#6761,.T.);
#6763=ORIENTED_EDGE('',*,*,#6762,.F.);
#6764=CARTESIAN_POINT('',(-11.040534973,8.540538788,2.500001431));
#6765=VERTEX_POINT('',#6764);
#6766=CARTESIAN_POINT('',(-11.040534973,8.540538788,2.500001431));
#6767=DIRECTION('',(-0.,-0.,-1.));
#6768=VECTOR('',#6767,1.998122692);
#6769=LINE('',#6766,#6768);
#6770=EDGE_CURVE('',#6765,#6757,#6769,.T.);
#6771=ORIENTED_EDGE('',*,*,#6770,.F.);
#6772=CARTESIAN_POINT('',(-10.44393158,9.05009079,2.500001431));
#6773=DIRECTION('',(-0.760403091,-0.649451414,0.));
#6774=VECTOR('',#6773,0.784588333);
#6775=LINE('',#6772,#6774);
#6776=EDGE_CURVE('',#6717,#6765,#6775,.T.);
#6777=ORIENTED_EDGE('',*,*,#6776,.F.);
#6778=EDGE_LOOP('',(#6755,#6763,#6771,#6777));
#6779=FACE_BOUND('',#6778,.T.);
#6780=ADVANCED_FACE('',(#6779),#6754,.T.);
#6781=CARTESIAN_POINT('',(-10.703945613,8.60160146,2.672168143));
#6782=DIRECTION('',(-0.459232193,0.537686995,0.707105712));
#6783=DIRECTION('',(0.,0.796006712,-0.605287795));
#6784=AXIS2_PLACEMENT_3D('',#6781,#6782,#6783);
#6785=PLANE('',#6784);
#6786=CARTESIAN_POINT('',(-11.040534973,8.540538788,2.500001431));
#6787=DIRECTION('',(0.500770418,-0.500770418,0.706015565));
#6788=VECTOR('',#6787,0.708198334);
#6789=LINE('',#6786,#6788);
#6790=EDGE_CURVE('',#6765,#3503,#6789,.T.);
#6791=ORIENTED_EDGE('',*,*,#6790,.T.);
#6792=ORIENTED_EDGE('',*,*,#3508,.T.);
#6793=ORIENTED_EDGE('',*,*,#6742,.F.);
#6794=ORIENTED_EDGE('',*,*,#6776,.T.);
#6795=EDGE_LOOP('',(#6791,#6792,#6793,#6794));
#6796=FACE_BOUND('',#6795,.T.);
#6797=ADVANCED_FACE('',(#6796),#6785,.T.);
#6798=CARTESIAN_POINT('',(-11.192045317,8.363142289,1.341810813));
#6799=DIRECTION('',(-0.760407193,0.649446612,0.));
#6800=DIRECTION('',(-0.649446612,-0.760407193,0.));
#6801=AXIS2_PLACEMENT_3D('',#6798,#6799,#6800);
#6802=PLANE('',#6801);
#6803=ORIENTED_EDGE('',*,*,#6770,.T.);
#6804=CARTESIAN_POINT('',(-11.550086975,7.943927765,0.501462936));
#6805=VERTEX_POINT('',#6804);
#6806=CARTESIAN_POINT('',(-11.550086975,7.943927765,0.501462936));
#6807=DIRECTION('',(0.64944652,0.760407086,0.000529958));
#6808=VECTOR('',#6807,0.784594244);
#6809=LINE('',#6806,#6808);
#6810=EDGE_CURVE('',#6805,#6757,#6809,.T.);
#6811=ORIENTED_EDGE('',*,*,#6810,.F.);
#6812=CARTESIAN_POINT('',(-11.550086975,7.943927765,2.500001431));
#6813=VERTEX_POINT('',#6812);
#6814=CARTESIAN_POINT('',(-11.550086975,7.943927765,2.500001431));
#6815=DIRECTION('',(-0.,-0.,-1.));
#6816=VECTOR('',#6815,1.998538494);
#6817=LINE('',#6814,#6816);
#6818=EDGE_CURVE('',#6813,#6805,#6817,.T.);
#6819=ORIENTED_EDGE('',*,*,#6818,.F.);
#6820=CARTESIAN_POINT('',(-11.040534973,8.540538788,2.500001431));
#6821=DIRECTION('',(-0.649446612,-0.760407193,0.));
#6822=VECTOR('',#6821,0.784594134);
#6823=LINE('',#6820,#6822);
#6824=EDGE_CURVE('',#6765,#6813,#6823,.T.);
#6825=ORIENTED_EDGE('',*,*,#6824,.F.);
#6826=EDGE_LOOP('',(#6803,#6811,#6819,#6825));
#6827=FACE_BOUND('',#6826,.T.);
#6828=ADVANCED_FACE('',(#6827),#6802,.T.);
#6829=CARTESIAN_POINT('',(-11.227190565,8.056894166,2.672167911));
#6830=DIRECTION('',(-0.537688105,0.459227269,0.707108066));
#6831=DIRECTION('',(0.796007081,0.,0.60528731));
#6832=AXIS2_PLACEMENT_3D('',#6829,#6830,#6831);
#6833=PLANE('',#6832);
#6834=CARTESIAN_POINT('',(-11.550086975,7.943927765,2.500001431));
#6835=DIRECTION('',(0.572947178,-0.416265775,0.706012986));
#6836=VECTOR('',#6835,0.70820092);
#6837=LINE('',#6834,#6836);
#6838=EDGE_CURVE('',#6813,#3511,#6837,.T.);
#6839=ORIENTED_EDGE('',*,*,#6838,.T.);
#6840=ORIENTED_EDGE('',*,*,#3516,.T.);
#6841=ORIENTED_EDGE('',*,*,#6790,.F.);
#6842=ORIENTED_EDGE('',*,*,#6824,.T.);
#6843=EDGE_LOOP('',(#6839,#6840,#6841,#6842));
#6844=FACE_BOUND('',#6843,.T.);
#6845=ADVANCED_FACE('',(#6844),#6833,.T.);
#6846=CARTESIAN_POINT('',(-11.671973738,7.745023593,1.341627859));
#6847=DIRECTION('',(-0.852643735,0.522492737,0.));
#6848=DIRECTION('',(-0.522492737,-0.852643735,0.));
#6849=AXIS2_PLACEMENT_3D('',#6846,#6847,#6848);
#6850=PLANE('',#6849);
#6851=ORIENTED_EDGE('',*,*,#6818,.T.);
#6852=CARTESIAN_POINT('',(-11.960029602,7.274951935,0.501164913));
#6853=VERTEX_POINT('',#6852);
#6854=CARTESIAN_POINT('',(-11.960029602,7.274951935,0.501164913));
#6855=DIRECTION('',(0.5224927,0.852643674,0.000379846));
#6856=VECTOR('',#6855,0.784590153);
#6857=LINE('',#6854,#6856);
#6858=EDGE_CURVE('',#6853,#6805,#6857,.T.);
#6859=ORIENTED_EDGE('',*,*,#6858,.F.);
#6860=CARTESIAN_POINT('',(-11.960029602,7.274951935,2.500001431));
#6861=VERTEX_POINT('',#6860);
#6862=CARTESIAN_POINT('',(-11.960029602,7.274951935,2.500001431));
#6863=DIRECTION('',(-0.,-0.,-1.));
#6864=VECTOR('',#6863,1.998836517);
#6865=LINE('',#6862,#6864);
#6866=EDGE_CURVE('',#6861,#6853,#6865,.T.);
#6867=ORIENTED_EDGE('',*,*,#6866,.F.);
#6868=CARTESIAN_POINT('',(-11.550086975,7.943927765,2.500001431));
#6869=DIRECTION('',(-0.522492737,-0.852643735,-0.));
#6870=VECTOR('',#6869,0.784590096);
#6871=LINE('',#6868,#6870);
#6872=EDGE_CURVE('',#6813,#6861,#6871,.T.);
#6873=ORIENTED_EDGE('',*,*,#6872,.F.);
#6874=EDGE_LOOP('',(#6851,#6859,#6867,#6873));
#6875=FACE_BOUND('',#6874,.T.);
#6876=ADVANCED_FACE('',(#6875),#6850,.T.);
#6877=CARTESIAN_POINT('',(-11.658786725,7.437038349,2.672168015));
#6878=DIRECTION('',(-0.602914907,0.369461062,0.707101222));
#6879=DIRECTION('',(0.760940656,0.,0.648821484));
#6880=AXIS2_PLACEMENT_3D('',#6877,#6878,#6879);
#6881=PLANE('',#6880);
#6882=CARTESIAN_POINT('',(-11.550086975,7.943927765,2.500001431));
#6883=DIRECTION('',(0.03594423,-0.872828391,0.48670177));
#6884=VECTOR('',#6883,1.0273212);
#6885=LINE('',#6882,#6884);
#6886=EDGE_CURVE('',#6813,#3519,#6885,.T.);
#6887=ORIENTED_EDGE('',*,*,#6886,.F.);
#6888=ORIENTED_EDGE('',*,*,#6872,.T.);
#6889=CARTESIAN_POINT('',(-11.960029602,7.274951935,2.500001431));
#6890=DIRECTION('',(0.630998438,-0.321521348,0.706020534));
#6891=VECTOR('',#6890,0.708193349);
#6892=LINE('',#6889,#6891);
#6893=EDGE_CURVE('',#6861,#3519,#6892,.T.);
#6894=ORIENTED_EDGE('',*,*,#6893,.T.);
#6895=EDGE_LOOP('',(#6887,#6888,#6894));
#6896=FACE_BOUND('',#6895,.T.);
#6897=ADVANCED_FACE('',(#6896),#6881,.T.);
#6898=CARTESIAN_POINT('',(-12.049297869,7.059439185,1.341499651));
#6899=DIRECTION('',(-0.923879589,0.382683297,0.));
#6900=DIRECTION('',(-0.382683297,-0.923879589,0.));
#6901=AXIS2_PLACEMENT_3D('',#6898,#6899,#6900);
#6902=PLANE('',#6901);
#6903=ORIENTED_EDGE('',*,*,#6866,.T.);
#6904=CARTESIAN_POINT('',(-12.260276794,6.55009079,0.50096035));
#6905=VERTEX_POINT('',#6904);
#6906=CARTESIAN_POINT('',(-12.260276794,6.55009079,0.50096035));
#6907=DIRECTION('',(0.382683284,0.923879557,0.000260728));
#6908=VECTOR('',#6907,0.784584029);
#6909=LINE('',#6906,#6908);
#6910=EDGE_CURVE('',#6905,#6853,#6909,.T.);
#6911=ORIENTED_EDGE('',*,*,#6910,.F.);
#6912=CARTESIAN_POINT('',(-12.260276794,6.55009079,2.500001431));
#6913=VERTEX_POINT('',#6912);
#6914=CARTESIAN_POINT('',(-12.260276794,6.55009079,2.500001431));
#6915=DIRECTION('',(-0.,-0.,-1.));
#6916=VECTOR('',#6915,1.99904108);
#6917=LINE('',#6914,#6916);
#6918=EDGE_CURVE('',#6913,#6905,#6917,.T.);
#6919=ORIENTED_EDGE('',*,*,#6918,.F.);
#6920=CARTESIAN_POINT('',(-11.960029602,7.274951935,2.500001431));
#6921=DIRECTION('',(-0.382683297,-0.923879589,0.));
#6922=VECTOR('',#6921,0.784584002);
#6923=LINE('',#6920,#6922);
#6924=EDGE_CURVE('',#6861,#6913,#6923,.T.);
#6925=ORIENTED_EDGE('',*,*,#6924,.F.);
#6926=EDGE_LOOP('',(#6903,#6911,#6919,#6925));
#6927=FACE_BOUND('',#6926,.T.);
#6928=ADVANCED_FACE('',(#6927),#6902,.T.);
#6929=CARTESIAN_POINT('',(-11.988096838,6.757302588,2.672168313));
#6930=DIRECTION('',(-0.653285071,0.270599424,0.70710294));
#6931=DIRECTION('',(0.73450586,0.,0.678602344));
#6932=AXIS2_PLACEMENT_3D('',#6929,#6930,#6931);
#6933=PLANE('',#6932);
#6934=CARTESIAN_POINT('',(-12.260276794,6.55009079,2.500001431));
#6935=DIRECTION('',(0.673528581,-0.218853697,0.706018633));
#6936=VECTOR('',#6935,0.708195256);
#6937=LINE('',#6934,#6936);
#6938=EDGE_CURVE('',#6913,#3527,#6937,.T.);
#6939=ORIENTED_EDGE('',*,*,#6938,.T.);
#6940=ORIENTED_EDGE('',*,*,#3532,.T.);
#6941=ORIENTED_EDGE('',*,*,#6893,.F.);
#6942=ORIENTED_EDGE('',*,*,#6924,.T.);
#6943=EDGE_LOOP('',(#6939,#6940,#6941,#6942));
#6944=FACE_BOUND('',#6943,.T.);
#6945=ADVANCED_FACE('',(#6944),#6933,.T.);
#6946=CARTESIAN_POINT('',(-12.314733881,6.323268676,1.341412121));
#6947=DIRECTION('',(-0.972368057,0.233453127,0.));
#6948=DIRECTION('',(-0.233453127,-0.972368057,0.));
#6949=AXIS2_PLACEMENT_3D('',#6946,#6947,#6948);
#6950=PLANE('',#6949);
#6951=ORIENTED_EDGE('',*,*,#6918,.T.);
#6952=CARTESIAN_POINT('',(-12.443443298,5.787174225,0.500831604));
#6953=VERTEX_POINT('',#6952);
#6954=CARTESIAN_POINT('',(-12.443443298,5.787174225,0.500831604));
#6955=DIRECTION('',(0.233453124,0.972368044,0.000164092));
#6956=VECTOR('',#6955,0.784596501);
#6957=LINE('',#6954,#6956);
#6958=EDGE_CURVE('',#6953,#6905,#6957,.T.);
#6959=ORIENTED_EDGE('',*,*,#6958,.F.);
#6960=CARTESIAN_POINT('',(-12.443443298,5.787174225,2.500001431));
#6961=VERTEX_POINT('',#6960);
#6962=CARTESIAN_POINT('',(-12.443443298,5.787174225,2.500001431));
#6963=DIRECTION('',(-0.,-0.,-1.));
#6964=VECTOR('',#6963,1.999169827);
#6965=LINE('',#6962,#6964);
#6966=EDGE_CURVE('',#6961,#6953,#6965,.T.);
#6967=ORIENTED_EDGE('',*,*,#6966,.F.);
#6968=CARTESIAN_POINT('',(-12.260276794,6.55009079,2.500001431));
#6969=DIRECTION('',(-0.233453127,-0.972368057,-0.));
#6970=VECTOR('',#6969,0.784596491);
#6971=LINE('',#6968,#6970);
#6972=EDGE_CURVE('',#6913,#6961,#6971,.T.);
#6973=ORIENTED_EDGE('',*,*,#6972,.F.);
#6974=EDGE_LOOP('',(#6951,#6959,#6967,#6973));
#6975=FACE_BOUND('',#6974,.T.);
#6976=ADVANCED_FACE('',(#6975),#6950,.T.);
#6977=CARTESIAN_POINT('',(-12.207022179,6.034421029,2.672167708));
#6978=DIRECTION('',(-0.687564997,0.165075557,0.707109918));
#6979=DIRECTION('',(0.716945751,-0.,0.697128962));
#6980=AXIS2_PLACEMENT_3D('',#6977,#6978,#6979);
#6981=PLANE('',#6980);
#6982=CARTESIAN_POINT('',(-12.260276794,6.55009079,2.500001431));
#6983=DIRECTION('',(0.303908681,-0.818998321,0.486704494));
#6984=VECTOR('',#6983,1.02731545);
#6985=LINE('',#6982,#6984);
#6986=EDGE_CURVE('',#6913,#3535,#6985,.T.);
#6987=ORIENTED_EDGE('',*,*,#6986,.F.);
#6988=ORIENTED_EDGE('',*,*,#6972,.T.);
#6989=CARTESIAN_POINT('',(-12.443443298,5.787174225,2.500001431));
#6990=DIRECTION('',(0.699483605,-0.110777605,0.706010629));
#6991=VECTOR('',#6990,0.708203285);
#6992=LINE('',#6989,#6991);
#6993=EDGE_CURVE('',#6961,#3535,#6992,.T.);
#6994=ORIENTED_EDGE('',*,*,#6993,.T.);
#6995=EDGE_LOOP('',(#6987,#6988,#6994));
#6996=FACE_BOUND('',#6995,.T.);
#6997=ADVANCED_FACE('',(#6996),#6981,.T.);
#6998=CARTESIAN_POINT('',(-12.461743505,5.554631401,1.341364296));
#6999=DIRECTION('',(-0.996917773,0.078453513,0.));
#7000=DIRECTION('',(-0.078453513,-0.996917773,0.));
#7001=AXIS2_PLACEMENT_3D('',#6998,#6999,#7000);
#7002=PLANE('',#7001);
#7003=ORIENTED_EDGE('',*,*,#6966,.T.);
#7004=CARTESIAN_POINT('',(-12.504997253,5.005001068,0.500770092));
#7005=VERTEX_POINT('',#7004);
#7006=CARTESIAN_POINT('',(-12.504997253,5.005001068,0.500770092));
#7007=DIRECTION('',(0.078453513,0.99691777,0.0000784));
#7008=VECTOR('',#7007,0.784591448);
#7009=LINE('',#7006,#7008);
#7010=EDGE_CURVE('',#7005,#6953,#7009,.T.);
#7011=ORIENTED_EDGE('',*,*,#7010,.F.);
#7012=CARTESIAN_POINT('',(-12.504997253,5.005001068,2.500001431));
#7013=VERTEX_POINT('',#7012);
#7014=CARTESIAN_POINT('',(-12.504997253,5.005001068,0.500770092));
#7015=DIRECTION('',(0.,0.,1.));
#7016=VECTOR('',#7015,1.999231339);
#7017=LINE('',#7014,#7016);
#7018=EDGE_CURVE('',#7005,#7013,#7017,.T.);
#7019=ORIENTED_EDGE('',*,*,#7018,.T.);
#7020=CARTESIAN_POINT('',(-12.443443298,5.787174225,2.500001431));
#7021=DIRECTION('',(-0.078453513,-0.996917773,0.));
#7022=VECTOR('',#7021,0.784591446);
#7023=LINE('',#7020,#7022);
#7024=EDGE_CURVE('',#6961,#7013,#7023,.T.);
#7025=ORIENTED_EDGE('',*,*,#7024,.F.);
#7026=EDGE_LOOP('',(#7003,#7011,#7019,#7025));
#7027=FACE_BOUND('',#7026,.T.);
#7028=ADVANCED_FACE('',(#7027),#7002,.T.);
#7029=CARTESIAN_POINT('',(-12.31022929,5.280118768,2.67258474));
#7030=DIRECTION('',(-0.704926533,0.055474949,0.707107569));
#7031=DIRECTION('',(0.708198138,0.,0.706013738));
#7032=AXIS2_PLACEMENT_3D('',#7029,#7030,#7031);
#7033=PLANE('',#7032);
#7034=CARTESIAN_POINT('',(-12.504997253,5.005001068,2.500001431));
#7035=DIRECTION('',(0.706834703,-0.027772512,0.706833354));
#7036=VECTOR('',#7035,0.707378965);
#7037=LINE('',#7034,#7036);
#7038=EDGE_CURVE('',#7013,#3543,#7037,.T.);
#7039=ORIENTED_EDGE('',*,*,#7038,.T.);
#7040=ORIENTED_EDGE('',*,*,#3548,.T.);
#7041=ORIENTED_EDGE('',*,*,#6993,.F.);
#7042=ORIENTED_EDGE('',*,*,#7024,.T.);
#7043=EDGE_LOOP('',(#7039,#7040,#7041,#7042));
#7044=FACE_BOUND('',#7043,.T.);
#7045=ADVANCED_FACE('',(#7044),#7033,.T.);
#7046=CARTESIAN_POINT('',(-12.504997253,0.450384233,1.950769994));
#7047=DIRECTION('',(-1.,0.,0.));
#7048=DIRECTION('',(0.,0.,-1.));
#7049=AXIS2_PLACEMENT_3D('',#7046,#7047,#7048);
#7050=PLANE('',#7049);
#7051=CARTESIAN_POINT('',(-12.504997253,-5.005001068,2.500001431));
#7052=VERTEX_POINT('',#7051);
#7053=CARTESIAN_POINT('',(-12.504997253,5.005001068,2.500001431));
#7054=DIRECTION('',(-0.,-1.,-0.));
#7055=VECTOR('',#7054,10.010002136);
#7056=LINE('',#7053,#7055);
#7057=EDGE_CURVE('',#7013,#7052,#7056,.T.);
#7058=ORIENTED_EDGE('',*,*,#7057,.F.);
#7059=ORIENTED_EDGE('',*,*,#7018,.F.);
#7060=CARTESIAN_POINT('',(-12.504997253,-5.005001068,0.500770092));
#7061=VERTEX_POINT('',#7060);
#7062=CARTESIAN_POINT('',(-12.504997253,-5.005001068,0.500770092));
#7063=DIRECTION('',(-0.,1.,-0.));
#7064=VECTOR('',#7063,10.010002136);
#7065=LINE('',#7062,#7064);
#7066=EDGE_CURVE('',#7061,#7005,#7065,.T.);
#7067=ORIENTED_EDGE('',*,*,#7066,.F.);
#7068=CARTESIAN_POINT('',(-12.504997253,-5.005001068,0.500770092));
#7069=DIRECTION('',(-0.,-0.,1.));
#7070=VECTOR('',#7069,1.999231339);
#7071=LINE('',#7068,#7070);
#7072=EDGE_CURVE('',#7061,#7052,#7071,.T.);
#7073=ORIENTED_EDGE('',*,*,#7072,.T.);
#7074=EDGE_LOOP('',(#7058,#7059,#7067,#7073));
#7075=FACE_BOUND('',#7074,.T.);
#7076=ADVANCED_FACE('',(#7075),#7050,.T.);
#7077=CARTESIAN_POINT('',(-12.486697446,-5.237536549,1.341366566));
#7078=DIRECTION('',(-0.996917713,-0.078454273,0.));
#7079=DIRECTION('',(0.078454273,-0.996917713,0.));
#7080=AXIS2_PLACEMENT_3D('',#7077,#7078,#7079);
#7081=PLANE('',#7080);
#7082=ORIENTED_EDGE('',*,*,#7072,.F.);
#7083=CARTESIAN_POINT('',(-12.443443298,-5.787166595,0.500831604));
#7084=VERTEX_POINT('',#7083);
#7085=CARTESIAN_POINT('',(-12.443443298,-5.787166595,0.500831604));
#7086=DIRECTION('',(-0.078454273,0.99691771,-0.000078401));
#7087=VECTOR('',#7086,0.784583842);
#7088=LINE('',#7085,#7087);
#7089=EDGE_CURVE('',#7084,#7061,#7088,.T.);
#7090=ORIENTED_EDGE('',*,*,#7089,.F.);
#7091=CARTESIAN_POINT('',(-12.443443298,-5.787166595,2.500001431));
#7092=VERTEX_POINT('',#7091);
#7093=CARTESIAN_POINT('',(-12.443443298,-5.787166595,0.500831604));
#7094=DIRECTION('',(0.,0.,1.));
#7095=VECTOR('',#7094,1.999169827);
#7096=LINE('',#7093,#7095);
#7097=EDGE_CURVE('',#7084,#7092,#7096,.T.);
#7098=ORIENTED_EDGE('',*,*,#7097,.T.);
#7099=CARTESIAN_POINT('',(-12.504997253,-5.005001068,2.500001431));
#7100=DIRECTION('',(0.078454273,-0.996917713,-0.));
#7101=VECTOR('',#7100,0.78458384);
#7102=LINE('',#7099,#7101);
#7103=EDGE_CURVE('',#7052,#7092,#7102,.T.);
#7104=ORIENTED_EDGE('',*,*,#7103,.F.);
#7105=EDGE_LOOP('',(#7082,#7090,#7098,#7104));
#7106=FACE_BOUND('',#7105,.T.);
#7107=ADVANCED_FACE('',(#7106),#7081,.T.);
#7108=CARTESIAN_POINT('',(-12.294995749,-5.478972294,2.672168645));
#7109=DIRECTION('',(-0.704923309,-0.055475237,0.707110759));
#7110=DIRECTION('',(0.708201345,-0.,0.706010521));
#7111=AXIS2_PLACEMENT_3D('',#7108,#7109,#7110);
#7112=PLANE('',#7111);
#7113=CARTESIAN_POINT('',(-12.443443298,-5.787166595,2.500001431));
#7114=DIRECTION('',(0.699483605,0.110777605,0.706010629));
#7115=VECTOR('',#7114,0.708203285);
#7116=LINE('',#7113,#7115);
#7117=EDGE_CURVE('',#7092,#3559,#7116,.T.);
#7118=ORIENTED_EDGE('',*,*,#7117,.T.);
#7119=ORIENTED_EDGE('',*,*,#3564,.T.);
#7120=CARTESIAN_POINT('',(-12.004997253,-4.985347748,3.000000477));
#7121=DIRECTION('',(-0.706834491,-0.027783289,-0.706833143));
#7122=VECTOR('',#7121,0.707379176);
#7123=LINE('',#7120,#7122);
#7124=EDGE_CURVE('',#3551,#7052,#7123,.T.);
#7125=ORIENTED_EDGE('',*,*,#7124,.T.);
#7126=ORIENTED_EDGE('',*,*,#7103,.T.);
#7127=EDGE_LOOP('',(#7118,#7119,#7125,#7126));
#7128=FACE_BOUND('',#7127,.T.);
#7129=ADVANCED_FACE('',(#7128),#7112,.T.);
#7130=CARTESIAN_POINT('',(-12.388988536,-6.013979029,1.341414346));
#7131=DIRECTION('',(-0.972368057,-0.233453127,0.));
#7132=DIRECTION('',(0.233453127,-0.972368057,0.));
#7133=AXIS2_PLACEMENT_3D('',#7130,#7131,#7132);
#7134=PLANE('',#7133);
#7135=ORIENTED_EDGE('',*,*,#7097,.F.);
#7136=CARTESIAN_POINT('',(-12.260276794,-6.55008316,0.50096035));
#7137=VERTEX_POINT('',#7136);
#7138=CARTESIAN_POINT('',(-12.260276794,-6.55008316,0.50096035));
#7139=DIRECTION('',(-0.233453124,0.972368044,-0.000164092));
#7140=VECTOR('',#7139,0.784596501);
#7141=LINE('',#7138,#7140);
#7142=EDGE_CURVE('',#7137,#7084,#7141,.T.);
#7143=ORIENTED_EDGE('',*,*,#7142,.F.);
#7144=CARTESIAN_POINT('',(-12.260276794,-6.55008316,2.500001431));
#7145=VERTEX_POINT('',#7144);
#7146=CARTESIAN_POINT('',(-12.260276794,-6.55008316,2.500001431));
#7147=DIRECTION('',(-0.,-0.,-1.));
#7148=VECTOR('',#7147,1.99904108);
#7149=LINE('',#7146,#7148);
#7150=EDGE_CURVE('',#7145,#7137,#7149,.T.);
#7151=ORIENTED_EDGE('',*,*,#7150,.F.);
#7152=CARTESIAN_POINT('',(-12.443443298,-5.787166595,2.500001431));
#7153=DIRECTION('',(0.233453127,-0.972368057,0.));
#7154=VECTOR('',#7153,0.784596491);
#7155=LINE('',#7152,#7154);
#7156=EDGE_CURVE('',#7092,#7145,#7155,.T.);
#7157=ORIENTED_EDGE('',*,*,#7156,.F.);
#7158=EDGE_LOOP('',(#7135,#7143,#7151,#7157));
#7159=FACE_BOUND('',#7158,.T.);
#7160=ADVANCED_FACE('',(#7159),#7134,.T.);
#7161=CARTESIAN_POINT('',(-12.161880323,-6.222452923,2.672167484));
#7162=DIRECTION('',(-0.687572368,-0.165077326,0.707102337));
#7163=DIRECTION('',(0.71693828,0.,0.697136646));
#7164=AXIS2_PLACEMENT_3D('',#7161,#7162,#7163);
#7165=PLANE('',#7164);
#7166=CARTESIAN_POINT('',(-12.443443298,-5.787166595,2.500001431));
#7167=DIRECTION('',(0.642602767,-0.591760744,0.486704126));
#7168=VECTOR('',#7167,1.027316227);
#7169=LINE('',#7166,#7168);
#7170=EDGE_CURVE('',#7092,#3567,#7169,.T.);
#7171=ORIENTED_EDGE('',*,*,#7170,.F.);
#7172=ORIENTED_EDGE('',*,*,#7156,.T.);
#7173=CARTESIAN_POINT('',(-12.260276794,-6.55008316,2.500001431));
#7174=DIRECTION('',(0.673528581,0.218853697,0.706018633));
#7175=VECTOR('',#7174,0.708195256);
#7176=LINE('',#7173,#7175);
#7177=EDGE_CURVE('',#7145,#3567,#7176,.T.);
#7178=ORIENTED_EDGE('',*,*,#7177,.T.);
#7179=EDGE_LOOP('',(#7171,#7172,#7178));
#7180=FACE_BOUND('',#7179,.T.);
#7181=ADVANCED_FACE('',(#7180),#7165,.T.);
#7182=CARTESIAN_POINT('',(-12.171014462,-6.765583851,1.341502068));
#7183=DIRECTION('',(-0.923881013,-0.382679859,0.));
#7184=DIRECTION('',(0.382679859,-0.923881013,0.));
#7185=AXIS2_PLACEMENT_3D('',#7182,#7183,#7184);
#7186=PLANE('',#7185);
#7187=ORIENTED_EDGE('',*,*,#7150,.T.);
#7188=CARTESIAN_POINT('',(-11.960029602,-7.274951935,0.501164913));
#7189=VERTEX_POINT('',#7188);
#7190=CARTESIAN_POINT('',(-11.960029602,-7.274951935,0.501164913));
#7191=DIRECTION('',(-0.382679846,0.923880981,-0.000260726));
#7192=VECTOR('',#7191,0.784591077);
#7193=LINE('',#7190,#7192);
#7194=EDGE_CURVE('',#7189,#7137,#7193,.T.);
#7195=ORIENTED_EDGE('',*,*,#7194,.F.);
#7196=CARTESIAN_POINT('',(-11.960029602,-7.274951935,2.500001431));
#7197=VERTEX_POINT('',#7196);
#7198=CARTESIAN_POINT('',(-11.960029602,-7.274951935,2.500001431));
#7199=DIRECTION('',(-0.,-0.,-1.));
#7200=VECTOR('',#7199,1.998836517);
#7201=LINE('',#7198,#7200);
#7202=EDGE_CURVE('',#7197,#7189,#7201,.T.);
#7203=ORIENTED_EDGE('',*,*,#7202,.F.);
#7204=CARTESIAN_POINT('',(-12.260276794,-6.55008316,2.500001431));
#7205=DIRECTION('',(0.382679859,-0.923881013,-0.));
#7206=VECTOR('',#7205,0.784591051);
#7207=LINE('',#7204,#7206);
#7208=EDGE_CURVE('',#7145,#7197,#7207,.T.);
#7209=ORIENTED_EDGE('',*,*,#7208,.F.);
#7210=EDGE_LOOP('',(#7187,#7195,#7203,#7209));
#7211=FACE_BOUND('',#7210,.T.);
#7212=ADVANCED_FACE('',(#7211),#7186,.T.);
#7213=CARTESIAN_POINT('',(-11.914094005,-6.935964149,2.672167501));
#7214=DIRECTION('',(-0.653288689,-0.270598075,0.707100113));
#7215=DIRECTION('',(0.734502634,0.,0.678605836));
#7216=AXIS2_PLACEMENT_3D('',#7213,#7214,#7215);
#7217=PLANE('',#7216);
#7218=CARTESIAN_POINT('',(-11.960029602,-7.274951935,2.500001431));
#7219=DIRECTION('',(0.630998438,0.321521348,0.706020534));
#7220=VECTOR('',#7219,0.708193349);
#7221=LINE('',#7218,#7220);
#7222=EDGE_CURVE('',#7197,#3575,#7221,.T.);
#7223=ORIENTED_EDGE('',*,*,#7222,.T.);
#7224=ORIENTED_EDGE('',*,*,#3580,.T.);
#7225=ORIENTED_EDGE('',*,*,#7177,.F.);
#7226=ORIENTED_EDGE('',*,*,#7208,.T.);
#7227=EDGE_LOOP('',(#7223,#7224,#7225,#7226));
#7228=FACE_BOUND('',#7227,.T.);
#7229=ADVANCED_FACE('',(#7228),#7217,.T.);
#7230=CARTESIAN_POINT('',(-11.838154881,-7.473836455,1.341633011));
#7231=DIRECTION('',(-0.852643735,-0.522492737,0.));
#7232=DIRECTION('',(0.522492737,-0.852643735,0.));
#7233=AXIS2_PLACEMENT_3D('',#7230,#7231,#7232);
#7234=PLANE('',#7233);
#7235=ORIENTED_EDGE('',*,*,#7202,.T.);
#7236=CARTESIAN_POINT('',(-11.550086975,-7.943927765,0.501462936));
#7237=VERTEX_POINT('',#7236);
#7238=CARTESIAN_POINT('',(-11.550086975,-7.943927765,0.501462936));
#7239=DIRECTION('',(-0.5224927,0.852643674,-0.000379846));
#7240=VECTOR('',#7239,0.784590153);
#7241=LINE('',#7238,#7240);
#7242=EDGE_CURVE('',#7237,#7189,#7241,.T.);
#7243=ORIENTED_EDGE('',*,*,#7242,.F.);
#7244=CARTESIAN_POINT('',(-11.550086975,-7.943927765,2.500001431));
#7245=VERTEX_POINT('',#7244);
#7246=CARTESIAN_POINT('',(-11.550086975,-7.943927765,2.500001431));
#7247=DIRECTION('',(-0.,-0.,-1.));
#7248=VECTOR('',#7247,1.998538494);
#7249=LINE('',#7246,#7248);
#7250=EDGE_CURVE('',#7245,#7237,#7249,.T.);
#7251=ORIENTED_EDGE('',*,*,#7250,.F.);
#7252=CARTESIAN_POINT('',(-11.960029602,-7.274951935,2.500001431));
#7253=DIRECTION('',(0.522492737,-0.852643735,0.));
#7254=VECTOR('',#7253,0.784590096);
#7255=LINE('',#7252,#7254);
#7256=EDGE_CURVE('',#7197,#7245,#7255,.T.);
#7257=ORIENTED_EDGE('',*,*,#7256,.F.);
#7258=EDGE_LOOP('',(#7235,#7243,#7251,#7257));
#7259=FACE_BOUND('',#7258,.T.);
#7260=ADVANCED_FACE('',(#7259),#7234,.T.);
#7261=CARTESIAN_POINT('',(-11.557739408,-7.601925829,2.672168133));
#7262=DIRECTION('',(-0.602906619,-0.369455984,0.707110942));
#7263=DIRECTION('',(0.760949462,0.,0.648811156));
#7264=AXIS2_PLACEMENT_3D('',#7261,#7262,#7263);
#7265=PLANE('',#7264);
#7266=CARTESIAN_POINT('',(-11.960029602,-7.274951935,2.500001431));
#7267=DIRECTION('',(0.794016366,-0.364219992,0.486705052));
#7268=VECTOR('',#7267,1.027314273);
#7269=LINE('',#7266,#7268);
#7270=EDGE_CURVE('',#7197,#3583,#7269,.T.);
#7271=ORIENTED_EDGE('',*,*,#7270,.F.);
#7272=ORIENTED_EDGE('',*,*,#7256,.T.);
#7273=CARTESIAN_POINT('',(-11.550086975,-7.943927765,2.500001431));
#7274=DIRECTION('',(0.572944609,0.416274681,0.70600982));
#7275=VECTOR('',#7274,0.708204096);
#7276=LINE('',#7273,#7275);
#7277=EDGE_CURVE('',#7245,#3583,#7276,.T.);
#7278=ORIENTED_EDGE('',*,*,#7277,.T.);
#7279=EDGE_LOOP('',(#7271,#7272,#7278));
#7280=FACE_BOUND('',#7279,.T.);
#7281=ADVANCED_FACE('',(#7280),#7265,.T.);
#7282=CARTESIAN_POINT('',(-11.398597684,-8.121297346,1.341818924));
#7283=DIRECTION('',(-0.760403091,-0.649451414,0.));
#7284=DIRECTION('',(0.649451414,-0.760403091,0.));
#7285=AXIS2_PLACEMENT_3D('',#7282,#7283,#7284);
#7286=PLANE('',#7285);
#7287=ORIENTED_EDGE('',*,*,#7250,.T.);
#7288=CARTESIAN_POINT('',(-11.040534973,-8.540531158,0.501878738));
#7289=VERTEX_POINT('',#7288);
#7290=CARTESIAN_POINT('',(-11.040534973,-8.540531158,0.501878738));
#7291=DIRECTION('',(-0.649451323,0.760402984,-0.000529962));
#7292=VECTOR('',#7291,0.784588443);
#7293=LINE('',#7290,#7292);
#7294=EDGE_CURVE('',#7289,#7237,#7293,.T.);
#7295=ORIENTED_EDGE('',*,*,#7294,.F.);
#7296=CARTESIAN_POINT('',(-11.040534973,-8.540531158,2.500001431));
#7297=VERTEX_POINT('',#7296);
#7298=CARTESIAN_POINT('',(-11.040534973,-8.540531158,2.500001431));
#7299=DIRECTION('',(0.,0.,-1.));
#7300=VECTOR('',#7299,1.998122692);
#7301=LINE('',#7298,#7300);
#7302=EDGE_CURVE('',#7297,#7289,#7301,.T.);
#7303=ORIENTED_EDGE('',*,*,#7302,.F.);
#7304=CARTESIAN_POINT('',(-11.550086975,-7.943927765,2.500001431));
#7305=DIRECTION('',(0.649451414,-0.760403091,-0.));
#7306=VECTOR('',#7305,0.784588333);
#7307=LINE('',#7304,#7306);
#7308=EDGE_CURVE('',#7245,#7297,#7307,.T.);
#7309=ORIENTED_EDGE('',*,*,#7308,.F.);
#7310=EDGE_LOOP('',(#7287,#7295,#7303,#7309));
#7311=FACE_BOUND('',#7310,.T.);
#7312=ADVANCED_FACE('',(#7311),#7286,.T.);
#7313=CARTESIAN_POINT('',(-11.101597272,-8.203939511,2.672168205));
#7314=DIRECTION('',(-0.537684331,-0.459229918,0.707109216));
#7315=DIRECTION('',(0.796009602,-0.,0.605283994));
#7316=AXIS2_PLACEMENT_3D('',#7313,#7314,#7315);
#7317=PLANE('',#7316);
#7318=CARTESIAN_POINT('',(-11.040534973,-8.540531158,2.500001431));
#7319=DIRECTION('',(0.500767716,0.500778489,0.706011756));
#7320=VECTOR('',#7319,0.708202154);
#7321=LINE('',#7318,#7320);
#7322=EDGE_CURVE('',#7297,#3591,#7321,.T.);
#7323=ORIENTED_EDGE('',*,*,#7322,.T.);
#7324=ORIENTED_EDGE('',*,*,#3596,.T.);
#7325=ORIENTED_EDGE('',*,*,#7277,.F.);
#7326=ORIENTED_EDGE('',*,*,#7308,.T.);
#7327=EDGE_LOOP('',(#7323,#7324,#7325,#7326));
#7328=FACE_BOUND('',#7327,.T.);
#7329=ADVANCED_FACE('',(#7328),#7317,.T.);
#7330=CARTESIAN_POINT('',(-10.863163353,-8.692022191,1.342074145));
#7331=DIRECTION('',(-0.649451414,-0.760403091,0.));
#7332=DIRECTION('',(-0.760403091,0.649451414,0.));
#7333=AXIS2_PLACEMENT_3D('',#7330,#7331,#7332);
#7334=PLANE('',#7333);
#7335=ORIENTED_EDGE('',*,*,#7302,.T.);
#7336=CARTESIAN_POINT('',(-10.44393158,-9.05008316,0.502444744));
#7337=VERTEX_POINT('',#7336);
#7338=CARTESIAN_POINT('',(-10.44393158,-9.05008316,0.502444744));
#7339=DIRECTION('',(-0.760402893,0.649451245,-0.000721405));
#7340=VECTOR('',#7339,0.784588537);
#7341=LINE('',#7338,#7340);
#7342=EDGE_CURVE('',#7337,#7289,#7341,.T.);
#7343=ORIENTED_EDGE('',*,*,#7342,.F.);
#7344=CARTESIAN_POINT('',(-10.44393158,-9.05008316,2.500001431));
#7345=VERTEX_POINT('',#7344);
#7346=CARTESIAN_POINT('',(-10.44393158,-9.05008316,2.500001431));
#7347=DIRECTION('',(0.,0.,-1.));
#7348=VECTOR('',#7347,1.997556686);
#7349=LINE('',#7346,#7348);
#7350=EDGE_CURVE('',#7345,#7337,#7349,.T.);
#7351=ORIENTED_EDGE('',*,*,#7350,.F.);
#7352=CARTESIAN_POINT('',(-11.040534973,-8.540531158,2.500001431));
#7353=DIRECTION('',(0.760403091,-0.649451414,-0.));
#7354=VECTOR('',#7353,0.784588333);
#7355=LINE('',#7352,#7354);
#7356=EDGE_CURVE('',#7297,#7345,#7355,.T.);
#7357=ORIENTED_EDGE('',*,*,#7356,.F.);
#7358=EDGE_LOOP('',(#7335,#7343,#7351,#7357));
#7359=FACE_BOUND('',#7358,.T.);
#7360=ADVANCED_FACE('',(#7359),#7334,.T.);
#7361=CARTESIAN_POINT('',(-10.556894712,-8.727186947,2.672168103));
#7362=DIRECTION('',(-0.459230778,-0.537685339,0.707107891));
#7363=DIRECTION('',(-0.,0.796008509,0.605285432));
#7364=AXIS2_PLACEMENT_3D('',#7361,#7362,#7363);
#7365=PLANE('',#7364);
#7366=CARTESIAN_POINT('',(-10.44393158,-9.05008316,2.500001431));
#7367=DIRECTION('',(0.416265775,0.572947178,0.706012986));
#7368=VECTOR('',#7367,0.70820092);
#7369=LINE('',#7366,#7368);
#7370=EDGE_CURVE('',#7345,#3599,#7369,.T.);
#7371=ORIENTED_EDGE('',*,*,#7370,.T.);
#7372=ORIENTED_EDGE('',*,*,#3604,.T.);
#7373=ORIENTED_EDGE('',*,*,#7322,.F.);
#7374=ORIENTED_EDGE('',*,*,#7356,.T.);
#7375=EDGE_LOOP('',(#7371,#7372,#7373,#7374));
#7376=FACE_BOUND('',#7375,.T.);
#7377=ADVANCED_FACE('',(#7376),#7365,.T.);
#7378=CARTESIAN_POINT('',(-10.245040061,-9.17196217,1.342419013));
#7379=DIRECTION('',(-0.522492737,-0.852643735,0.));
#7380=DIRECTION('',(-0.852643735,0.522492737,0.));
#7381=AXIS2_PLACEMENT_3D('',#7378,#7379,#7380);
#7382=PLANE('',#7381);
#7383=ORIENTED_EDGE('',*,*,#7350,.T.);
#7384=CARTESIAN_POINT('',(-9.77495575,-9.460025787,0.50320673));
#7385=VERTEX_POINT('',#7384);
#7386=CARTESIAN_POINT('',(-9.77495575,-9.460025787,0.50320673));
#7387=DIRECTION('',(-0.852643333,0.522492491,-0.000971189));
#7388=VECTOR('',#7387,0.784590466);
#7389=LINE('',#7386,#7388);
#7390=EDGE_CURVE('',#7385,#7337,#7389,.T.);
#7391=ORIENTED_EDGE('',*,*,#7390,.F.);
#7392=CARTESIAN_POINT('',(-9.77495575,-9.460025787,2.500001431));
#7393=VERTEX_POINT('',#7392);
#7394=CARTESIAN_POINT('',(-9.77495575,-9.460025787,2.500001431));
#7395=DIRECTION('',(0.,0.,-1.));
#7396=VECTOR('',#7395,1.996794701);
#7397=LINE('',#7394,#7396);
#7398=EDGE_CURVE('',#7393,#7385,#7397,.T.);
#7399=ORIENTED_EDGE('',*,*,#7398,.F.);
#7400=CARTESIAN_POINT('',(-10.44393158,-9.05008316,2.500001431));
#7401=DIRECTION('',(0.852643735,-0.522492737,-0.));
#7402=VECTOR('',#7401,0.784590096);
#7403=LINE('',#7400,#7402);
#7404=EDGE_CURVE('',#7345,#7393,#7403,.T.);
#7405=ORIENTED_EDGE('',*,*,#7404,.F.);
#7406=EDGE_LOOP('',(#7383,#7391,#7399,#7405));
#7407=FACE_BOUND('',#7406,.T.);
#7408=ADVANCED_FACE('',(#7407),#7382,.T.);
#7409=CARTESIAN_POINT('',(-9.937038902,-9.158780158,2.672168454));
#7410=DIRECTION('',(-0.369457186,-0.602908581,0.707108641));
#7411=DIRECTION('',(-0.,0.760947377,0.648813601));
#7412=AXIS2_PLACEMENT_3D('',#7409,#7410,#7411);
#7413=PLANE('',#7412);
#7414=CARTESIAN_POINT('',(-9.77495575,-9.460025787,2.500001431));
#7415=DIRECTION('',(0.321528821,0.631002736,0.706013289));
#7416=VECTOR('',#7415,0.708200616);
#7417=LINE('',#7414,#7416);
#7418=EDGE_CURVE('',#7393,#3607,#7417,.T.);
#7419=ORIENTED_EDGE('',*,*,#7418,.T.);
#7420=ORIENTED_EDGE('',*,*,#3612,.T.);
#7421=ORIENTED_EDGE('',*,*,#7370,.F.);
#7422=ORIENTED_EDGE('',*,*,#7404,.T.);
#7423=EDGE_LOOP('',(#7419,#7420,#7421,#7422));
#7424=FACE_BOUND('',#7423,.T.);
#7425=ADVANCED_FACE('',(#7424),#7413,.T.);
#7426=CARTESIAN_POINT('',(-9.559441572,-9.549295974,1.342880718));
#7427=DIRECTION('',(-0.382688159,-0.923877575,0.));
#7428=DIRECTION('',(-0.923877575,0.382688159,0.));
#7429=AXIS2_PLACEMENT_3D('',#7426,#7427,#7428);
#7430=PLANE('',#7429);
#7431=ORIENTED_EDGE('',*,*,#7398,.T.);
#7432=CARTESIAN_POINT('',(-9.050086975,-9.760280609,0.504223824));
#7433=VERTEX_POINT('',#7432);
#7434=CARTESIAN_POINT('',(-9.050086975,-9.760280609,0.504223824));
#7435=DIRECTION('',(-0.923876799,0.382687837,-0.00129633));
#7436=VECTOR('',#7435,0.784594629);
#7437=LINE('',#7434,#7436);
#7438=EDGE_CURVE('',#7433,#7385,#7437,.T.);
#7439=ORIENTED_EDGE('',*,*,#7438,.F.);
#7440=CARTESIAN_POINT('',(-9.050086975,-9.760280609,2.500001431));
#7441=VERTEX_POINT('',#7440);
#7442=CARTESIAN_POINT('',(-9.050086975,-9.760280609,2.500001431));
#7443=DIRECTION('',(0.,0.,-1.));
#7444=VECTOR('',#7443,1.995777607);
#7445=LINE('',#7442,#7444);
#7446=EDGE_CURVE('',#7441,#7433,#7445,.T.);
#7447=ORIENTED_EDGE('',*,*,#7446,.F.);
#7448=CARTESIAN_POINT('',(-9.77495575,-9.460025787,2.500001431));
#7449=DIRECTION('',(0.923877575,-0.382688159,0.));
#7450=VECTOR('',#7449,0.78459397);
#7451=LINE('',#7448,#7450);
#7452=EDGE_CURVE('',#7393,#7441,#7451,.T.);
#7453=ORIENTED_EDGE('',*,*,#7452,.F.);
#7454=EDGE_LOOP('',(#7431,#7439,#7447,#7453));
#7455=FACE_BOUND('',#7454,.T.);
#7456=ADVANCED_FACE('',(#7455),#7430,.T.);
#7457=CARTESIAN_POINT('',(-9.257304365,-9.488095812,2.672167739));
#7458=DIRECTION('',(-0.270601801,-0.653281084,0.707105714));
#7459=DIRECTION('',(-0.,0.734509251,0.678598674));
#7460=AXIS2_PLACEMENT_3D('',#7457,#7458,#7459);
#7461=PLANE('',#7460);
#7462=CARTESIAN_POINT('',(-9.050086975,-9.760280609,2.500001431));
#7463=DIRECTION('',(0.218841852,0.673536055,0.706015174));
#7464=VECTOR('',#7463,0.708198725);
#7465=LINE('',#7462,#7464);
#7466=EDGE_CURVE('',#7441,#3615,#7465,.T.);
#7467=ORIENTED_EDGE('',*,*,#7466,.T.);
#7468=ORIENTED_EDGE('',*,*,#3620,.T.);
#7469=ORIENTED_EDGE('',*,*,#7418,.F.);
#7470=ORIENTED_EDGE('',*,*,#7452,.T.);
#7471=EDGE_LOOP('',(#7467,#7468,#7469,#7470));
#7472=FACE_BOUND('',#7471,.T.);
#7473=ADVANCED_FACE('',(#7472),#7461,.T.);
#7474=CARTESIAN_POINT('',(-8.823255932,-9.814738116,1.343498346));
#7475=DIRECTION('',(-0.23344614,-0.972369734,0.));
#7476=DIRECTION('',(-0.972369734,0.23344614,0.));
#7477=AXIS2_PLACEMENT_3D('',#7474,#7475,#7476);
#7478=PLANE('',#7477);
#7479=ORIENTED_EDGE('',*,*,#7446,.T.);
#7480=CARTESIAN_POINT('',(-8.28717804,-9.943439484,0.505579472));
#7481=VERTEX_POINT('',#7480);
#7482=CARTESIAN_POINT('',(-8.28717804,-9.943439484,0.505579472));
#7483=DIRECTION('',(-0.972368283,0.233445791,-0.001727846));
#7484=VECTOR('',#7483,0.784588462);
#7485=LINE('',#7482,#7484);
#7486=EDGE_CURVE('',#7481,#7433,#7485,.T.);
#7487=ORIENTED_EDGE('',*,*,#7486,.F.);
#7488=CARTESIAN_POINT('',(-8.28717804,-9.943439484,2.500001431));
#7489=VERTEX_POINT('',#7488);
#7490=CARTESIAN_POINT('',(-8.28717804,-9.943439484,2.500001431));
#7491=DIRECTION('',(0.,0.,-1.));
#7492=VECTOR('',#7491,1.994421959);
#7493=LINE('',#7490,#7492);
#7494=EDGE_CURVE('',#7489,#7481,#7493,.T.);
#7495=ORIENTED_EDGE('',*,*,#7494,.F.);
#7496=CARTESIAN_POINT('',(-9.050086975,-9.760280609,2.500001431));
#7497=DIRECTION('',(0.972369734,-0.23344614,-0.));
#7498=VECTOR('',#7497,0.784587291);
#7499=LINE('',#7496,#7498);
#7500=EDGE_CURVE('',#7441,#7489,#7499,.T.);
#7501=ORIENTED_EDGE('',*,*,#7500,.F.);
#7502=EDGE_LOOP('',(#7479,#7487,#7495,#7501));
#7503=FACE_BOUND('',#7502,.T.);
#7504=ADVANCED_FACE('',(#7503),#7478,.T.);
#7505=CARTESIAN_POINT('',(-8.534419495,-9.707023226,2.672168197));
#7506=DIRECTION('',(-0.1650715,-0.687569865,0.707106131));
#7507=DIRECTION('',(0.,0.716941419,0.697133418));
#7508=AXIS2_PLACEMENT_3D('',#7505,#7506,#7507);
#7509=PLANE('',#7508);
#7510=CARTESIAN_POINT('',(-8.28717804,-9.943439484,2.500001431));
#7511=DIRECTION('',(0.110789081,0.699477269,0.706015106));
#7512=VECTOR('',#7511,0.708198793);
#7513=LINE('',#7510,#7512);
#7514=EDGE_CURVE('',#7489,#3623,#7513,.T.);
#7515=ORIENTED_EDGE('',*,*,#7514,.T.);
#7516=ORIENTED_EDGE('',*,*,#3628,.T.);
#7517=ORIENTED_EDGE('',*,*,#7466,.F.);
#7518=ORIENTED_EDGE('',*,*,#7500,.T.);
#7519=EDGE_LOOP('',(#7515,#7516,#7517,#7518));
#7520=FACE_BOUND('',#7519,.T.);
#7521=ADVANCED_FACE('',(#7520),#7509,.T.);
#7522=CARTESIAN_POINT('',(-8.054606378,-9.96174405,1.344316738));
#7523=DIRECTION('',(-0.078462416,-0.996917072,0.));
#7524=DIRECTION('',(-0.996917072,0.078462416,0.));
#7525=AXIS2_PLACEMENT_3D('',#7522,#7523,#7524);
#7526=PLANE('',#7525);
#7527=ORIENTED_EDGE('',*,*,#7494,.T.);
#7528=CARTESIAN_POINT('',(-7.504997253,-10.005001068,0.507380962));
#7529=VERTEX_POINT('',#7528);
#7530=CARTESIAN_POINT('',(-7.504997253,-10.005001068,0.507380962));
#7531=DIRECTION('',(-0.996914445,0.07846221,-0.002296058));
#7532=VECTOR('',#7531,0.784601718);
#7533=LINE('',#7530,#7532);
#7534=EDGE_CURVE('',#7529,#7481,#7533,.T.);
#7535=ORIENTED_EDGE('',*,*,#7534,.F.);
#7536=CARTESIAN_POINT('',(-7.504997253,-10.005001068,2.500001431));
#7537=VERTEX_POINT('',#7536);
#7538=CARTESIAN_POINT('',(-7.504997253,-10.005001068,2.500001431));
#7539=DIRECTION('',(0.,0.,-1.));
#7540=VECTOR('',#7539,1.992620468);
#7541=LINE('',#7538,#7540);
#7542=EDGE_CURVE('',#7537,#7529,#7541,.T.);
#7543=ORIENTED_EDGE('',*,*,#7542,.F.);
#7544=CARTESIAN_POINT('',(-8.28717804,-9.943439484,2.500001431));
#7545=DIRECTION('',(0.996917072,-0.078462416,0.));
#7546=VECTOR('',#7545,0.78459965);
#7547=LINE('',#7544,#7546);
#7548=EDGE_CURVE('',#7489,#7537,#7547,.T.);
#7549=ORIENTED_EDGE('',*,*,#7548,.F.);
#7550=EDGE_LOOP('',(#7527,#7535,#7543,#7549));
#7551=FACE_BOUND('',#7550,.T.);
#7552=ADVANCED_FACE('',(#7551),#7526,.T.);
#7553=CARTESIAN_POINT('',(-7.786276994,-9.810747764,2.672113642));
#7554=DIRECTION('',(-0.05556642,-0.706008236,0.706020356));
#7555=DIRECTION('',(0.,0.70711285,0.707100712));
#7556=AXIS2_PLACEMENT_3D('',#7553,#7554,#7555);
#7557=PLANE('',#7556);
#7558=CARTESIAN_POINT('',(-8.28717804,-9.943439484,2.500001431));
#7559=DIRECTION('',(0.761865733,0.427058582,0.487012909));
#7560=VECTOR('',#7559,1.026664874);
#7561=LINE('',#7558,#7560);
#7562=EDGE_CURVE('',#7489,#3631,#7561,.T.);
#7563=ORIENTED_EDGE('',*,*,#7562,.F.);
#7564=ORIENTED_EDGE('',*,*,#7548,.T.);
#7565=CARTESIAN_POINT('',(-7.504997253,-10.005001068,2.500001431));
#7566=DIRECTION('',(0.,0.70711285,0.707100712));
#7567=VECTOR('',#7566,0.707111502);
#7568=LINE('',#7565,#7567);
#7569=EDGE_CURVE('',#7537,#3631,#7568,.T.);
#7570=ORIENTED_EDGE('',*,*,#7569,.T.);
#7571=EDGE_LOOP('',(#7563,#7564,#7570));
#7572=FACE_BOUND('',#7571,.T.);
#7573=ADVANCED_FACE('',(#7572),#7557,.T.);
#7574=CARTESIAN_POINT('',(1.527881776,-10.005001068,1.97580942));
#7575=DIRECTION('',(0.,-1.,0.));
#7576=DIRECTION('',(0.,0.,-1.));
#7577=AXIS2_PLACEMENT_3D('',#7574,#7575,#7576);
#7578=PLANE('',#7577);
#7579=CARTESIAN_POINT('',(11.504997253,-10.005001068,2.500001431));
#7580=VERTEX_POINT('',#7579);
#7581=CARTESIAN_POINT('',(-7.504997253,-10.005001068,2.500001431));
#7582=DIRECTION('',(1.,-0.,-0.));
#7583=VECTOR('',#7582,19.009994507);
#7584=LINE('',#7581,#7583);
#7585=EDGE_CURVE('',#7537,#7580,#7584,.T.);
#7586=ORIENTED_EDGE('',*,*,#7585,.F.);
#7587=ORIENTED_EDGE('',*,*,#7542,.T.);
#7588=CARTESIAN_POINT('',(11.504997253,-10.005001068,0.505572319));
#7589=VERTEX_POINT('',#7588);
#7590=CARTESIAN_POINT('',(11.504997253,-10.005001068,0.505572319));
#7591=DIRECTION('',(-0.999999995,0.,0.000095142));
#7592=VECTOR('',#7591,19.009994593);
#7593=LINE('',#7590,#7592);
#7594=EDGE_CURVE('',#7589,#7529,#7593,.T.);
#7595=ORIENTED_EDGE('',*,*,#7594,.F.);
#7596=CARTESIAN_POINT('',(11.504997253,-10.005001068,0.505572319));
#7597=DIRECTION('',(-0.,-0.,1.));
#7598=VECTOR('',#7597,1.994429111);
#7599=LINE('',#7596,#7598);
#7600=EDGE_CURVE('',#7589,#7580,#7599,.T.);
#7601=ORIENTED_EDGE('',*,*,#7600,.T.);
#7602=EDGE_LOOP('',(#7586,#7587,#7595,#7601));
#7603=FACE_BOUND('',#7602,.T.);
#7604=ADVANCED_FACE('',(#7603),#7578,.T.);
#7605=CARTESIAN_POINT('',(11.545653948,-10.001800722,1.46475597));
#7606=DIRECTION('',(0.078473602,-0.996916192,0.));
#7607=DIRECTION('',(-0.996916192,-0.078473602,0.));
#7608=AXIS2_PLACEMENT_3D('',#7605,#7606,#7607);
#7609=PLANE('',#7608);
#7610=ORIENTED_EDGE('',*,*,#7600,.F.);
#7611=CARTESIAN_POINT('',(11.661430359,-9.992687225,0.504212379));
#7612=DIRECTION('',(-0.996878755,-0.078470655,0.008666291));
#7613=VECTOR('',#7612,0.1569229);
#7614=LINE('',#7611,#7613);
#7615=EDGE_CURVE('',#129,#7589,#7614,.T.);
#7616=ORIENTED_EDGE('',*,*,#7615,.F.);
#7617=CARTESIAN_POINT('',(11.661430359,-9.992687225,2.500001431));
#7618=VERTEX_POINT('',#7617);
#7619=CARTESIAN_POINT('',(11.661430359,-9.992687225,0.504212379));
#7620=DIRECTION('',(-0.,-0.,1.));
#7621=VECTOR('',#7620,1.995789051);
#7622=LINE('',#7619,#7621);
#7623=EDGE_CURVE('',#129,#7618,#7622,.T.);
#7624=ORIENTED_EDGE('',*,*,#7623,.T.);
#7625=CARTESIAN_POINT('',(11.504997253,-10.005001068,2.500001431));
#7626=DIRECTION('',(0.996916192,0.078473602,-0.));
#7627=VECTOR('',#7626,0.156917007);
#7628=LINE('',#7625,#7627);
#7629=EDGE_CURVE('',#7580,#7618,#7628,.T.);
#7630=ORIENTED_EDGE('',*,*,#7629,.F.);
#7631=EDGE_LOOP('',(#7610,#7616,#7624,#7630));
#7632=FACE_BOUND('',#7631,.T.);
#7633=ADVANCED_FACE('',(#7632),#7609,.T.);
#7634=CARTESIAN_POINT('',(11.58289768,-9.772972027,2.72520263));
#7635=DIRECTION('',(0.055489317,-0.70492748,0.707105497));
#7636=DIRECTION('',(0.,0.708196629,0.706015251));
#7637=AXIS2_PLACEMENT_3D('',#7634,#7635,#7636);
#7638=PLANE('',#7637);
#7639=CARTESIAN_POINT('',(11.504997253,-10.005001068,2.500001431));
#7640=DIRECTION('',(0.108797572,0.708248562,0.697529256));
#7641=VECTOR('',#7640,0.716814445);
#7642=LINE('',#7639,#7641);
#7643=EDGE_CURVE('',#7580,#3647,#7642,.T.);
#7644=ORIENTED_EDGE('',*,*,#7643,.F.);
#7645=ORIENTED_EDGE('',*,*,#7629,.T.);
#7646=CARTESIAN_POINT('',(11.661430359,-9.992687225,2.500001431));
#7647=DIRECTION('',(-0.110767799,0.699478938,0.706016791));
#7648=VECTOR('',#7647,0.708197103);
#7649=LINE('',#7646,#7648);
#7650=EDGE_CURVE('',#7618,#3647,#7649,.T.);
#7651=ORIENTED_EDGE('',*,*,#7650,.T.);
#7652=EDGE_LOOP('',(#7644,#7645,#7651));
#7653=FACE_BOUND('',#7652,.T.);
#7654=ADVANCED_FACE('',(#7653),#7638,.T.);
#7655=CARTESIAN_POINT('',(11.701083744,-9.98316843,1.464158467));
#7656=DIRECTION('',(0.233418923,-0.972376268,0.));
#7657=DIRECTION('',(-0.972376268,-0.233418923,0.));
#7658=AXIS2_PLACEMENT_3D('',#7655,#7656,#7657);
#7659=PLANE('',#7658);
#7660=ORIENTED_EDGE('',*,*,#7623,.F.);
#7661=ORIENTED_EDGE('',*,*,#134,.F.);
#7662=CARTESIAN_POINT('',(11.81401825,-9.956058502,2.500001431));
#7663=VERTEX_POINT('',#7662);
#7664=CARTESIAN_POINT('',(11.81401825,-9.956058502,2.500001431));
#7665=DIRECTION('',(0.,0.,-1.));
#7666=VECTOR('',#7665,1.996813297);
#7667=LINE('',#7664,#7666);
#7668=EDGE_CURVE('',#7663,#121,#7667,.T.);
#7669=ORIENTED_EDGE('',*,*,#7668,.F.);
#7670=CARTESIAN_POINT('',(11.661430359,-9.992687225,2.500001431));
#7671=DIRECTION('',(0.972376268,0.233418923,0.));
#7672=VECTOR('',#7671,0.156922681);
#7673=LINE('',#7670,#7672);
#7674=EDGE_CURVE('',#7618,#7663,#7673,.T.);
#7675=ORIENTED_EDGE('',*,*,#7674,.F.);
#7676=EDGE_LOOP('',(#7660,#7661,#7669,#7675));
#7677=FACE_BOUND('',#7676,.T.);
#7678=ADVANCED_FACE('',(#7677),#7659,.T.);
#7679=CARTESIAN_POINT('',(11.702074744,-9.751333535,2.725201777));
#7680=DIRECTION('',(0.165052439,-0.68757525,0.707105344));
#7681=DIRECTION('',(0.,0.716938302,0.697136623));
#7682=AXIS2_PLACEMENT_3D('',#7679,#7680,#7681);
#7683=PLANE('',#7682);
#7684=CARTESIAN_POINT('',(11.81401825,-9.956058502,2.500001431));
#7685=DIRECTION('',(-0.218841852,0.673536055,0.706015174));
#7686=VECTOR('',#7685,0.708198725);
#7687=LINE('',#7684,#7686);
#7688=EDGE_CURVE('',#7663,#3655,#7687,.T.);
#7689=ORIENTED_EDGE('',*,*,#7688,.T.);
#7690=ORIENTED_EDGE('',*,*,#3660,.T.);
#7691=ORIENTED_EDGE('',*,*,#7650,.F.);
#7692=ORIENTED_EDGE('',*,*,#7674,.T.);
#7693=EDGE_LOOP('',(#7689,#7690,#7691,#7692));
#7694=FACE_BOUND('',#7693,.T.);
#7695=ADVANCED_FACE('',(#7694),#7683,.T.);
#7696=CARTESIAN_POINT('',(11.851690037,-9.940452129,1.463710477));
#7697=DIRECTION('',(0.382729657,-0.923860384,0.));
#7698=DIRECTION('',(-0.923860384,-0.382729657,0.));
#7699=AXIS2_PLACEMENT_3D('',#7696,#7697,#7698);
#7700=PLANE('',#7699);
#7701=ORIENTED_EDGE('',*,*,#7668,.T.);
#7702=ORIENTED_EDGE('',*,*,#295,.F.);
#7703=CARTESIAN_POINT('',(11.958992004,-9.895999908,2.500001431));
#7704=VERTEX_POINT('',#7703);
#7705=CARTESIAN_POINT('',(11.958992004,-9.895999908,2.500001431));
#7706=DIRECTION('',(0.,0.,-1.));
#7707=VECTOR('',#7706,1.997581005);
#7708=LINE('',#7705,#7707);
#7709=EDGE_CURVE('',#7704,#284,#7708,.T.);
#7710=ORIENTED_EDGE('',*,*,#7709,.F.);
#7711=CARTESIAN_POINT('',(11.81401825,-9.956058502,2.500001431));
#7712=DIRECTION('',(0.923860384,0.382729657,-0.));
#7713=VECTOR('',#7712,0.156921714);
#7714=LINE('',#7711,#7713);
#7715=EDGE_CURVE('',#7663,#7704,#7714,.T.);
#7716=ORIENTED_EDGE('',*,*,#7715,.F.);
#7717=EDGE_LOOP('',(#7701,#7702,#7710,#7716));
#7718=FACE_BOUND('',#7717,.T.);
#7719=ADVANCED_FACE('',(#7718),#7700,.T.);
#7720=CARTESIAN_POINT('',(11.816396281,-9.711311597,2.725202059));
#7721=DIRECTION('',(0.270630016,-0.653266205,0.707108662));
#7722=DIRECTION('',(0.,0.734518365,0.678588809));
#7723=AXIS2_PLACEMENT_3D('',#7720,#7721,#7722);
#7724=PLANE('',#7723);
#7725=CARTESIAN_POINT('',(11.81401825,-9.956058502,2.500001431));
#7726=DIRECTION('',(-0.115417352,0.707202689,0.697526481));
#7727=VECTOR('',#7726,0.716817297);
#7728=LINE('',#7725,#7727);
#7729=EDGE_CURVE('',#7663,#3663,#7728,.T.);
#7730=ORIENTED_EDGE('',*,*,#7729,.F.);
#7731=ORIENTED_EDGE('',*,*,#7715,.T.);
#7732=CARTESIAN_POINT('',(11.958992004,-9.895999908,2.500001431));
#7733=DIRECTION('',(-0.321528821,0.631002736,0.706013289));
#7734=VECTOR('',#7733,0.708200616);
#7735=LINE('',#7732,#7734);
#7736=EDGE_CURVE('',#7704,#3663,#7735,.T.);
#7737=ORIENTED_EDGE('',*,*,#7736,.T.);
#7738=EDGE_LOOP('',(#7730,#7731,#7737));
#7739=FACE_BOUND('',#7738,.T.);
#7740=ADVANCED_FACE('',(#7739),#7724,.T.);
#7741=CARTESIAN_POINT('',(11.993755343,-9.874697055,1.463376846));
#7742=DIRECTION('',(0.522495927,-0.852641781,0.));
#7743=DIRECTION('',(-0.852641781,-0.522495927,0.));
#7744=AXIS2_PLACEMENT_3D('',#7741,#7742,#7743);
#7745=PLANE('',#7744);
#7746=ORIENTED_EDGE('',*,*,#7709,.T.);
#7747=CARTESIAN_POINT('',(12.092781067,-9.814014435,0.501844883));
#7748=VERTEX_POINT('',#7747);
#7749=CARTESIAN_POINT('',(12.092781067,-9.814014435,0.501844883));
#7750=DIRECTION('',(-0.852636045,-0.522492412,0.003667925));
#7751=VECTOR('',#7750,0.156912276);
#7752=LINE('',#7749,#7751);
#7753=EDGE_CURVE('',#7748,#284,#7752,.T.);
#7754=ORIENTED_EDGE('',*,*,#7753,.F.);
#7755=CARTESIAN_POINT('',(12.092781067,-9.814014435,2.500001431));
#7756=VERTEX_POINT('',#7755);
#7757=CARTESIAN_POINT('',(12.092781067,-9.814014435,2.500001431));
#7758=DIRECTION('',(0.,0.,-1.));
#7759=VECTOR('',#7758,1.998156548);
#7760=LINE('',#7757,#7759);
#7761=EDGE_CURVE('',#7756,#7748,#7760,.T.);
#7762=ORIENTED_EDGE('',*,*,#7761,.F.);
#7763=CARTESIAN_POINT('',(11.958992004,-9.895999908,2.500001431));
#7764=DIRECTION('',(0.852641781,0.522495927,0.));
#7765=VECTOR('',#7764,0.156911221);
#7766=LINE('',#7763,#7765);
#7767=EDGE_CURVE('',#7704,#7756,#7766,.T.);
#7768=ORIENTED_EDGE('',*,*,#7767,.F.);
#7769=EDGE_LOOP('',(#7746,#7754,#7762,#7768));
#7770=FACE_BOUND('',#7769,.T.);
#7771=ADVANCED_FACE('',(#7770),#7745,.T.);
#7772=CARTESIAN_POINT('',(11.923054778,-9.653898324,2.72520349));
#7773=DIRECTION('',(0.369459657,-0.602907552,0.707108227));
#7774=DIRECTION('',(-0.,0.760947737,0.648813179));
#7775=AXIS2_PLACEMENT_3D('',#7772,#7773,#7774);
#7776=PLANE('',#7775);
#7777=CARTESIAN_POINT('',(12.092781067,-9.814014435,2.500001431));
#7778=DIRECTION('',(-0.416265775,0.572947178,0.706012986));
#7779=VECTOR('',#7778,0.70820092);
#7780=LINE('',#7777,#7779);
#7781=EDGE_CURVE('',#7756,#3671,#7780,.T.);
#7782=ORIENTED_EDGE('',*,*,#7781,.T.);
#7783=ORIENTED_EDGE('',*,*,#3676,.T.);
#7784=ORIENTED_EDGE('',*,*,#7736,.F.);
#7785=ORIENTED_EDGE('',*,*,#7767,.T.);
#7786=EDGE_LOOP('',(#7782,#7783,#7784,#7785));
#7787=FACE_BOUND('',#7786,.T.);
#7788=ADVANCED_FACE('',(#7787),#7776,.T.);
#7789=CARTESIAN_POINT('',(12.123784493,-9.787534654,1.463123703));
#7790=DIRECTION('',(0.649453055,-0.76040169,0.));
#7791=DIRECTION('',(-0.76040169,-0.649453055,0.));
#7792=AXIS2_PLACEMENT_3D('',#7789,#7790,#7791);
#7793=PLANE('',#7792);
#7794=ORIENTED_EDGE('',*,*,#7761,.T.);
#7795=CARTESIAN_POINT('',(12.212104797,-9.712100983,0.501418591));
#7796=VERTEX_POINT('',#7795);
#7797=CARTESIAN_POINT('',(12.212104797,-9.712100983,0.501418591));
#7798=DIRECTION('',(-0.760398884,-0.649450658,0.002716578));
#7799=VECTOR('',#7798,0.156922548);
#7800=LINE('',#7797,#7799);
#7801=EDGE_CURVE('',#7796,#7748,#7800,.T.);
#7802=ORIENTED_EDGE('',*,*,#7801,.F.);
#7803=CARTESIAN_POINT('',(12.212104797,-9.712100983,2.500001431));
#7804=VERTEX_POINT('',#7803);
#7805=CARTESIAN_POINT('',(12.212104797,-9.712100983,2.500001431));
#7806=DIRECTION('',(-0.,-0.,-1.));
#7807=VECTOR('',#7806,1.99858284);
#7808=LINE('',#7805,#7807);
#7809=EDGE_CURVE('',#7804,#7796,#7808,.T.);
#7810=ORIENTED_EDGE('',*,*,#7809,.F.);
#7811=CARTESIAN_POINT('',(12.092781067,-9.814014435,2.500001431));
#7812=DIRECTION('',(0.76040169,0.649453055,0.));
#7813=VECTOR('',#7812,0.156921969);
#7814=LINE('',#7811,#7813);
#7815=EDGE_CURVE('',#7756,#7804,#7814,.T.);
#7816=ORIENTED_EDGE('',*,*,#7815,.F.);
#7817=EDGE_LOOP('',(#7794,#7802,#7810,#7816));
#7818=FACE_BOUND('',#7817,.T.);
#7819=ADVANCED_FACE('',(#7818),#7793,.T.);
#7820=CARTESIAN_POINT('',(12.019419646,-9.580512793,2.725201915));
#7821=DIRECTION('',(0.459233314,-0.537685959,0.707105772));
#7822=DIRECTION('',(-0.,0.796007299,0.605287023));
#7823=AXIS2_PLACEMENT_3D('',#7820,#7821,#7822);
#7824=PLANE('',#7823);
#7825=CARTESIAN_POINT('',(12.092781067,-9.814014435,2.500001431));
#7826=DIRECTION('',(-0.328288049,0.636928201,0.697530948));
#7827=VECTOR('',#7826,0.716812706);
#7828=LINE('',#7825,#7827);
#7829=EDGE_CURVE('',#7756,#3679,#7828,.T.);
#7830=ORIENTED_EDGE('',*,*,#7829,.F.);
#7831=ORIENTED_EDGE('',*,*,#7815,.T.);
#7832=CARTESIAN_POINT('',(12.212104797,-9.712100983,2.500001431));
#7833=DIRECTION('',(-0.500770418,0.500770418,0.706015565));
#7834=VECTOR('',#7833,0.708198334);
#7835=LINE('',#7832,#7834);
#7836=EDGE_CURVE('',#7804,#3679,#7835,.T.);
#7837=ORIENTED_EDGE('',*,*,#7836,.T.);
#7838=EDGE_LOOP('',(#7830,#7831,#7837));
#7839=FACE_BOUND('',#7838,.T.);
#7840=ADVANCED_FACE('',(#7839),#7824,.T.);
#7841=CARTESIAN_POINT('',(12.238583664,-9.681100609,1.462939973));
#7842=DIRECTION('',(0.760381182,-0.649477065,0.));
#7843=DIRECTION('',(0.649477065,0.760381182,0.));
#7844=AXIS2_PLACEMENT_3D('',#7841,#7842,#7843);
#7845=PLANE('',#7844);
#7846=ORIENTED_EDGE('',*,*,#7809,.T.);
#7847=CARTESIAN_POINT('',(12.31401825,-9.592784882,0.501105309));
#7848=VERTEX_POINT('',#7847);
#7849=CARTESIAN_POINT('',(12.31401825,-9.592784882,0.501105309));
#7850=DIRECTION('',(-0.649475771,-0.760379666,0.001996489));
#7851=VECTOR('',#7850,0.15691648);
#7852=LINE('',#7849,#7851);
#7853=EDGE_CURVE('',#7848,#7796,#7852,.T.);
#7854=ORIENTED_EDGE('',*,*,#7853,.F.);
#7855=CARTESIAN_POINT('',(12.31401825,-9.592784882,2.500001431));
#7856=VERTEX_POINT('',#7855);
#7857=CARTESIAN_POINT('',(12.31401825,-9.592784882,2.500001431));
#7858=DIRECTION('',(-0.,-0.,-1.));
#7859=VECTOR('',#7858,1.998896122);
#7860=LINE('',#7857,#7859);
#7861=EDGE_CURVE('',#7856,#7848,#7860,.T.);
#7862=ORIENTED_EDGE('',*,*,#7861,.F.);
#7863=CARTESIAN_POINT('',(12.212104797,-9.712100983,2.500001431));
#7864=DIRECTION('',(0.649477065,0.760381182,-0.));
#7865=VECTOR('',#7864,0.156916168);
#7866=LINE('',#7863,#7865);
#7867=EDGE_CURVE('',#7804,#7856,#7866,.T.);
#7868=ORIENTED_EDGE('',*,*,#7867,.F.);
#7869=EDGE_LOOP('',(#7846,#7854,#7862,#7868));
#7870=FACE_BOUND('',#7869,.T.);
#7871=ADVANCED_FACE('',(#7870),#7845,.T.);
#7872=CARTESIAN_POINT('',(12.103117498,-9.492956206,2.72520272));
#7873=DIRECTION('',(0.53767056,-0.459249527,0.707106952));
#7874=DIRECTION('',(0.796016137,-0.,-0.605275399));
#7875=AXIS2_PLACEMENT_3D('',#7872,#7873,#7874);
#7876=PLANE('',#7875);
#7877=CARTESIAN_POINT('',(12.31401825,-9.592784882,2.500001431));
#7878=DIRECTION('',(-0.572947178,0.416265775,0.706012986));
#7879=VECTOR('',#7878,0.70820092);
#7880=LINE('',#7877,#7879);
#7881=EDGE_CURVE('',#7856,#3687,#7880,.T.);
#7882=ORIENTED_EDGE('',*,*,#7881,.T.);
#7883=ORIENTED_EDGE('',*,*,#3692,.T.);
#7884=ORIENTED_EDGE('',*,*,#7836,.F.);
#7885=ORIENTED_EDGE('',*,*,#7867,.T.);
#7886=EDGE_LOOP('',(#7882,#7883,#7884,#7885));
#7887=FACE_BOUND('',#7886,.T.);
#7888=ADVANCED_FACE('',(#7887),#7876,.T.);
#7889=CARTESIAN_POINT('',(12.33531895,-9.558023074,1.462804892));
#7890=DIRECTION('',(0.852655054,-0.522474266,0.));
#7891=DIRECTION('',(0.522474266,0.852655054,0.));
#7892=AXIS2_PLACEMENT_3D('',#7889,#7890,#7891);
#7893=PLANE('',#7892);
#7894=ORIENTED_EDGE('',*,*,#7861,.T.);
#7895=CARTESIAN_POINT('',(12.396003723,-9.45898819,0.500880241));
#7896=VERTEX_POINT('',#7895);
#7897=CARTESIAN_POINT('',(12.396003723,-9.45898819,0.500880241));
#7898=DIRECTION('',(-0.522473729,-0.852654177,0.001434299));
#7899=VECTOR('',#7898,0.156917887);
#7900=LINE('',#7897,#7899);
#7901=EDGE_CURVE('',#7896,#7848,#7900,.T.);
#7902=ORIENTED_EDGE('',*,*,#7901,.F.);
#7903=CARTESIAN_POINT('',(12.396003723,-9.45898819,2.500001431));
#7904=VERTEX_POINT('',#7903);
#7905=CARTESIAN_POINT('',(12.396003723,-9.45898819,2.500001431));
#7906=DIRECTION('',(-0.,-0.,-1.));
#7907=VECTOR('',#7906,1.999121189);
#7908=LINE('',#7905,#7907);
#7909=EDGE_CURVE('',#7904,#7896,#7908,.T.);
#7910=ORIENTED_EDGE('',*,*,#7909,.F.);
#7911=CARTESIAN_POINT('',(12.31401825,-9.592784882,2.500001431));
#7912=DIRECTION('',(0.522474266,0.852655054,-0.));
#7913=VECTOR('',#7912,0.156917726);
#7914=LINE('',#7911,#7913);
#7915=EDGE_CURVE('',#7856,#7904,#7914,.T.);
#7916=ORIENTED_EDGE('',*,*,#7915,.F.);
#7917=EDGE_LOOP('',(#7894,#7902,#7910,#7916));
#7918=FACE_BOUND('',#7917,.T.);
#7919=ADVANCED_FACE('',(#7918),#7893,.T.);
#7920=CARTESIAN_POINT('',(12.172091556,-9.393381152,2.725202418));
#7921=DIRECTION('',(0.602922397,-0.369447686,0.707101825));
#7922=DIRECTION('',(0.760936949,-0.,-0.648825831));
#7923=AXIS2_PLACEMENT_3D('',#7920,#7921,#7922);
#7924=PLANE('',#7923);
#7925=CARTESIAN_POINT('',(12.31401825,-9.592784882,2.500001431));
#7926=DIRECTION('',(-0.509037,0.504311277,0.697532414));
#7927=VECTOR('',#7926,0.7168112);
#7928=LINE('',#7925,#7927);
#7929=EDGE_CURVE('',#7856,#3695,#7928,.T.);
#7930=ORIENTED_EDGE('',*,*,#7929,.F.);
#7931=ORIENTED_EDGE('',*,*,#7915,.T.);
#7932=CARTESIAN_POINT('',(12.396003723,-9.45898819,2.500001431));
#7933=DIRECTION('',(-0.630998438,0.321521348,0.706020534));
#7934=VECTOR('',#7933,0.708193349);
#7935=LINE('',#7932,#7934);
#7936=EDGE_CURVE('',#7904,#3695,#7935,.T.);
#7937=ORIENTED_EDGE('',*,*,#7936,.T.);
#7938=EDGE_LOOP('',(#7930,#7931,#7937));
#7939=FACE_BOUND('',#7938,.T.);
#7940=ADVANCED_FACE('',(#7939),#7924,.T.);
#7941=CARTESIAN_POINT('',(12.411607291,-9.421323175,1.462708985));
#7942=DIRECTION('',(0.923860384,-0.382729657,0.));
#7943=DIRECTION('',(0.382729657,0.923860384,0.));
#7944=AXIS2_PLACEMENT_3D('',#7941,#7942,#7943);
#7945=PLANE('',#7944);
#7946=ORIENTED_EDGE('',*,*,#7909,.T.);
#7947=CARTESIAN_POINT('',(12.456062317,-9.314014435,0.500725746));
#7948=VERTEX_POINT('',#7947);
#7949=CARTESIAN_POINT('',(12.456062317,-9.314014435,0.500725746));
#7950=DIRECTION('',(-0.382729472,-0.923859936,0.000984537));
#7951=VECTOR('',#7950,0.15692179);
#7952=LINE('',#7949,#7951);
#7953=EDGE_CURVE('',#7948,#7896,#7952,.T.);
#7954=ORIENTED_EDGE('',*,*,#7953,.F.);
#7955=CARTESIAN_POINT('',(12.456062317,-9.314014435,2.500001431));
#7956=VERTEX_POINT('',#7955);
#7957=CARTESIAN_POINT('',(12.456062317,-9.314014435,2.500001431));
#7958=DIRECTION('',(-0.,-0.,-1.));
#7959=VECTOR('',#7958,1.999275684);
#7960=LINE('',#7957,#7959);
#7961=EDGE_CURVE('',#7956,#7948,#7960,.T.);
#7962=ORIENTED_EDGE('',*,*,#7961,.F.);
#7963=CARTESIAN_POINT('',(12.396003723,-9.45898819,2.500001431));
#7964=DIRECTION('',(0.382729657,0.923860384,0.));
#7965=VECTOR('',#7964,0.156921714);
#7966=LINE('',#7963,#7965);
#7967=EDGE_CURVE('',#7904,#7956,#7966,.T.);
#7968=ORIENTED_EDGE('',*,*,#7967,.F.);
#7969=EDGE_LOOP('',(#7946,#7954,#7962,#7968));
#7970=FACE_BOUND('',#7969,.T.);
#7971=ADVANCED_FACE('',(#7970),#7945,.T.);
#7972=CARTESIAN_POINT('',(12.224632569,-9.284245379,2.725202008));
#7973=DIRECTION('',(0.653265479,-0.270629716,0.707109447));
#7974=DIRECTION('',(0.734519116,0.,-0.678587996));
#7975=AXIS2_PLACEMENT_3D('',#7972,#7973,#7974);
#7976=PLANE('',#7975);
#7977=CARTESIAN_POINT('',(12.396003723,-9.45898819,2.500001431));
#7978=DIRECTION('',(-0.581668707,0.418460876,0.697532803));
#7979=VECTOR('',#7978,0.7168108);
#7980=LINE('',#7977,#7979);
#7981=EDGE_CURVE('',#7904,#3703,#7980,.T.);
#7982=ORIENTED_EDGE('',*,*,#7981,.F.);
#7983=ORIENTED_EDGE('',*,*,#7967,.T.);
#7984=CARTESIAN_POINT('',(12.456062317,-9.314014435,2.500001431));
#7985=DIRECTION('',(-0.673541941,0.218840264,0.706010052));
#7986=VECTOR('',#7985,0.708203864);
#7987=LINE('',#7984,#7986);
#7988=EDGE_CURVE('',#7956,#3703,#7987,.T.);
#7989=ORIENTED_EDGE('',*,*,#7988,.T.);
#7990=EDGE_LOOP('',(#7982,#7983,#7989));
#7991=FACE_BOUND('',#7990,.T.);
#7992=ADVANCED_FACE('',(#7991),#7976,.T.);
#7993=CARTESIAN_POINT('',(12.46557652,-9.274373902,1.462647876));
#7994=DIRECTION('',(0.972384654,-0.233383986,0.));
#7995=DIRECTION('',(0.233383986,0.972384654,0.));
#7996=AXIS2_PLACEMENT_3D('',#7993,#7994,#7995);
#7997=PLANE('',#7996);
#7998=ORIENTED_EDGE('',*,*,#7961,.T.);
#7999=CARTESIAN_POINT('',(12.492683411,-9.161434174,0.500628471));
#8000=VERTEX_POINT('',#7999);
#8001=CARTESIAN_POINT('',(12.492683411,-9.161434174,0.500628471));
#8002=DIRECTION('',(-0.233383941,-0.972384467,0.000619926));
#8003=VECTOR('',#8002,0.156913511);
#8004=LINE('',#8001,#8003);
#8005=EDGE_CURVE('',#8000,#7948,#8004,.T.);
#8006=ORIENTED_EDGE('',*,*,#8005,.F.);
#8007=CARTESIAN_POINT('',(12.492683411,-9.161434174,2.500001431));
#8008=VERTEX_POINT('',#8007);
#8009=CARTESIAN_POINT('',(12.492683411,-9.161434174,2.500001431));
#8010=DIRECTION('',(-0.,-0.,-1.));
#8011=VECTOR('',#8010,1.999372959);
#8012=LINE('',#8009,#8011);
#8013=EDGE_CURVE('',#8008,#8000,#8012,.T.);
#8014=ORIENTED_EDGE('',*,*,#8013,.F.);
#8015=CARTESIAN_POINT('',(12.456062317,-9.314014435,2.500001431));
#8016=DIRECTION('',(0.233383986,0.972384654,-0.));
#8017=VECTOR('',#8016,0.156913481);
#8018=LINE('',#8015,#8017);
#8019=EDGE_CURVE('',#7956,#8008,#8018,.T.);
#8020=ORIENTED_EDGE('',*,*,#8019,.F.);
#8021=EDGE_LOOP('',(#7998,#8006,#8014,#8020));
#8022=FACE_BOUND('',#8021,.T.);
#8023=ADVANCED_FACE('',(#8022),#7997,.T.);
#8024=CARTESIAN_POINT('',(12.25945734,-9.168231752,2.725203059));
#8025=DIRECTION('',(0.687583787,-0.16502836,0.707102663));
#8026=DIRECTION('',(0.716932655,-0.,-0.697142431));
#8027=AXIS2_PLACEMENT_3D('',#8024,#8025,#8026);
#8028=PLANE('',#8027);
#8029=CARTESIAN_POINT('',(12.456062317,-9.314014435,2.500001431));
#8030=DIRECTION('',(-0.639971547,0.322316697,0.69753019));
#8031=VECTOR('',#8030,0.716813485);
#8032=LINE('',#8029,#8031);
#8033=EDGE_CURVE('',#7956,#3711,#8032,.T.);
#8034=ORIENTED_EDGE('',*,*,#8033,.F.);
#8035=ORIENTED_EDGE('',*,*,#8019,.T.);
#8036=CARTESIAN_POINT('',(12.492683411,-9.161434174,2.500001431));
#8037=DIRECTION('',(-0.699471766,0.110789916,0.706020426));
#8038=VECTOR('',#8037,0.708193457);
#8039=LINE('',#8036,#8038);
#8040=EDGE_CURVE('',#8008,#3711,#8039,.T.);
#8041=ORIENTED_EDGE('',*,*,#8040,.T.);
#8042=EDGE_LOOP('',(#8034,#8035,#8041));
#8043=FACE_BOUND('',#8042,.T.);
#8044=ADVANCED_FACE('',(#8043),#8028,.T.);
#8045=CARTESIAN_POINT('',(12.495882522,-9.120793167,1.462611152));
#8046=DIRECTION('',(0.996916192,-0.078473602,0.));
#8047=DIRECTION('',(0.078473602,0.996916192,0.));
#8048=AXIS2_PLACEMENT_3D('',#8045,#8046,#8047);
#8049=PLANE('',#8048);
#8050=ORIENTED_EDGE('',*,*,#8013,.T.);
#8051=CARTESIAN_POINT('',(12.504997253,-9.005001068,0.500582218));
#8052=VERTEX_POINT('',#8051);
#8053=CARTESIAN_POINT('',(12.504997253,-9.005001068,0.500582218));
#8054=DIRECTION('',(-0.078473599,-0.996916149,0.000294762));
#8055=VECTOR('',#8054,0.156917014);
#8056=LINE('',#8053,#8055);
#8057=EDGE_CURVE('',#8052,#8000,#8056,.T.);
#8058=ORIENTED_EDGE('',*,*,#8057,.F.);
#8059=CARTESIAN_POINT('',(12.504997253,-9.005001068,2.500001431));
#8060=VERTEX_POINT('',#8059);
#8061=CARTESIAN_POINT('',(12.504997253,-9.005001068,2.500001431));
#8062=DIRECTION('',(-0.,-0.,-1.));
#8063=VECTOR('',#8062,1.999419212);
#8064=LINE('',#8061,#8063);
#8065=EDGE_CURVE('',#8060,#8052,#8064,.T.);
#8066=ORIENTED_EDGE('',*,*,#8065,.F.);
#8067=CARTESIAN_POINT('',(12.492683411,-9.161434174,2.500001431));
#8068=DIRECTION('',(0.078473602,0.996916192,0.));
#8069=VECTOR('',#8068,0.156917007);
#8070=LINE('',#8067,#8069);
#8071=EDGE_CURVE('',#8008,#8060,#8070,.T.);
#8072=ORIENTED_EDGE('',*,*,#8071,.F.);
#8073=EDGE_LOOP('',(#8050,#8058,#8066,#8072));
#8074=FACE_BOUND('',#8073,.T.);
#8075=ADVANCED_FACE('',(#8074),#8049,.T.);
#8076=CARTESIAN_POINT('',(12.276345366,-9.039450998,2.725244466));
#8077=DIRECTION('',(0.704925694,-0.055489176,0.707107289));
#8078=DIRECTION('',(0.708198418,-0.,-0.706013456));
#8079=AXIS2_PLACEMENT_3D('',#8076,#8077,#8078);
#8080=PLANE('',#8079);
#8081=CARTESIAN_POINT('',(12.492683411,-9.161434174,2.500001431));
#8082=DIRECTION('',(-0.677054239,0.24445003,0.694148212));
#8083=VECTOR('',#8082,0.720305891);
#8084=LINE('',#8081,#8083);
#8085=EDGE_CURVE('',#8008,#3719,#8084,.T.);
#8086=ORIENTED_EDGE('',*,*,#8085,.F.);
#8087=ORIENTED_EDGE('',*,*,#8071,.T.);
#8088=CARTESIAN_POINT('',(12.504997253,-9.005001068,2.500001431));
#8089=DIRECTION('',(-0.706834703,0.027772512,0.706833354));
#8090=VECTOR('',#8089,0.707378965);
#8091=LINE('',#8088,#8090);
#8092=EDGE_CURVE('',#8060,#3719,#8091,.T.);
#8093=ORIENTED_EDGE('',*,*,#8092,.T.);
#8094=EDGE_LOOP('',(#8086,#8087,#8093));
#8095=FACE_BOUND('',#8094,.T.);
#8096=ADVANCED_FACE('',(#8095),#8080,.T.);
#8097=CARTESIAN_POINT('',(12.504997253,-0.472193543,1.028098282));
#8098=DIRECTION('',(1.,0.,0.));
#8099=DIRECTION('',(0.,0.,1.));
#8100=AXIS2_PLACEMENT_3D('',#8097,#8098,#8099);
#8101=PLANE('',#8100);
#8102=ORIENTED_EDGE('',*,*,#8065,.T.);
#8103=CARTESIAN_POINT('',(12.504997253,9.005001068,0.500582218));
#8104=VERTEX_POINT('',#8103);
#8105=CARTESIAN_POINT('',(12.504997253,9.005001068,0.500582218));
#8106=DIRECTION('',(0.,-1.,0.));
#8107=VECTOR('',#8106,18.010002136);
#8108=LINE('',#8105,#8107);
#8109=EDGE_CURVE('',#8104,#8052,#8108,.T.);
#8110=ORIENTED_EDGE('',*,*,#8109,.F.);
#8111=CARTESIAN_POINT('',(12.504997253,9.005001068,2.500001431));
#8112=VERTEX_POINT('',#8111);
#8113=CARTESIAN_POINT('',(12.504997253,9.005001068,2.500001431));
#8114=DIRECTION('',(-0.,-0.,-1.));
#8115=VECTOR('',#8114,1.999419212);
#8116=LINE('',#8113,#8115);
#8117=EDGE_CURVE('',#8112,#8104,#8116,.T.);
#8118=ORIENTED_EDGE('',*,*,#8117,.F.);
#8119=CARTESIAN_POINT('',(12.504997253,-9.005001068,2.500001431));
#8120=DIRECTION('',(0.,1.,0.));
#8121=VECTOR('',#8120,18.010002136);
#8122=LINE('',#8119,#8121);
#8123=EDGE_CURVE('',#8060,#8112,#8122,.T.);
#8124=ORIENTED_EDGE('',*,*,#8123,.F.);
#8125=EDGE_LOOP('',(#8102,#8110,#8118,#8124));
#8126=FACE_BOUND('',#8125,.T.);
#8127=ADVANCED_FACE('',(#8126),#8101,.T.);
#8128=CARTESIAN_POINT('',(12.501798204,9.045643263,1.462609435));
#8129=DIRECTION('',(0.996916491,0.078469798,0.));
#8130=DIRECTION('',(-0.078469798,0.996916491,0.));
#8131=AXIS2_PLACEMENT_3D('',#8128,#8129,#8130);
#8132=PLANE('',#8131);
#8133=ORIENTED_EDGE('',*,*,#8117,.T.);
#8134=CARTESIAN_POINT('',(12.492683411,9.161441803,0.500628471));
#8135=VERTEX_POINT('',#8134);
#8136=CARTESIAN_POINT('',(12.492683411,9.161441803,0.500628471));
#8137=DIRECTION('',(0.078469795,-0.996916448,-0.000294748));
#8138=VECTOR('',#8137,0.15692462);
#8139=LINE('',#8136,#8138);
#8140=EDGE_CURVE('',#8135,#8104,#8139,.T.);
#8141=ORIENTED_EDGE('',*,*,#8140,.F.);
#8142=CARTESIAN_POINT('',(12.492683411,9.161441803,2.500001431));
#8143=VERTEX_POINT('',#8142);
#8144=CARTESIAN_POINT('',(12.492683411,9.161441803,0.500628471));
#8145=DIRECTION('',(0.,0.,1.));
#8146=VECTOR('',#8145,1.999372959);
#8147=LINE('',#8144,#8146);
#8148=EDGE_CURVE('',#8135,#8143,#8147,.T.);
#8149=ORIENTED_EDGE('',*,*,#8148,.T.);
#8150=CARTESIAN_POINT('',(12.504997253,9.005001068,2.500001431));
#8151=DIRECTION('',(-0.078469798,0.996916491,-0.));
#8152=VECTOR('',#8151,0.156924613);
#8153=LINE('',#8150,#8152);
#8154=EDGE_CURVE('',#8112,#8143,#8153,.T.);
#8155=ORIENTED_EDGE('',*,*,#8154,.F.);
#8156=EDGE_LOOP('',(#8133,#8141,#8149,#8155));
#8157=FACE_BOUND('',#8156,.T.);
#8158=ADVANCED_FACE('',(#8157),#8132,.T.);
#8159=CARTESIAN_POINT('',(12.272972885,9.082900209,2.725201392));
#8160=DIRECTION('',(0.704932315,0.055486991,0.70710086));
#8161=DIRECTION('',(0.708191893,-0.,-0.706020002));
#8162=AXIS2_PLACEMENT_3D('',#8159,#8160,#8161);
#8163=PLANE('',#8162);
#8164=CARTESIAN_POINT('',(12.504997253,9.005001068,2.500001431));
#8165=DIRECTION('',(-0.708244078,0.108787874,0.697535321));
#8166=VECTOR('',#8165,0.716808212);
#8167=LINE('',#8164,#8166);
#8168=EDGE_CURVE('',#8112,#3735,#8167,.T.);
#8169=ORIENTED_EDGE('',*,*,#8168,.F.);
#8170=ORIENTED_EDGE('',*,*,#8154,.T.);
#8171=CARTESIAN_POINT('',(12.492683411,9.161441803,2.500001431));
#8172=DIRECTION('',(-0.699471766,-0.110789916,0.706020426));
#8173=VECTOR('',#8172,0.708193457);
#8174=LINE('',#8171,#8173);
#8175=EDGE_CURVE('',#8143,#3735,#8174,.T.);
#8176=ORIENTED_EDGE('',*,*,#8175,.T.);
#8177=EDGE_LOOP('',(#8169,#8170,#8176));
#8178=FACE_BOUND('',#8177,.T.);
#8179=ADVANCED_FACE('',(#8178),#8163,.T.);
#8180=CARTESIAN_POINT('',(12.483169635,9.201080555,1.462647951));
#8181=DIRECTION('',(0.972384654,0.233383986,0.));
#8182=DIRECTION('',(-0.233383986,0.972384654,0.));
#8183=AXIS2_PLACEMENT_3D('',#8180,#8181,#8182);
#8184=PLANE('',#8183);
#8185=ORIENTED_EDGE('',*,*,#8148,.F.);
#8186=CARTESIAN_POINT('',(12.456062317,9.314022064,0.500725746));
#8187=VERTEX_POINT('',#8186);
#8188=CARTESIAN_POINT('',(12.456062317,9.314022064,0.500725746));
#8189=DIRECTION('',(0.233383941,-0.972384467,-0.000619926));
#8190=VECTOR('',#8189,0.156913511);
#8191=LINE('',#8188,#8190);
#8192=EDGE_CURVE('',#8187,#8135,#8191,.T.);
#8193=ORIENTED_EDGE('',*,*,#8192,.F.);
#8194=CARTESIAN_POINT('',(12.456062317,9.314022064,2.500001431));
#8195=VERTEX_POINT('',#8194);
#8196=CARTESIAN_POINT('',(12.456062317,9.314022064,2.500001431));
#8197=DIRECTION('',(-0.,-0.,-1.));
#8198=VECTOR('',#8197,1.999275684);
#8199=LINE('',#8196,#8198);
#8200=EDGE_CURVE('',#8195,#8187,#8199,.T.);
#8201=ORIENTED_EDGE('',*,*,#8200,.F.);
#8202=CARTESIAN_POINT('',(12.492683411,9.161441803,2.500001431));
#8203=DIRECTION('',(-0.233383986,0.972384654,0.));
#8204=VECTOR('',#8203,0.156913481);
#8205=LINE('',#8202,#8204);
#8206=EDGE_CURVE('',#8143,#8195,#8205,.T.);
#8207=ORIENTED_EDGE('',*,*,#8206,.F.);
#8208=EDGE_LOOP('',(#8185,#8193,#8201,#8207));
#8209=FACE_BOUND('',#8208,.T.);
#8210=ADVANCED_FACE('',(#8209),#8184,.T.);
#8211=CARTESIAN_POINT('',(12.2513304,9.202080569,2.725203168));
#8212=DIRECTION('',(0.687577052,0.165026744,0.70710959));
#8213=DIRECTION('',(0.716939481,0.,-0.697135411));
#8214=AXIS2_PLACEMENT_3D('',#8211,#8212,#8213);
#8215=PLANE('',#8214);
#8216=CARTESIAN_POINT('',(12.492683411,9.161441803,2.500001431));
#8217=DIRECTION('',(-0.71654426,-0.003352714,0.697533571));
#8218=VECTOR('',#8217,0.716810011);
#8219=LINE('',#8216,#8218);
#8220=EDGE_CURVE('',#8143,#3743,#8219,.T.);
#8221=ORIENTED_EDGE('',*,*,#8220,.F.);
#8222=ORIENTED_EDGE('',*,*,#8206,.T.);
#8223=CARTESIAN_POINT('',(12.456062317,9.314022064,2.500001431));
#8224=DIRECTION('',(-0.673541941,-0.218840264,0.706010052));
#8225=VECTOR('',#8224,0.708203864);
#8226=LINE('',#8223,#8225);
#8227=EDGE_CURVE('',#8195,#3743,#8226,.T.);
#8228=ORIENTED_EDGE('',*,*,#8227,.T.);
#8229=EDGE_LOOP('',(#8221,#8222,#8228));
#8230=FACE_BOUND('',#8229,.T.);
#8231=ADVANCED_FACE('',(#8230),#8215,.T.);
#8232=CARTESIAN_POINT('',(12.440459862,9.351684392,1.462709103));
#8233=DIRECTION('',(0.923860384,0.382729657,0.));
#8234=DIRECTION('',(-0.382729657,0.923860384,0.));
#8235=AXIS2_PLACEMENT_3D('',#8232,#8233,#8234);
#8236=PLANE('',#8235);
#8237=ORIENTED_EDGE('',*,*,#8200,.T.);
#8238=CARTESIAN_POINT('',(12.396003723,9.458995819,0.500880241));
#8239=VERTEX_POINT('',#8238);
#8240=CARTESIAN_POINT('',(12.396003723,9.458995819,0.500880241));
#8241=DIRECTION('',(0.382729472,-0.923859936,-0.000984537));
#8242=VECTOR('',#8241,0.15692179);
#8243=LINE('',#8240,#8242);
#8244=EDGE_CURVE('',#8239,#8187,#8243,.T.);
#8245=ORIENTED_EDGE('',*,*,#8244,.F.);
#8246=CARTESIAN_POINT('',(12.396003723,9.458995819,2.500001431));
#8247=VERTEX_POINT('',#8246);
#8248=CARTESIAN_POINT('',(12.396003723,9.458995819,2.500001431));
#8249=DIRECTION('',(-0.,-0.,-1.));
#8250=VECTOR('',#8249,1.999121189);
#8251=LINE('',#8248,#8250);
#8252=EDGE_CURVE('',#8247,#8239,#8251,.T.);
#8253=ORIENTED_EDGE('',*,*,#8252,.F.);
#8254=CARTESIAN_POINT('',(12.456062317,9.314022064,2.500001431));
#8255=DIRECTION('',(-0.382729657,0.923860384,0.));
#8256=VECTOR('',#8255,0.156921714);
#8257=LINE('',#8254,#8256);
#8258=EDGE_CURVE('',#8195,#8247,#8257,.T.);
#8259=ORIENTED_EDGE('',*,*,#8258,.F.);
#8260=EDGE_LOOP('',(#8237,#8245,#8253,#8259));
#8261=FACE_BOUND('',#8260,.T.);
#8262=ADVANCED_FACE('',(#8261),#8236,.T.);
#8263=CARTESIAN_POINT('',(12.21131906,9.316403574,2.725201847));
#8264=DIRECTION('',(0.653272717,0.270632714,0.707101613));
#8265=DIRECTION('',(0.734511621,-0.,-0.678596108));
#8266=AXIS2_PLACEMENT_3D('',#8263,#8264,#8265);
#8267=PLANE('',#8266);
#8268=CARTESIAN_POINT('',(12.456062317,9.314022064,2.500001431));
#8269=DIRECTION('',(-0.707198237,-0.115407719,0.697532588));
#8270=VECTOR('',#8269,0.716811021);
#8271=LINE('',#8268,#8270);
#8272=EDGE_CURVE('',#8195,#3751,#8271,.T.);
#8273=ORIENTED_EDGE('',*,*,#8272,.F.);
#8274=ORIENTED_EDGE('',*,*,#8258,.T.);
#8275=CARTESIAN_POINT('',(12.396003723,9.458995819,2.500001431));
#8276=DIRECTION('',(-0.630998438,-0.321521348,0.706020534));
#8277=VECTOR('',#8276,0.708193349);
#8278=LINE('',#8275,#8277);
#8279=EDGE_CURVE('',#8247,#3751,#8278,.T.);
#8280=ORIENTED_EDGE('',*,*,#8279,.T.);
#8281=EDGE_LOOP('',(#8273,#8274,#8280));
#8282=FACE_BOUND('',#8281,.T.);
#8283=ADVANCED_FACE('',(#8282),#8267,.T.);
#8284=CARTESIAN_POINT('',(12.374705237,9.493754013,1.462805064));
#8285=DIRECTION('',(0.852655054,0.522474266,0.));
#8286=DIRECTION('',(-0.522474266,0.852655054,0.));
#8287=AXIS2_PLACEMENT_3D('',#8284,#8285,#8286);
#8288=PLANE('',#8287);
#8289=ORIENTED_EDGE('',*,*,#8252,.T.);
#8290=CARTESIAN_POINT('',(12.31401825,9.592792511,0.501105309));
#8291=VERTEX_POINT('',#8290);
#8292=CARTESIAN_POINT('',(12.31401825,9.592792511,0.501105309));
#8293=DIRECTION('',(0.522473729,-0.852654177,-0.001434299));
#8294=VECTOR('',#8293,0.156917887);
#8295=LINE('',#8292,#8294);
#8296=EDGE_CURVE('',#8291,#8239,#8295,.T.);
#8297=ORIENTED_EDGE('',*,*,#8296,.F.);
#8298=CARTESIAN_POINT('',(12.31401825,9.592792511,2.500001431));
#8299=VERTEX_POINT('',#8298);
#8300=CARTESIAN_POINT('',(12.31401825,9.592792511,2.500001431));
#8301=DIRECTION('',(-0.,-0.,-1.));
#8302=VECTOR('',#8301,1.998896122);
#8303=LINE('',#8300,#8302);
#8304=EDGE_CURVE('',#8299,#8291,#8303,.T.);
#8305=ORIENTED_EDGE('',*,*,#8304,.F.);
#8306=CARTESIAN_POINT('',(12.396003723,9.458995819,2.500001431));
#8307=DIRECTION('',(-0.522474266,0.852655054,0.));
#8308=VECTOR('',#8307,0.156917726);
#8309=LINE('',#8306,#8308);
#8310=EDGE_CURVE('',#8247,#8299,#8309,.T.);
#8311=ORIENTED_EDGE('',*,*,#8310,.F.);
#8312=EDGE_LOOP('',(#8289,#8297,#8305,#8311));
#8313=FACE_BOUND('',#8312,.T.);
#8314=ADVANCED_FACE('',(#8313),#8288,.T.);
#8315=CARTESIAN_POINT('',(12.153902967,9.423064586,2.725202537));
#8316=DIRECTION('',(0.60291754,0.36944471,0.70710752));
#8317=DIRECTION('',(0.76094211,-0.,-0.648819779));
#8318=AXIS2_PLACEMENT_3D('',#8315,#8316,#8317);
#8319=PLANE('',#8318);
#8320=CARTESIAN_POINT('',(12.396003723,9.458995819,2.500001431));
#8321=DIRECTION('',(-0.6804402,-0.224610192,0.697532362));
#8322=VECTOR('',#8321,0.716811253);
#8323=LINE('',#8320,#8322);
#8324=EDGE_CURVE('',#8247,#3759,#8323,.T.);
#8325=ORIENTED_EDGE('',*,*,#8324,.F.);
#8326=ORIENTED_EDGE('',*,*,#8310,.T.);
#8327=CARTESIAN_POINT('',(12.31401825,9.592792511,2.500001431));
#8328=DIRECTION('',(-0.572947178,-0.416265775,0.706012986));
#8329=VECTOR('',#8328,0.70820092);
#8330=LINE('',#8327,#8329);
#8331=EDGE_CURVE('',#8299,#3759,#8330,.T.);
#8332=ORIENTED_EDGE('',*,*,#8331,.T.);
#8333=EDGE_LOOP('',(#8325,#8326,#8332));
#8334=FACE_BOUND('',#8333,.T.);
#8335=ADVANCED_FACE('',(#8334),#8319,.T.);
#8336=CARTESIAN_POINT('',(12.287543214,9.623788399,1.462940213));
#8337=DIRECTION('',(0.760381182,0.649477065,0.));
#8338=DIRECTION('',(-0.649477065,0.760381182,0.));
#8339=AXIS2_PLACEMENT_3D('',#8336,#8337,#8338);
#8340=PLANE('',#8339);
#8341=ORIENTED_EDGE('',*,*,#8304,.T.);
#8342=CARTESIAN_POINT('',(12.212104797,9.712108612,0.501418591));
#8343=VERTEX_POINT('',#8342);
#8344=CARTESIAN_POINT('',(12.212104797,9.712108612,0.501418591));
#8345=DIRECTION('',(0.649475771,-0.760379666,-0.001996489));
#8346=VECTOR('',#8345,0.15691648);
#8347=LINE('',#8344,#8346);
#8348=EDGE_CURVE('',#8343,#8291,#8347,.T.);
#8349=ORIENTED_EDGE('',*,*,#8348,.F.);
#8350=CARTESIAN_POINT('',(12.212104797,9.712108612,2.500001431));
#8351=VERTEX_POINT('',#8350);
#8352=CARTESIAN_POINT('',(12.212104797,9.712108612,2.500001431));
#8353=DIRECTION('',(0.,0.,-1.));
#8354=VECTOR('',#8353,1.99858284);
#8355=LINE('',#8352,#8354);
#8356=EDGE_CURVE('',#8351,#8343,#8355,.T.);
#8357=ORIENTED_EDGE('',*,*,#8356,.F.);
#8358=CARTESIAN_POINT('',(12.31401825,9.592792511,2.500001431));
#8359=DIRECTION('',(-0.649477065,0.760381182,-0.));
#8360=VECTOR('',#8359,0.156916168);
#8361=LINE('',#8358,#8360);
#8362=EDGE_CURVE('',#8299,#8351,#8361,.T.);
#8363=ORIENTED_EDGE('',*,*,#8362,.F.);
#8364=EDGE_LOOP('',(#8341,#8349,#8357,#8363));
#8365=FACE_BOUND('',#8364,.T.);
#8366=ADVANCED_FACE('',(#8365),#8340,.T.);
#8367=CARTESIAN_POINT('',(12.080515946,9.51942501,2.72520278));
#8368=DIRECTION('',(0.537670789,0.459249722,0.70710665));
#8369=DIRECTION('',(0.796015889,0.,-0.605275726));
#8370=AXIS2_PLACEMENT_3D('',#8367,#8368,#8369);
#8371=PLANE('',#8370);
#8372=CARTESIAN_POINT('',(12.212104797,9.712108612,2.500001431));
#8373=DIRECTION('',(-0.500770418,-0.500770418,0.706015565));
#8374=VECTOR('',#8373,0.708198334);
#8375=LINE('',#8372,#8374);
#8376=EDGE_CURVE('',#8351,#3767,#8375,.T.);
#8377=ORIENTED_EDGE('',*,*,#8376,.T.);
#8378=ORIENTED_EDGE('',*,*,#3772,.T.);
#8379=ORIENTED_EDGE('',*,*,#8331,.F.);
#8380=ORIENTED_EDGE('',*,*,#8362,.T.);
#8381=EDGE_LOOP('',(#8377,#8378,#8379,#8380));
#8382=FACE_BOUND('',#8381,.T.);
#8383=ADVANCED_FACE('',(#8382),#8371,.T.);
#8384=CARTESIAN_POINT('',(12.181107476,9.738583178,1.46312403));
#8385=DIRECTION('',(0.649453055,0.76040169,0.));
#8386=DIRECTION('',(0.76040169,-0.649453055,0.));
#8387=AXIS2_PLACEMENT_3D('',#8384,#8385,#8386);
#8388=PLANE('',#8387);
#8389=ORIENTED_EDGE('',*,*,#8356,.T.);
#8390=CARTESIAN_POINT('',(12.092781067,9.814022064,0.501844883));
#8391=VERTEX_POINT('',#8390);
#8392=CARTESIAN_POINT('',(12.092781067,9.814022064,0.501844883));
#8393=DIRECTION('',(0.760398884,-0.649450658,-0.002716578));
#8394=VECTOR('',#8393,0.156922548);
#8395=LINE('',#8392,#8394);
#8396=EDGE_CURVE('',#8391,#8343,#8395,.T.);
#8397=ORIENTED_EDGE('',*,*,#8396,.F.);
#8398=CARTESIAN_POINT('',(12.092781067,9.814022064,2.500001431));
#8399=VERTEX_POINT('',#8398);
#8400=CARTESIAN_POINT('',(12.092781067,9.814022064,2.500001431));
#8401=DIRECTION('',(0.,0.,-1.));
#8402=VECTOR('',#8401,1.998156548);
#8403=LINE('',#8400,#8402);
#8404=EDGE_CURVE('',#8399,#8391,#8403,.T.);
#8405=ORIENTED_EDGE('',*,*,#8404,.F.);
#8406=CARTESIAN_POINT('',(12.212104797,9.712108612,2.500001431));
#8407=DIRECTION('',(-0.76040169,0.649453055,-0.));
#8408=VECTOR('',#8407,0.156921969);
#8409=LINE('',#8406,#8408);
#8410=EDGE_CURVE('',#8351,#8399,#8409,.T.);
#8411=ORIENTED_EDGE('',*,*,#8410,.F.);
#8412=EDGE_LOOP('',(#8389,#8397,#8405,#8411));
#8413=FACE_BOUND('',#8412,.T.);
#8414=ADVANCED_FACE('',(#8413),#8388,.T.);
#8415=CARTESIAN_POINT('',(11.992955117,9.603121779,2.725201963));
#8416=DIRECTION('',(0.459231977,0.537684393,0.70710783));
#8417=DIRECTION('',(-0.,0.796008997,-0.60528479));
#8418=AXIS2_PLACEMENT_3D('',#8415,#8416,#8417);
#8419=PLANE('',#8418);
#8420=CARTESIAN_POINT('',(12.212104797,9.712108612,2.500001431));
#8421=DIRECTION('',(-0.577728694,-0.423887674,0.697530498));
#8422=VECTOR('',#8421,0.716813168);
#8423=LINE('',#8420,#8422);
#8424=EDGE_CURVE('',#8351,#3775,#8423,.T.);
#8425=ORIENTED_EDGE('',*,*,#8424,.F.);
#8426=ORIENTED_EDGE('',*,*,#8410,.T.);
#8427=CARTESIAN_POINT('',(12.092781067,9.814022064,2.500001431));
#8428=DIRECTION('',(-0.416265775,-0.572947178,0.706012986));
#8429=VECTOR('',#8428,0.70820092);
#8430=LINE('',#8427,#8429);
#8431=EDGE_CURVE('',#8399,#3775,#8430,.T.);
#8432=ORIENTED_EDGE('',*,*,#8431,.T.);
#8433=EDGE_LOOP('',(#8425,#8426,#8432));
#8434=FACE_BOUND('',#8433,.T.);
#8435=ADVANCED_FACE('',(#8434),#8419,.T.);
#8436=CARTESIAN_POINT('',(12.058026972,9.835319253,1.463377288));
#8437=DIRECTION('',(0.522495927,0.852641781,0.));
#8438=DIRECTION('',(0.852641781,-0.522495927,0.));
#8439=AXIS2_PLACEMENT_3D('',#8436,#8437,#8438);
#8440=PLANE('',#8439);
#8441=ORIENTED_EDGE('',*,*,#8404,.T.);
#8442=CARTESIAN_POINT('',(11.958992004,9.896007538,0.502420425));
#8443=VERTEX_POINT('',#8442);
#8444=CARTESIAN_POINT('',(11.958992004,9.896007538,0.502420425));
#8445=DIRECTION('',(0.852636045,-0.522492412,-0.003667925));
#8446=VECTOR('',#8445,0.156912276);
#8447=LINE('',#8444,#8446);
#8448=EDGE_CURVE('',#8443,#8391,#8447,.T.);
#8449=ORIENTED_EDGE('',*,*,#8448,.F.);
#8450=CARTESIAN_POINT('',(11.958992004,9.896007538,2.500001431));
#8451=VERTEX_POINT('',#8450);
#8452=CARTESIAN_POINT('',(11.958992004,9.896007538,2.500001431));
#8453=DIRECTION('',(0.,0.,-1.));
#8454=VECTOR('',#8453,1.997581005);
#8455=LINE('',#8452,#8454);
#8456=EDGE_CURVE('',#8451,#8443,#8455,.T.);
#8457=ORIENTED_EDGE('',*,*,#8456,.F.);
#8458=CARTESIAN_POINT('',(12.092781067,9.814022064,2.500001431));
#8459=DIRECTION('',(-0.852641781,0.522495927,-0.));
#8460=VECTOR('',#8459,0.156911221);
#8461=LINE('',#8458,#8460);
#8462=EDGE_CURVE('',#8399,#8451,#8461,.T.);
#8463=ORIENTED_EDGE('',*,*,#8462,.F.);
#8464=EDGE_LOOP('',(#8441,#8449,#8457,#8463));
#8465=FACE_BOUND('',#8464,.T.);
#8466=ADVANCED_FACE('',(#8465),#8440,.T.);
#8467=CARTESIAN_POINT('',(11.893378702,9.672091085,2.725203518));
#8468=DIRECTION('',(0.369459496,0.602907288,0.707108537));
#8469=DIRECTION('',(-0.,0.760948017,-0.64881285));
#8470=AXIS2_PLACEMENT_3D('',#8467,#8468,#8469);
#8471=PLANE('',#8470);
#8472=CARTESIAN_POINT('',(11.958992004,9.896007538,2.500001431));
#8473=DIRECTION('',(-0.321528821,-0.631002736,0.706013289));
#8474=VECTOR('',#8473,0.708200616);
#8475=LINE('',#8472,#8474);
#8476=EDGE_CURVE('',#8451,#3783,#8475,.T.);
#8477=ORIENTED_EDGE('',*,*,#8476,.T.);
#8478=ORIENTED_EDGE('',*,*,#3788,.T.);
#8479=ORIENTED_EDGE('',*,*,#8431,.F.);
#8480=ORIENTED_EDGE('',*,*,#8462,.T.);
#8481=EDGE_LOOP('',(#8477,#8478,#8479,#8480));
#8482=FACE_BOUND('',#8481,.T.);
#8483=ADVANCED_FACE('',(#8482),#8471,.T.);
#8484=CARTESIAN_POINT('',(11.921333609,9.911606382,1.46371174));
#8485=DIRECTION('',(0.382688159,0.923877575,0.));
#8486=DIRECTION('',(0.923877575,-0.382688159,0.));
#8487=AXIS2_PLACEMENT_3D('',#8484,#8485,#8486);
#8488=PLANE('',#8487);
#8489=ORIENTED_EDGE('',*,*,#8456,.T.);
#8490=CARTESIAN_POINT('',(11.81401825,9.956058502,0.503188133));
#8491=DIRECTION('',(0.923866518,-0.382683579,-0.004892331));
#8492=VECTOR('',#8491,0.156920672);
#8493=LINE('',#8490,#8492);
#8494=EDGE_CURVE('',#192,#8443,#8493,.T.);
#8495=ORIENTED_EDGE('',*,*,#8494,.F.);
#8496=CARTESIAN_POINT('',(11.81401825,9.956058502,2.500001431));
#8497=VERTEX_POINT('',#8496);
#8498=CARTESIAN_POINT('',(11.81401825,9.956058502,2.500001431));
#8499=DIRECTION('',(0.,0.,-1.));
#8500=VECTOR('',#8499,1.996813297);
#8501=LINE('',#8498,#8500);
#8502=EDGE_CURVE('',#8497,#192,#8501,.T.);
#8503=ORIENTED_EDGE('',*,*,#8502,.F.);
#8504=CARTESIAN_POINT('',(11.958992004,9.896007538,2.500001431));
#8505=DIRECTION('',(-0.923877575,0.382688159,0.));
#8506=VECTOR('',#8505,0.156918794);
#8507=LINE('',#8504,#8506);
#8508=EDGE_CURVE('',#8451,#8497,#8507,.T.);
#8509=ORIENTED_EDGE('',*,*,#8508,.F.);
#8510=EDGE_LOOP('',(#8489,#8495,#8503,#8509));
#8511=FACE_BOUND('',#8510,.T.);
#8512=ADVANCED_FACE('',(#8511),#8488,.T.);
#8513=CARTESIAN_POINT('',(11.78424916,9.724633949,2.725202344));
#8514=DIRECTION('',(0.270601801,0.653281084,0.707105714));
#8515=DIRECTION('',(-0.,0.734509251,-0.678598674));
#8516=AXIS2_PLACEMENT_3D('',#8513,#8514,#8515);
#8517=PLANE('',#8516);
#8518=CARTESIAN_POINT('',(11.958992004,9.896007538,2.500001431));
#8519=DIRECTION('',(-0.418460876,-0.581668707,0.697532803));
#8520=VECTOR('',#8519,0.7168108);
#8521=LINE('',#8518,#8520);
#8522=EDGE_CURVE('',#8451,#3791,#8521,.T.);
#8523=ORIENTED_EDGE('',*,*,#8522,.F.);
#8524=ORIENTED_EDGE('',*,*,#8508,.T.);
#8525=CARTESIAN_POINT('',(11.81401825,9.956058502,2.500001431));
#8526=DIRECTION('',(-0.218841852,-0.673536055,0.706015174));
#8527=VECTOR('',#8526,0.708198725);
#8528=LINE('',#8525,#8527);
#8529=EDGE_CURVE('',#8497,#3791,#8528,.T.);
#8530=ORIENTED_EDGE('',*,*,#8529,.T.);
#8531=EDGE_LOOP('',(#8523,#8524,#8530));
#8532=FACE_BOUND('',#8531,.T.);
#8533=ADVANCED_FACE('',(#8532),#8517,.T.);
#8534=CARTESIAN_POINT('',(11.816365945,9.711262933,0.276279256));
#8535=DIRECTION('',(0.268116366,0.656297002,-0.705257301));
#8536=DIRECTION('',(-0.,-0.732060575,-0.681239542));
#8537=AXIS2_PLACEMENT_3D('',#8534,#8535,#8536);
#8538=PLANE('',#8537);
#8539=ORIENTED_EDGE('',*,*,#8494,.T.);
#8540=CARTESIAN_POINT('',(11.958992004,9.896007538,0.502420425));
#8541=DIRECTION('',(-0.320753616,-0.629481389,-0.707721908));
#8542=VECTOR('',#8541,0.709912213);
#8543=LINE('',#8540,#8542);
#8544=EDGE_CURVE('',#8443,#223,#8543,.T.);
#8545=ORIENTED_EDGE('',*,*,#8544,.T.);
#8546=ORIENTED_EDGE('',*,*,#228,.T.);
#8547=EDGE_LOOP('',(#8539,#8545,#8546));
#8548=FACE_BOUND('',#8547,.T.);
#8549=ADVANCED_FACE('',(#8548),#8538,.T.);
#8550=CARTESIAN_POINT('',(12.111399872,9.420093874,0.237527666));
#8551=DIRECTION('',(0.603542898,0.369913389,-0.706328575));
#8552=DIRECTION('',(-0.760256418,-0.,-0.649623105));
#8553=AXIS2_PLACEMENT_3D('',#8550,#8551,#8552);
#8554=PLANE('',#8553);
#8555=CARTESIAN_POINT('',(11.949134827,9.231296539,-0.));
#8556=DIRECTION('',(0.508489296,0.503768658,0.698323546));
#8557=VECTOR('',#8556,0.717583291);
#8558=LINE('',#8555,#8557);
#8559=EDGE_CURVE('',#382,#8291,#8558,.T.);
#8560=ORIENTED_EDGE('',*,*,#8559,.F.);
#8561=ORIENTED_EDGE('',*,*,#387,.T.);
#8562=CARTESIAN_POINT('',(12.31401825,9.592792511,0.501105309));
#8563=DIRECTION('',(-0.572315653,-0.41580695,-0.706795143));
#8564=VECTOR('',#8563,0.708982389);
#8565=LINE('',#8562,#8564);
#8566=EDGE_CURVE('',#8291,#374,#8565,.T.);
#8567=ORIENTED_EDGE('',*,*,#8566,.F.);
#8568=EDGE_LOOP('',(#8560,#8561,#8567));
#8569=FACE_BOUND('',#8568,.T.);
#8570=ADVANCED_FACE('',(#8569),#8554,.T.);
#8571=CARTESIAN_POINT('',(12.039000141,9.509847177,0.237682267));
#8572=DIRECTION('',(0.538435034,0.459897429,-0.706103441));
#8573=DIRECTION('',(-0.795186564,-0.,-0.606364847));
#8574=AXIS2_PLACEMENT_3D('',#8571,#8572,#8573);
#8575=PLANE('',#8574);
#8576=CARTESIAN_POINT('',(11.908256531,9.297992706,0.));
#8577=DIRECTION('',(0.423305112,0.576924074,0.698549493));
#8578=VECTOR('',#8577,0.717799662);
#8579=LINE('',#8576,#8578);
#8580=EDGE_CURVE('',#374,#8343,#8579,.T.);
#8581=ORIENTED_EDGE('',*,*,#8580,.F.);
#8582=ORIENTED_EDGE('',*,*,#379,.T.);
#8583=CARTESIAN_POINT('',(12.212104797,9.712108612,0.501418591));
#8584=DIRECTION('',(-0.500062242,-0.500062242,-0.707018747));
#8585=VECTOR('',#8584,0.709201266);
#8586=LINE('',#8583,#8585);
#8587=EDGE_CURVE('',#8343,#366,#8586,.T.);
#8588=ORIENTED_EDGE('',*,*,#8587,.F.);
#8589=EDGE_LOOP('',(#8581,#8582,#8588));
#8590=FACE_BOUND('',#8589,.T.);
#8591=ADVANCED_FACE('',(#8590),#8575,.T.);
#8592=CARTESIAN_POINT('',(11.953451665,9.587171618,0.237888668));
#8593=DIRECTION('',(0.460056586,0.53869047,-0.705804871));
#8594=DIRECTION('',(0.,-0.794924135,-0.606708842));
#8595=AXIS2_PLACEMENT_3D('',#8592,#8593,#8594);
#8596=PLANE('',#8595);
#8597=CARTESIAN_POINT('',(11.857460022,9.357463837,-0.));
#8598=DIRECTION('',(0.327698885,0.635785133,0.698849559));
#8599=VECTOR('',#8598,0.718101452);
#8600=LINE('',#8597,#8599);
#8601=EDGE_CURVE('',#366,#8391,#8600,.T.);
#8602=ORIENTED_EDGE('',*,*,#8601,.F.);
#8603=ORIENTED_EDGE('',*,*,#371,.T.);
#8604=CARTESIAN_POINT('',(12.092781067,9.814022064,0.501844883));
#8605=DIRECTION('',(-0.415500491,-0.571893844,-0.7073166));
#8606=VECTOR('',#8605,0.709505309);
#8607=LINE('',#8604,#8606);
#8608=EDGE_CURVE('',#8391,#358,#8607,.T.);
#8609=ORIENTED_EDGE('',*,*,#8608,.F.);
#8610=EDGE_LOOP('',(#8602,#8603,#8609));
#8611=FACE_BOUND('',#8610,.T.);
#8612=ADVANCED_FACE('',(#8611),#8596,.T.);
#8613=CARTESIAN_POINT('',(11.64453068,-9.701629792,0.21083537));
#8614=DIRECTION('',(-0.055790281,0.708823351,0.703176294));
#8615=DIRECTION('',(0.,-0.704273193,0.709929059));
#8616=AXIS2_PLACEMENT_3D('',#8613,#8614,#8615);
#8617=PLANE('',#8616);
#8618=CARTESIAN_POINT('',(11.504997253,-10.005001068,0.505572319));
#8619=DIRECTION('',(0.464932314,0.641700482,-0.609965929));
#8620=VECTOR('',#8619,0.289965788);
#8621=LINE('',#8618,#8620);
#8622=EDGE_CURVE('',#7589,#103,#8621,.T.);
#8623=ORIENTED_EDGE('',*,*,#8622,.T.);
#8624=ORIENTED_EDGE('',*,*,#110,.T.);
#8625=CARTESIAN_POINT('',(11.504997253,-10.005001068,0.505572319));
#8626=DIRECTION('',(0.108209048,0.704417402,-0.701489078));
#8627=VECTOR('',#8626,0.72071303);
#8628=LINE('',#8625,#8627);
#8629=EDGE_CURVE('',#7589,#105,#8628,.T.);
#8630=ORIENTED_EDGE('',*,*,#8629,.F.);
#8631=EDGE_LOOP('',(#8623,#8624,#8630));
#8632=FACE_BOUND('',#8631,.T.);
#8633=ADVANCED_FACE('',(#8632),#8617,.T.);
#8634=CARTESIAN_POINT('',(2.300013699,-9.607017613,0.127866985));
#8635=DIRECTION('',(-0.000045528,-0.688940176,-0.724818206));
#8636=DIRECTION('',(0.,-0.724818207,0.688940177));
#8637=AXIS2_PLACEMENT_3D('',#8634,#8635,#8636);
#8638=PLANE('',#8637);
#8639=ORIENTED_EDGE('',*,*,#258,.T.);
#8640=ORIENTED_EDGE('',*,*,#118,.T.);
#8641=ORIENTED_EDGE('',*,*,#8622,.F.);
#8642=CARTESIAN_POINT('',(11.504997253,-10.005001068,0.505572319));
#8643=DIRECTION('',(-0.999253893,0.028025235,-0.026575237));
#8644=VECTOR('',#8643,19.024188584);
#8645=LINE('',#8642,#8644);
#8646=EDGE_CURVE('',#7589,#478,#8645,.T.);
#8647=ORIENTED_EDGE('',*,*,#8646,.T.);
#8648=ORIENTED_EDGE('',*,*,#483,.T.);
#8649=ORIENTED_EDGE('',*,*,#312,.T.);
#8650=ORIENTED_EDGE('',*,*,#281,.T.);
#8651=EDGE_LOOP('',(#8639,#8640,#8641,#8647,#8648,#8649,#8650));
#8652=FACE_BOUND('',#8651,.T.);
#8653=ADVANCED_FACE('',(#8652),#8638,.T.);
#8654=CARTESIAN_POINT('',(11.920088844,-9.611401408,0.237887899));
#8655=DIRECTION('',(0.37013644,-0.604019556,-0.705804075));
#8656=DIRECTION('',(0.,-0.759764524,0.650198329));
#8657=AXIS2_PLACEMENT_3D('',#8654,#8655,#8656);
#8658=PLANE('',#8657);
#8659=CARTESIAN_POINT('',(11.731285095,-9.449123383,-0.));
#8660=DIRECTION('',(0.50340349,-0.50813133,0.698847249));
#8661=VECTOR('',#8660,0.718103825);
#8662=LINE('',#8659,#8661);
#8663=EDGE_CURVE('',#323,#7748,#8662,.T.);
#8664=ORIENTED_EDGE('',*,*,#8663,.F.);
#8665=ORIENTED_EDGE('',*,*,#473,.T.);
#8666=CARTESIAN_POINT('',(12.092781067,-9.814014435,0.501844883));
#8667=DIRECTION('',(-0.415500491,0.571893844,-0.7073166));
#8668=VECTOR('',#8667,0.709505309);
#8669=LINE('',#8666,#8668);
#8670=EDGE_CURVE('',#7748,#462,#8669,.T.);
#8671=ORIENTED_EDGE('',*,*,#8670,.F.);
#8672=EDGE_LOOP('',(#8664,#8665,#8671));
#8673=FACE_BOUND('',#8672,.T.);
#8674=ADVANCED_FACE('',(#8673),#8658,.T.);
#8675=CARTESIAN_POINT('',(12.009840629,-9.538995787,0.23768139));
#8676=DIRECTION('',(0.459864461,-0.538465506,-0.706101676));
#8677=DIRECTION('',(-0.,-0.795169287,0.606387504));
#8678=AXIS2_PLACEMENT_3D('',#8675,#8676,#8677);
#8679=PLANE('',#8678);
#8680=CARTESIAN_POINT('',(11.797981262,-9.408252716,0.));
#8681=DIRECTION('',(0.576931165,-0.423302516,0.69854521));
#8682=VECTOR('',#8681,0.717804064);
#8683=LINE('',#8680,#8682);
#8684=EDGE_CURVE('',#462,#7796,#8683,.T.);
#8685=ORIENTED_EDGE('',*,*,#8684,.F.);
#8686=ORIENTED_EDGE('',*,*,#467,.T.);
#8687=CARTESIAN_POINT('',(12.212104797,-9.712100983,0.501418591));
#8688=DIRECTION('',(-0.500062242,0.500062242,-0.707018747));
#8689=VECTOR('',#8688,0.709201266);
#8690=LINE('',#8687,#8689);
#8691=EDGE_CURVE('',#7796,#454,#8690,.T.);
#8692=ORIENTED_EDGE('',*,*,#8691,.F.);
#8693=EDGE_LOOP('',(#8685,#8686,#8692));
#8694=FACE_BOUND('',#8693,.T.);
#8695=ADVANCED_FACE('',(#8694),#8679,.T.);
#8696=CARTESIAN_POINT('',(12.08716075,-9.453449348,0.237530035));
#8697=DIRECTION('',(0.538266769,-0.459753707,-0.70632529));
#8698=DIRECTION('',(-0.795369742,0.,-0.606124553));
#8699=AXIS2_PLACEMENT_3D('',#8696,#8697,#8698);
#8700=PLANE('',#8699);
#8701=CARTESIAN_POINT('',(11.857460022,-9.357456207,-0.));
#8702=DIRECTION('',(0.636240676,-0.327944314,0.698319647));
#8703=VECTOR('',#8702,0.717587298);
#8704=LINE('',#8701,#8703);
#8705=EDGE_CURVE('',#454,#7848,#8704,.T.);
#8706=ORIENTED_EDGE('',*,*,#8705,.F.);
#8707=ORIENTED_EDGE('',*,*,#459,.T.);
#8708=CARTESIAN_POINT('',(12.31401825,-9.592784882,0.501105309));
#8709=DIRECTION('',(-0.572315653,0.41580695,-0.706795143));
#8710=VECTOR('',#8709,0.708982389);
#8711=LINE('',#8708,#8710);
#8712=EDGE_CURVE('',#7848,#446,#8711,.T.);
#8713=ORIENTED_EDGE('',*,*,#8712,.F.);
#8714=EDGE_LOOP('',(#8706,#8707,#8713));
#8715=FACE_BOUND('',#8714,.T.);
#8716=ADVANCED_FACE('',(#8715),#8700,.T.);
#8717=CARTESIAN_POINT('',(12.150142086,-9.356855257,0.237418181));
#8718=DIRECTION('',(0.603417344,-0.369836437,-0.706476127));
#8719=DIRECTION('',(-0.760390163,0.,-0.64946655));
#8720=AXIS2_PLACEMENT_3D('',#8717,#8718,#8719);
#8721=PLANE('',#8720);
#8722=CARTESIAN_POINT('',(11.908256531,-9.297985077,-0.));
#8723=DIRECTION('',(0.679856963,-0.224417667,0.698162747));
#8724=VECTOR('',#8723,0.717426193);
#8725=LINE('',#8722,#8724);
#8726=EDGE_CURVE('',#446,#7896,#8725,.T.);
#8727=ORIENTED_EDGE('',*,*,#8726,.F.);
#8728=ORIENTED_EDGE('',*,*,#451,.T.);
#8729=CARTESIAN_POINT('',(12.396003723,-9.45898819,0.500880241));
#8730=DIRECTION('',(-0.630444353,0.321239017,-0.706643766));
#8731=VECTOR('',#8730,0.708815765);
#8732=LINE('',#8729,#8731);
#8733=EDGE_CURVE('',#7896,#438,#8732,.T.);
#8734=ORIENTED_EDGE('',*,*,#8733,.F.);
#8735=EDGE_LOOP('',(#8727,#8728,#8734));
#8736=FACE_BOUND('',#8735,.T.);
#8737=ADVANCED_FACE('',(#8736),#8721,.T.);
#8738=CARTESIAN_POINT('',(12.197247285,-9.251600726,0.237346026));
#8739=DIRECTION('',(0.653774415,-0.270732051,-0.706599725));
#8740=DIRECTION('',(-0.734011575,-0.,-0.679136958));
#8741=AXIS2_PLACEMENT_3D('',#8738,#8739,#8740);
#8742=PLANE('',#8741);
#8743=CARTESIAN_POINT('',(11.949134827,-9.23128891,-0.));
#8744=DIRECTION('',(0.706698305,-0.115326135,0.698052568));
#8745=VECTOR('',#8744,0.717318106);
#8746=LINE('',#8743,#8745);
#8747=EDGE_CURVE('',#438,#7948,#8746,.T.);
#8748=ORIENTED_EDGE('',*,*,#8747,.F.);
#8749=ORIENTED_EDGE('',*,*,#443,.T.);
#8750=CARTESIAN_POINT('',(12.456062317,-9.314014435,0.500725746));
#8751=DIRECTION('',(-0.67305417,0.218681783,-0.706524141));
#8752=VECTOR('',#8751,0.708717108);
#8753=LINE('',#8750,#8752);
#8754=EDGE_CURVE('',#7948,#430,#8753,.T.);
#8755=ORIENTED_EDGE('',*,*,#8754,.F.);
#8756=EDGE_LOOP('',(#8748,#8749,#8755));
#8757=FACE_BOUND('',#8756,.T.);
#8758=ADVANCED_FACE('',(#8757),#8742,.T.);
#8759=CARTESIAN_POINT('',(12.227292531,-9.14027573,0.237296859));
#8760=DIRECTION('',(0.687998858,-0.165219106,-0.706654243));
#8761=DIRECTION('',(-0.7165012,0.,-0.697585859));
#8762=AXIS2_PLACEMENT_3D('',#8759,#8760,#8761);
#8763=PLANE('',#8762);
#8764=CARTESIAN_POINT('',(11.979057312,-9.159030914,0.));
#8765=DIRECTION('',(0.716105505,-0.003350662,0.697984011));
#8766=VECTOR('',#8765,0.717249197);
#8767=LINE('',#8764,#8766);
#8768=EDGE_CURVE('',#430,#8000,#8767,.T.);
#8769=ORIENTED_EDGE('',*,*,#8768,.F.);
#8770=ORIENTED_EDGE('',*,*,#435,.T.);
#8771=CARTESIAN_POINT('',(12.492683411,-9.161434174,0.500628471));
#8772=DIRECTION('',(-0.699032989,0.110720417,-0.706465759));
#8773=VECTOR('',#8772,0.708637984);
#8774=LINE('',#8771,#8773);
#8775=EDGE_CURVE('',#8000,#422,#8774,.T.);
#8776=ORIENTED_EDGE('',*,*,#8775,.F.);
#8777=EDGE_LOOP('',(#8769,#8770,#8776));
#8778=FACE_BOUND('',#8777,.T.);
#8779=ADVANCED_FACE('',(#8778),#8763,.T.);
#8780=CARTESIAN_POINT('',(12.236868989,-9.020671307,0.234198164));
#8781=DIRECTION('',(0.705340233,-0.055456997,-0.706696312));
#8782=DIRECTION('',(-0.70778554,0.,-0.70642737));
#8783=AXIS2_PLACEMENT_3D('',#8780,#8781,#8782);
#8784=PLANE('',#8783);
#8785=CARTESIAN_POINT('',(11.997322083,-9.08297348,0.));
#8786=DIRECTION('',(0.707843081,0.108715643,0.697953495));
#8787=VECTOR('',#8786,0.717214287);
#8788=LINE('',#8785,#8787);
#8789=EDGE_CURVE('',#422,#8052,#8788,.T.);
#8790=ORIENTED_EDGE('',*,*,#8789,.F.);
#8791=ORIENTED_EDGE('',*,*,#427,.T.);
#8792=CARTESIAN_POINT('',(12.004997253,-8.985355377,0.));
#8793=DIRECTION('',(0.706422934,-0.027756333,0.707245519));
#8794=VECTOR('',#8793,0.70779129);
#8795=LINE('',#8792,#8794);
#8796=EDGE_CURVE('',#414,#8052,#8795,.T.);
#8797=ORIENTED_EDGE('',*,*,#8796,.T.);
#8798=EDGE_LOOP('',(#8790,#8791,#8797));
#8799=FACE_BOUND('',#8798,.T.);
#8800=ADVANCED_FACE('',(#8799),#8784,.T.);
#8801=CARTESIAN_POINT('',(12.231179163,9.093531338,0.234264764));
#8802=DIRECTION('',(0.705383382,0.055456055,-0.706653317));
#8803=DIRECTION('',(-0.707742441,0.,-0.706470549));
#8804=AXIS2_PLACEMENT_3D('',#8801,#8802,#8803);
#8805=PLANE('',#8804);
#8806=CARTESIAN_POINT('',(12.004997253,8.985355377,0.));
#8807=DIRECTION('',(0.676641926,0.244311749,0.694598786));
#8808=VECTOR('',#8807,0.720744812);
#8809=LINE('',#8806,#8808);
#8810=EDGE_CURVE('',#406,#8135,#8809,.T.);
#8811=ORIENTED_EDGE('',*,*,#8810,.F.);
#8812=ORIENTED_EDGE('',*,*,#411,.T.);
#8813=CARTESIAN_POINT('',(12.492683411,9.161441803,0.500628471));
#8814=DIRECTION('',(-0.699032989,-0.110720417,-0.706465759));
#8815=VECTOR('',#8814,0.708637984);
#8816=LINE('',#8813,#8815);
#8817=EDGE_CURVE('',#8135,#398,#8816,.T.);
#8818=ORIENTED_EDGE('',*,*,#8817,.F.);
#8819=EDGE_LOOP('',(#8811,#8812,#8818));
#8820=FACE_BOUND('',#8819,.T.);
#8821=ADVANCED_FACE('',(#8820),#8805,.T.);
#8822=CARTESIAN_POINT('',(12.209987684,9.212388979,0.23734427));
#8823=DIRECTION('',(0.688052102,0.165231892,-0.70659941));
#8824=DIRECTION('',(-0.716447159,0.,-0.697641361));
#8825=AXIS2_PLACEMENT_3D('',#8822,#8823,#8824);
#8826=PLANE('',#8825);
#8827=CARTESIAN_POINT('',(11.997322083,9.08298111,0.));
#8828=DIRECTION('',(0.639519142,0.322088847,0.698050172));
#8829=VECTOR('',#8828,0.717320569);
#8830=LINE('',#8827,#8829);
#8831=EDGE_CURVE('',#398,#8187,#8830,.T.);
#8832=ORIENTED_EDGE('',*,*,#8831,.F.);
#8833=ORIENTED_EDGE('',*,*,#403,.T.);
#8834=CARTESIAN_POINT('',(12.456062317,9.314022064,0.500725746));
#8835=DIRECTION('',(-0.67305417,-0.218681783,-0.706524141));
#8836=VECTOR('',#8835,0.708717108);
#8837=LINE('',#8834,#8836);
#8838=EDGE_CURVE('',#8187,#390,#8837,.T.);
#8839=ORIENTED_EDGE('',*,*,#8838,.F.);
#8840=EDGE_LOOP('',(#8832,#8833,#8839));
#8841=FACE_BOUND('',#8840,.T.);
#8842=ADVANCED_FACE('',(#8841),#8826,.T.);
#8843=CARTESIAN_POINT('',(12.168866393,9.320120768,0.237421043));
#8844=DIRECTION('',(0.653889616,0.270779756,-0.706474836));
#8845=DIRECTION('',(-0.73389207,0.,-0.679266096));
#8846=AXIS2_PLACEMENT_3D('',#8843,#8844,#8845);
#8847=PLANE('',#8846);
#8848=CARTESIAN_POINT('',(11.979057312,9.159038544,0.));
#8849=DIRECTION('',(0.58117013,0.418102193,0.698163187));
#8850=VECTOR('',#8849,0.71742574);
#8851=LINE('',#8848,#8850);
#8852=EDGE_CURVE('',#390,#8239,#8851,.T.);
#8853=ORIENTED_EDGE('',*,*,#8852,.F.);
#8854=ORIENTED_EDGE('',*,*,#395,.T.);
#8855=CARTESIAN_POINT('',(12.396003723,9.458995819,0.500880241));
#8856=DIRECTION('',(-0.630444353,-0.321239017,-0.706643766));
#8857=VECTOR('',#8856,0.708815765);
#8858=LINE('',#8855,#8857);
#8859=EDGE_CURVE('',#8239,#382,#8858,.T.);
#8860=ORIENTED_EDGE('',*,*,#8859,.F.);
#8861=EDGE_LOOP('',(#8853,#8854,#8860));
#8862=FACE_BOUND('',#8861,.T.);
#8863=ADVANCED_FACE('',(#8862),#8847,.T.);
#8864=CARTESIAN_POINT('',(11.856862252,9.650162235,0.238167712));
#8865=DIRECTION('',(0.370347399,0.604363816,-0.705398598));
#8866=DIRECTION('',(0.,-0.75939678,-0.650627797));
#8867=AXIS2_PLACEMENT_3D('',#8864,#8865,#8866);
#8868=PLANE('',#8867);
#8869=CARTESIAN_POINT('',(11.797981262,9.408260345,0.));
#8870=DIRECTION('',(0.224091629,0.678837084,0.699259005));
#8871=VECTOR('',#8870,0.718504048);
#8872=LINE('',#8869,#8871);
#8873=EDGE_CURVE('',#358,#8443,#8872,.T.);
#8874=ORIENTED_EDGE('',*,*,#8873,.F.);
#8875=ORIENTED_EDGE('',*,*,#363,.T.);
#8876=ORIENTED_EDGE('',*,*,#8544,.F.);
#8877=EDGE_LOOP('',(#8874,#8875,#8876));
#8878=FACE_BOUND('',#8877,.T.);
#8879=ADVANCED_FACE('',(#8878),#8868,.T.);
#8880=CARTESIAN_POINT('',(11.923025668,9.653869001,0.275923508));
#8881=DIRECTION('',(0.367984479,0.605454315,-0.705700004));
#8882=DIRECTION('',(0.,-0.758954365,-0.651143818));
#8883=AXIS2_PLACEMENT_3D('',#8880,#8881,#8882);
#8884=PLANE('',#8883);
#8885=ORIENTED_EDGE('',*,*,#8448,.T.);
#8886=ORIENTED_EDGE('',*,*,#8608,.T.);
#8887=ORIENTED_EDGE('',*,*,#8873,.T.);
#8888=EDGE_LOOP('',(#8885,#8886,#8887));
#8889=FACE_BOUND('',#8888,.T.);
#8890=ADVANCED_FACE('',(#8889),#8884,.T.);
#8891=CARTESIAN_POINT('',(12.019393384,9.580495784,0.275660576));
#8892=DIRECTION('',(0.458473418,0.539749473,-0.706025942));
#8893=DIRECTION('',(-0.,-0.794440746,-0.607341668));
#8894=AXIS2_PLACEMENT_3D('',#8891,#8892,#8893);
#8895=PLANE('',#8894);
#8896=ORIENTED_EDGE('',*,*,#8396,.T.);
#8897=ORIENTED_EDGE('',*,*,#8587,.T.);
#8898=ORIENTED_EDGE('',*,*,#8601,.T.);
#8899=EDGE_LOOP('',(#8896,#8897,#8898));
#8900=FACE_BOUND('',#8899,.T.);
#8901=ADVANCED_FACE('',(#8900),#8895,.T.);
#8902=CARTESIAN_POINT('',(12.103094622,9.492947956,0.275464502));
#8903=DIRECTION('',(0.537390163,0.460864439,-0.706268916));
#8904=DIRECTION('',(-0.795822373,-0.,-0.60553014));
#8905=AXIS2_PLACEMENT_3D('',#8902,#8903,#8904);
#8906=PLANE('',#8905);
#8907=ORIENTED_EDGE('',*,*,#8348,.T.);
#8908=ORIENTED_EDGE('',*,*,#8566,.T.);
#8909=ORIENTED_EDGE('',*,*,#8580,.T.);
#8910=EDGE_LOOP('',(#8907,#8908,#8909));
#8911=FACE_BOUND('',#8910,.T.);
#8912=ADVANCED_FACE('',(#8911),#8906,.T.);
#8913=CARTESIAN_POINT('',(12.172072005,9.393378927,0.27532266));
#8914=DIRECTION('',(0.602957194,0.37065735,-0.706438781));
#8915=DIRECTION('',(-0.760617828,-0.,-0.649199907));
#8916=AXIS2_PLACEMENT_3D('',#8913,#8914,#8915);
#8917=PLANE('',#8916);
#8918=ORIENTED_EDGE('',*,*,#8296,.T.);
#8919=ORIENTED_EDGE('',*,*,#8859,.T.);
#8920=ORIENTED_EDGE('',*,*,#8559,.T.);
#8921=EDGE_LOOP('',(#8918,#8919,#8920));
#8922=FACE_BOUND('',#8921,.T.);
#8923=ADVANCED_FACE('',(#8922),#8917,.T.);
#8924=CARTESIAN_POINT('',(12.224615874,9.28424716,0.275222838));
#8925=DIRECTION('',(0.653498565,0.27147925,-0.706568214));
#8926=DIRECTION('',(-0.734139336,-0.,-0.678998847));
#8927=AXIS2_PLACEMENT_3D('',#8924,#8925,#8926);
#8928=PLANE('',#8927);
#8929=ORIENTED_EDGE('',*,*,#8244,.T.);
#8930=ORIENTED_EDGE('',*,*,#8838,.T.);
#8931=ORIENTED_EDGE('',*,*,#8852,.T.);
#8932=EDGE_LOOP('',(#8929,#8930,#8931));
#8933=FACE_BOUND('',#8932,.T.);
#8934=ADVANCED_FACE('',(#8933),#8928,.T.);
#8935=CARTESIAN_POINT('',(12.259442788,9.168236151,0.275155287));
#8936=DIRECTION('',(0.687930579,0.1655621,-0.706640438));
#8937=DIRECTION('',(-0.716528992,0.,-0.697557312));
#8938=AXIS2_PLACEMENT_3D('',#8935,#8936,#8937);
#8939=PLANE('',#8938);
#8940=ORIENTED_EDGE('',*,*,#8192,.T.);
#8941=ORIENTED_EDGE('',*,*,#8817,.T.);
#8942=ORIENTED_EDGE('',*,*,#8831,.T.);
#8943=EDGE_LOOP('',(#8940,#8941,#8942));
#8944=FACE_BOUND('',#8943,.T.);
#8945=ADVANCED_FACE('',(#8944),#8939,.T.);
#8946=CARTESIAN_POINT('',(12.276333268,9.039451203,0.275077049));
#8947=DIRECTION('',(0.705324303,0.055726786,-0.706690989));
#8948=DIRECTION('',(-0.707790856,-0.,-0.706422044));
#8949=AXIS2_PLACEMENT_3D('',#8946,#8947,#8948);
#8950=PLANE('',#8949);
#8951=ORIENTED_EDGE('',*,*,#8140,.T.);
#8952=CARTESIAN_POINT('',(12.504997253,9.005001068,0.500582218));
#8953=DIRECTION('',(-0.706422934,-0.027756333,-0.707245519));
#8954=VECTOR('',#8953,0.70779129);
#8955=LINE('',#8952,#8954);
#8956=EDGE_CURVE('',#8104,#406,#8955,.T.);
#8957=ORIENTED_EDGE('',*,*,#8956,.T.);
#8958=ORIENTED_EDGE('',*,*,#8810,.T.);
#8959=EDGE_LOOP('',(#8951,#8957,#8958));
#8960=FACE_BOUND('',#8959,.T.);
#8961=ADVANCED_FACE('',(#8960),#8950,.T.);
#8962=CARTESIAN_POINT('',(12.132523454,0.178382458,0.127674697));
#8963=DIRECTION('',(0.707518112,0.,-0.706695211));
#8964=DIRECTION('',(0.706695211,0.,0.707518112));
#8965=AXIS2_PLACEMENT_3D('',#8962,#8963,#8964);
#8966=PLANE('',#8965);
#8967=ORIENTED_EDGE('',*,*,#419,.T.);
#8968=ORIENTED_EDGE('',*,*,#8956,.F.);
#8969=ORIENTED_EDGE('',*,*,#8109,.T.);
#8970=ORIENTED_EDGE('',*,*,#8796,.F.);
#8971=EDGE_LOOP('',(#8967,#8968,#8969,#8970));
#8972=FACE_BOUND('',#8971,.T.);
#8973=ADVANCED_FACE('',(#8972),#8966,.T.);
#8974=CARTESIAN_POINT('',(12.272958348,-9.082895743,0.275117817));
#8975=DIRECTION('',(0.705350752,-0.055731578,-0.706664211));
#8976=DIRECTION('',(-0.707764227,0.,-0.706448724));
#8977=AXIS2_PLACEMENT_3D('',#8974,#8975,#8976);
#8978=PLANE('',#8977);
#8979=ORIENTED_EDGE('',*,*,#8057,.T.);
#8980=ORIENTED_EDGE('',*,*,#8775,.T.);
#8981=ORIENTED_EDGE('',*,*,#8789,.T.);
#8982=EDGE_LOOP('',(#8979,#8980,#8981));
#8983=FACE_BOUND('',#8982,.T.);
#8984=ADVANCED_FACE('',(#8983),#8978,.T.);
#8985=CARTESIAN_POINT('',(12.251315165,-9.202072502,0.275154901));
#8986=DIRECTION('',(0.687957126,-0.165568454,-0.706613105));
#8987=DIRECTION('',(-0.716502051,-0.,-0.697584985));
#8988=AXIS2_PLACEMENT_3D('',#8985,#8986,#8987);
#8989=PLANE('',#8988);
#8990=ORIENTED_EDGE('',*,*,#8005,.T.);
#8991=ORIENTED_EDGE('',*,*,#8754,.T.);
#8992=ORIENTED_EDGE('',*,*,#8768,.T.);
#8993=EDGE_LOOP('',(#8990,#8991,#8992));
#8994=FACE_BOUND('',#8993,.T.);
#8995=ADVANCED_FACE('',(#8994),#8989,.T.);
#8996=CARTESIAN_POINT('',(12.211301042,-9.316393237,0.275222559));
#8997=DIRECTION('',(0.653556001,-0.271502978,-0.706505971));
#8998=DIRECTION('',(-0.734079769,0.,-0.679063246));
#8999=AXIS2_PLACEMENT_3D('',#8996,#8997,#8998);
#9000=PLANE('',#8999);
#9001=ORIENTED_EDGE('',*,*,#7953,.T.);
#9002=ORIENTED_EDGE('',*,*,#8733,.T.);
#9003=ORIENTED_EDGE('',*,*,#8747,.T.);
#9004=EDGE_LOOP('',(#9001,#9002,#9003));
#9005=FACE_BOUND('',#9004,.T.);
#9006=ADVANCED_FACE('',(#9005),#9000,.T.);
#9007=CARTESIAN_POINT('',(12.153881192,-9.423050677,0.275321899));
#9008=DIRECTION('',(0.603019843,-0.370695616,-0.706365223));
#9009=DIRECTION('',(-0.760551135,-0.,-0.649278038));
#9010=AXIS2_PLACEMENT_3D('',#9007,#9008,#9009);
#9011=PLANE('',#9010);
#9012=ORIENTED_EDGE('',*,*,#7901,.T.);
#9013=ORIENTED_EDGE('',*,*,#8712,.T.);
#9014=ORIENTED_EDGE('',*,*,#8726,.T.);
#9015=EDGE_LOOP('',(#9012,#9013,#9014));
#9016=FACE_BOUND('',#9015,.T.);
#9017=ADVANCED_FACE('',(#9016),#9011,.T.);
#9018=CARTESIAN_POINT('',(12.080489566,-9.519405539,0.275463549));
#9019=DIRECTION('',(0.537474175,-0.460935907,-0.70615834));
#9020=DIRECTION('',(-0.795731057,-0.,-0.605650134));
#9021=AXIS2_PLACEMENT_3D('',#9018,#9019,#9020);
#9022=PLANE('',#9021);
#9023=ORIENTED_EDGE('',*,*,#7853,.T.);
#9024=ORIENTED_EDGE('',*,*,#8691,.T.);
#9025=ORIENTED_EDGE('',*,*,#8705,.T.);
#9026=EDGE_LOOP('',(#9023,#9024,#9025));
#9027=FACE_BOUND('',#9026,.T.);
#9028=ADVANCED_FACE('',(#9027),#9022,.T.);
#9029=CARTESIAN_POINT('',(11.992923566,-9.603093955,0.275659315));
#9030=DIRECTION('',(0.458569493,-0.539861342,-0.705878001));
#9031=DIRECTION('',(-0.,-0.794318583,0.607501431));
#9032=AXIS2_PLACEMENT_3D('',#9029,#9030,#9031);
#9033=PLANE('',#9032);
#9034=ORIENTED_EDGE('',*,*,#7801,.T.);
#9035=ORIENTED_EDGE('',*,*,#8670,.T.);
#9036=ORIENTED_EDGE('',*,*,#8684,.T.);
#9037=EDGE_LOOP('',(#9034,#9035,#9036));
#9038=FACE_BOUND('',#9037,.T.);
#9039=ADVANCED_FACE('',(#9038),#9033,.T.);
#9040=CARTESIAN_POINT('',(11.893341863,-9.67205115,0.275921843));
#9041=DIRECTION('',(0.368090279,-0.605625546,-0.70549787));
#9042=DIRECTION('',(-0.,-0.75877115,0.651357307));
#9043=AXIS2_PLACEMENT_3D('',#9040,#9041,#9042);
#9044=PLANE('',#9043);
#9045=ORIENTED_EDGE('',*,*,#7753,.T.);
#9046=ORIENTED_EDGE('',*,*,#334,.T.);
#9047=ORIENTED_EDGE('',*,*,#8663,.T.);
#9048=EDGE_LOOP('',(#9045,#9046,#9047));
#9049=FACE_BOUND('',#9048,.T.);
#9050=ADVANCED_FACE('',(#9049),#9044,.T.);
#9051=CARTESIAN_POINT('',(11.582875967,-9.772866866,0.277381647));
#9052=DIRECTION('',(0.049657828,-0.708581551,-0.703879454));
#9053=DIRECTION('',(-0.,0.70474891,-0.709456816));
#9054=AXIS2_PLACEMENT_3D('',#9051,#9052,#9053);
#9055=PLANE('',#9054);
#9056=ORIENTED_EDGE('',*,*,#7615,.T.);
#9057=ORIENTED_EDGE('',*,*,#8629,.T.);
#9058=ORIENTED_EDGE('',*,*,#140,.F.);
#9059=EDGE_LOOP('',(#9056,#9057,#9058));
#9060=FACE_BOUND('',#9059,.T.);
#9061=ADVANCED_FACE('',(#9060),#9055,.T.);
#9062=CARTESIAN_POINT('',(1.819560979,-9.869132622,0.37719415));
#9063=DIRECTION('',(-0.000068921,-0.689378724,-0.724401111));
#9064=DIRECTION('',(-0.,-0.724401113,0.689378726));
#9065=AXIS2_PLACEMENT_3D('',#9062,#9063,#9064);
#9066=PLANE('',#9065);
#9067=ORIENTED_EDGE('',*,*,#8646,.F.);
#9068=ORIENTED_EDGE('',*,*,#7594,.T.);
#9069=CARTESIAN_POINT('',(-7.504997253,-9.471843719,-0.));
#9070=DIRECTION('',(0.,-0.724401113,0.689378726));
#9071=VECTOR('',#9070,0.735997418);
#9072=LINE('',#9069,#9071);
#9073=EDGE_CURVE('',#478,#7529,#9072,.T.);
#9074=ORIENTED_EDGE('',*,*,#9073,.F.);
#9075=EDGE_LOOP('',(#9067,#9068,#9074));
#9076=FACE_BOUND('',#9075,.T.);
#9077=ADVANCED_FACE('',(#9076),#9066,.T.);
#9078=CARTESIAN_POINT('',(-7.504997253,-9.740798065,0.248013949));
#9079=DIRECTION('',(1.,0.,0.));
#9080=DIRECTION('',(0.,0.,1.));
#9081=AXIS2_PLACEMENT_3D('',#9078,#9079,#9080);
#9082=PLANE('',#9081);
#9083=ORIENTED_EDGE('',*,*,#491,.T.);
#9084=ORIENTED_EDGE('',*,*,#9073,.T.);
#9085=CARTESIAN_POINT('',(-7.504997253,-9.504993439,-0.));
#9086=DIRECTION('',(0.,-0.701912486,0.712263197));
#9087=VECTOR('',#9086,0.712350385);
#9088=LINE('',#9085,#9087);
#9089=EDGE_CURVE('',#486,#7529,#9088,.T.);
#9090=ORIENTED_EDGE('',*,*,#9089,.F.);
#9091=EDGE_LOOP('',(#9083,#9084,#9090));
#9092=FACE_BOUND('',#9091,.T.);
#9093=ADVANCED_FACE('',(#9092),#9082,.T.);
#9094=CARTESIAN_POINT('',(-7.754523109,-9.662749211,0.180563537));
#9095=DIRECTION('',(-0.057518569,-0.711084,-0.700750426));
#9096=DIRECTION('',(-0.,0.701912486,-0.712263197));
#9097=AXIS2_PLACEMENT_3D('',#9094,#9095,#9096);
#9098=PLANE('',#9097);
#9099=ORIENTED_EDGE('',*,*,#499,.T.);
#9100=ORIENTED_EDGE('',*,*,#9089,.T.);
#9101=CARTESIAN_POINT('',(-7.504997253,-10.005001068,0.507380962));
#9102=DIRECTION('',(-0.682603083,0.540218347,-0.492155635));
#9103=VECTOR('',#9102,1.030936001);
#9104=LINE('',#9101,#9103);
#9105=EDGE_CURVE('',#7529,#494,#9104,.T.);
#9106=ORIENTED_EDGE('',*,*,#9105,.T.);
#9107=EDGE_LOOP('',(#9099,#9100,#9106));
#9108=FACE_BOUND('',#9107,.T.);
#9109=ADVANCED_FACE('',(#9108),#9098,.T.);
#9110=CARTESIAN_POINT('',(-7.979220168,-9.794745633,0.331903396));
#9111=DIRECTION('',(-0.054183853,-0.709016989,-0.703106691));
#9112=DIRECTION('',(-0.,0.704141091,-0.710060084));
#9113=AXIS2_PLACEMENT_3D('',#9110,#9111,#9112);
#9114=PLANE('',#9113);
#9115=ORIENTED_EDGE('',*,*,#9105,.F.);
#9116=ORIENTED_EDGE('',*,*,#7534,.T.);
#9117=CARTESIAN_POINT('',(-8.208717346,-9.448070526,-0.));
#9118=DIRECTION('',(-0.11017445,-0.695596741,0.709934338));
#9119=VECTOR('',#9118,0.712149624);
#9120=LINE('',#9117,#9119);
#9121=EDGE_CURVE('',#494,#7481,#9120,.T.);
#9122=ORIENTED_EDGE('',*,*,#9121,.F.);
#9123=EDGE_LOOP('',(#9115,#9116,#9122));
#9124=FACE_BOUND('',#9123,.T.);
#9125=ADVANCED_FACE('',(#9124),#9114,.T.);
#9126=CARTESIAN_POINT('',(-8.479993753,-9.565911423,0.179899346));
#9127=DIRECTION('',(-0.16598499,-0.69137486,-0.703171235));
#9128=DIRECTION('',(0.,-0.713062641,0.701100328));
#9129=AXIS2_PLACEMENT_3D('',#9126,#9127,#9128);
#9130=PLANE('',#9129);
#9131=ORIENTED_EDGE('',*,*,#507,.T.);
#9132=ORIENTED_EDGE('',*,*,#9121,.T.);
#9133=CARTESIAN_POINT('',(-8.28717804,-9.943439484,0.505579472));
#9134=DIRECTION('',(-0.590193764,0.640901157,-0.490832994));
#9135=VECTOR('',#9134,1.030043779);
#9136=LINE('',#9133,#9135);
#9137=EDGE_CURVE('',#7481,#502,#9136,.T.);
#9138=ORIENTED_EDGE('',*,*,#9137,.T.);
#9139=EDGE_LOOP('',(#9131,#9132,#9138));
#9140=FACE_BOUND('',#9139,.T.);
#9141=ADVANCED_FACE('',(#9140),#9130,.T.);
#9142=CARTESIAN_POINT('',(-8.722616819,-9.661659789,0.330911706));
#9143=DIRECTION('',(-0.164592525,-0.690786009,-0.704076693));
#9144=DIRECTION('',(0.,-0.713811911,0.700337458));
#9145=AXIS2_PLACEMENT_3D('',#9142,#9143,#9144);
#9146=PLANE('',#9145);
#9147=ORIENTED_EDGE('',*,*,#9137,.F.);
#9148=ORIENTED_EDGE('',*,*,#7486,.T.);
#9149=CARTESIAN_POINT('',(-8.895103455,-9.283283234,0.));
#9150=DIRECTION('',(-0.217922082,-0.670705251,0.708988316));
#9151=VECTOR('',#9150,0.711187776);
#9152=LINE('',#9149,#9151);
#9153=EDGE_CURVE('',#502,#7433,#9152,.T.);
#9154=ORIENTED_EDGE('',*,*,#9153,.F.);
#9155=EDGE_LOOP('',(#9147,#9148,#9154));
#9156=FACE_BOUND('',#9155,.T.);
#9157=ADVANCED_FACE('',(#9156),#9146,.T.);
#9158=CARTESIAN_POINT('',(-9.1815188,-9.357164554,0.17936934));
#9159=DIRECTION('',(-0.271740086,-0.656022794,-0.704124577));
#9160=DIRECTION('',(0.,-0.731656306,0.681673712));
#9161=AXIS2_PLACEMENT_3D('',#9158,#9159,#9160);
#9162=PLANE('',#9161);
#9163=ORIENTED_EDGE('',*,*,#515,.T.);
#9164=ORIENTED_EDGE('',*,*,#9153,.T.);
#9165=CARTESIAN_POINT('',(-9.050086975,-9.760280609,0.504223824));
#9166=DIRECTION('',(-0.482973591,0.725809309,-0.489834011));
#9167=VECTOR('',#9166,1.029376916);
#9168=LINE('',#9165,#9167);
#9169=EDGE_CURVE('',#7433,#510,#9168,.T.);
#9170=ORIENTED_EDGE('',*,*,#9169,.T.);
#9171=EDGE_LOOP('',(#9163,#9164,#9170));
#9172=FACE_BOUND('',#9171,.T.);
#9173=ADVANCED_FACE('',(#9172),#9162,.T.);
#9174=CARTESIAN_POINT('',(-9.43605565,-9.413908131,0.330166968));
#9175=DIRECTION('',(-0.270634441,-0.655747371,-0.704806629));
#9176=DIRECTION('',(0.,-0.732128044,0.681167033));
#9177=AXIS2_PLACEMENT_3D('',#9174,#9175,#9176);
#9178=PLANE('',#9177);
#9179=ORIENTED_EDGE('',*,*,#9169,.F.);
#9180=ORIENTED_EDGE('',*,*,#7438,.T.);
#9181=CARTESIAN_POINT('',(-9.54724884,-9.013149261,0.));
#9182=DIRECTION('',(-0.320502283,-0.628988147,0.708274098));
#9183=VECTOR('',#9182,0.710468915);
#9184=LINE('',#9181,#9183);
#9185=EDGE_CURVE('',#510,#7385,#9184,.T.);
#9186=ORIENTED_EDGE('',*,*,#9185,.F.);
#9187=EDGE_LOOP('',(#9179,#9180,#9186));
#9188=FACE_BOUND('',#9187,.T.);
#9189=ADVANCED_FACE('',(#9188),#9178,.T.);
#9190=CARTESIAN_POINT('',(-9.841737624,-9.041252423,0.178969881));
#9191=DIRECTION('',(-0.37063597,-0.60483362,-0.704844146));
#9192=DIRECTION('',(-0.,-0.758893924,0.65121426));
#9193=AXIS2_PLACEMENT_3D('',#9190,#9191,#9192);
#9194=PLANE('',#9193);
#9195=ORIENTED_EDGE('',*,*,#523,.T.);
#9196=ORIENTED_EDGE('',*,*,#9185,.T.);
#9197=CARTESIAN_POINT('',(-9.77495575,-9.460025787,0.50320673));
#9198=DIRECTION('',(-0.363672417,0.792806463,-0.489081062));
#9199=VECTOR('',#9198,1.028882059);
#9200=LINE('',#9197,#9199);
#9201=EDGE_CURVE('',#7385,#518,#9200,.T.);
#9202=ORIENTED_EDGE('',*,*,#9201,.T.);
#9203=EDGE_LOOP('',(#9195,#9196,#9202));
#9204=FACE_BOUND('',#9203,.T.);
#9205=ADVANCED_FACE('',(#9204),#9194,.T.);
#9206=CARTESIAN_POINT('',(-10.101978437,-9.057588193,0.329607654));
#9207=DIRECTION('',(-0.369787577,-0.604758823,-0.705353751));
#9208=DIRECTION('',(0.,-0.759166243,0.650896778));
#9209=AXIS2_PLACEMENT_3D('',#9206,#9207,#9208);
#9210=PLANE('',#9209);
#9211=ORIENTED_EDGE('',*,*,#9201,.F.);
#9212=ORIENTED_EDGE('',*,*,#7390,.T.);
#9213=CARTESIAN_POINT('',(-10.149131775,-8.644321442,0.));
#9214=DIRECTION('',(-0.415252092,-0.571551948,0.707738702));
#9215=VECTOR('',#9214,0.709929728);
#9216=LINE('',#9213,#9215);
#9217=EDGE_CURVE('',#518,#7337,#9216,.T.);
#9218=ORIENTED_EDGE('',*,*,#9217,.F.);
#9219=EDGE_LOOP('',(#9211,#9212,#9218));
#9220=FACE_BOUND('',#9219,.T.);
#9221=ADVANCED_FACE('',(#9220),#9210,.T.);
#9222=CARTESIAN_POINT('',(-10.444396125,-8.625966639,0.178672916));
#9223=DIRECTION('',(-0.46035196,-0.538993856,-0.705380533));
#9224=DIRECTION('',(-0.,-0.794583237,0.607155235));
#9225=AXIS2_PLACEMENT_3D('',#9222,#9223,#9224);
#9226=PLANE('',#9225);
#9227=ORIENTED_EDGE('',*,*,#531,.T.);
#9228=ORIENTED_EDGE('',*,*,#9217,.T.);
#9229=CARTESIAN_POINT('',(-10.44393158,-9.05008316,0.502444744));
#9230=DIRECTION('',(-0.235250358,0.84024449,-0.488514551));
#9231=VECTOR('',#9230,1.028515411);
#9232=LINE('',#9229,#9231);
#9233=EDGE_CURVE('',#7337,#526,#9232,.T.);
#9234=ORIENTED_EDGE('',*,*,#9233,.T.);
#9235=EDGE_LOOP('',(#9227,#9228,#9234));
#9236=FACE_BOUND('',#9235,.T.);
#9237=ADVANCED_FACE('',(#9236),#9226,.T.);
#9238=CARTESIAN_POINT('',(-10.703963641,-8.601473121,0.329189814));
#9239=DIRECTION('',(-0.459716068,-0.539037489,-0.705761803));
#9240=DIRECTION('',(0.,-0.79471778,0.606979118));
#9241=AXIS2_PLACEMENT_3D('',#9238,#9239,#9240);
#9242=PLANE('',#9241);
#9243=ORIENTED_EDGE('',*,*,#9233,.F.);
#9244=ORIENTED_EDGE('',*,*,#7342,.T.);
#9245=CARTESIAN_POINT('',(-10.685890198,-8.185878754,0.));
#9246=DIRECTION('',(-0.499830214,-0.499840967,0.707339215));
#9247=VECTOR('',#9246,0.709530488);
#9248=LINE('',#9245,#9247);
#9249=EDGE_CURVE('',#526,#7289,#9248,.T.);
#9250=ORIENTED_EDGE('',*,*,#9249,.F.);
#9251=EDGE_LOOP('',(#9243,#9244,#9250));
#9252=FACE_BOUND('',#9251,.T.);
#9253=ADVANCED_FACE('',(#9252),#9242,.T.);
#9254=CARTESIAN_POINT('',(-10.974653067,-8.121528216,0.178451858));
#9255=DIRECTION('',(-0.538694277,-0.460088434,-0.705781204));
#9256=DIRECTION('',(-0.794912256,-0.,0.606724407));
#9257=AXIS2_PLACEMENT_3D('',#9254,#9255,#9256);
#9258=PLANE('',#9257);
#9259=ORIENTED_EDGE('',*,*,#539,.T.);
#9260=ORIENTED_EDGE('',*,*,#9249,.T.);
#9261=CARTESIAN_POINT('',(-11.040534973,-8.540531158,0.501878738));
#9262=DIRECTION('',(-0.1009402,0.866932672,-0.48809714));
#9263=VECTOR('',#9262,1.02823536);
#9264=LINE('',#9261,#9263);
#9265=EDGE_CURVE('',#7289,#534,#9264,.T.);
#9266=ORIENTED_EDGE('',*,*,#9265,.T.);
#9267=EDGE_LOOP('',(#9259,#9260,#9266));
#9268=FACE_BOUND('',#9267,.T.);
#9269=ADVANCED_FACE('',(#9268),#9258,.T.);
#9270=CARTESIAN_POINT('',(-11.227190827,-8.056795057,0.328880969));
#9271=DIRECTION('',(-0.538236179,-0.460193334,-0.706062257));
#9272=DIRECTION('',(-0.795277498,-0.,0.606245578));
#9273=AXIS2_PLACEMENT_3D('',#9270,#9271,#9272);
#9274=PLANE('',#9273);
#9275=ORIENTED_EDGE('',*,*,#9265,.F.);
#9276=ORIENTED_EDGE('',*,*,#7294,.T.);
#9277=CARTESIAN_POINT('',(-11.144325256,-7.649120331,-0.));
#9278=DIRECTION('',(-0.572109087,-0.41566763,0.707044281));
#9279=VECTOR('',#9278,0.709238375);
#9280=LINE('',#9277,#9279);
#9281=EDGE_CURVE('',#534,#7237,#9280,.T.);
#9282=ORIENTED_EDGE('',*,*,#9281,.F.);
#9283=EDGE_LOOP('',(#9275,#9276,#9282));
#9284=FACE_BOUND('',#9283,.T.);
#9285=ADVANCED_FACE('',(#9284),#9274,.T.);
#9286=CARTESIAN_POINT('',(-11.419470887,-7.54036108,0.178288778));
#9287=DIRECTION('',(-0.603779619,-0.370007123,-0.706077121));
#9288=DIRECTION('',(-0.760016301,0.,0.64990401));
#9289=AXIS2_PLACEMENT_3D('',#9286,#9287,#9288);
#9290=PLANE('',#9289);
#9291=ORIENTED_EDGE('',*,*,#547,.T.);
#9292=ORIENTED_EDGE('',*,*,#9281,.T.);
#9293=CARTESIAN_POINT('',(-11.550086975,-7.943927765,0.501462936));
#9294=DIRECTION('',(0.035919291,0.872222803,-0.487788055));
#9295=VECTOR('',#9294,1.028034473);
#9296=LINE('',#9293,#9295);
#9297=EDGE_CURVE('',#7237,#542,#9296,.T.);
#9298=ORIENTED_EDGE('',*,*,#9297,.T.);
#9299=EDGE_LOOP('',(#9291,#9292,#9298));
#9300=FACE_BOUND('',#9299,.T.);
#9301=ADVANCED_FACE('',(#9300),#9290,.T.);
#9302=CARTESIAN_POINT('',(-11.658776171,-7.43696479,0.328656451));
#9303=DIRECTION('',(-0.603485373,-0.370125275,-0.706266724));
#9304=DIRECTION('',(-0.760258903,-0.,0.649620197));
#9305=AXIS2_PLACEMENT_3D('',#9302,#9303,#9304);
#9306=PLANE('',#9305);
#9307=ORIENTED_EDGE('',*,*,#9297,.F.);
#9308=ORIENTED_EDGE('',*,*,#7242,.T.);
#9309=CARTESIAN_POINT('',(-11.513160706,-7.047252655,-0.));
#9310=DIRECTION('',(-0.630265459,-0.321147863,0.706844751));
#9311=VECTOR('',#9310,0.709016955);
#9312=LINE('',#9309,#9311);
#9313=EDGE_CURVE('',#542,#7189,#9312,.T.);
#9314=ORIENTED_EDGE('',*,*,#9313,.F.);
#9315=EDGE_LOOP('',(#9307,#9308,#9314));
#9316=FACE_BOUND('',#9315,.T.);
#9317=ADVANCED_FACE('',(#9316),#9306,.T.);
#9318=CARTESIAN_POINT('',(-11.767891077,-6.89676719,0.178172104));
#9319=DIRECTION('',(-0.654050735,-0.270909222,-0.706276029));
#9320=DIRECTION('',(-0.733713312,-0.,0.679459179));
#9321=AXIS2_PLACEMENT_3D('',#9318,#9319,#9320);
#9322=PLANE('',#9321);
#9323=ORIENTED_EDGE('',*,*,#555,.T.);
#9324=ORIENTED_EDGE('',*,*,#9313,.T.);
#9325=CARTESIAN_POINT('',(-11.960029602,-7.274951935,0.501164913));
#9326=DIRECTION('',(0.171946967,0.855986529,-0.487566717));
#9327=VECTOR('',#9326,1.02788992);
#9328=LINE('',#9325,#9327);
#9329=EDGE_CURVE('',#7189,#550,#9328,.T.);
#9330=ORIENTED_EDGE('',*,*,#9329,.T.);
#9331=EDGE_LOOP('',(#9323,#9324,#9330));
#9332=FACE_BOUND('',#9331,.T.);
#9333=ADVANCED_FACE('',(#9332),#9322,.T.);
#9334=CARTESIAN_POINT('',(-11.988079723,-6.75723917,0.328497698));
#9335=DIRECTION('',(-0.653849266,-0.271029626,-0.706416364));
#9336=DIRECTION('',(-0.733884939,-0.,0.679273801));
#9337=AXIS2_PLACEMENT_3D('',#9334,#9335,#9336);
#9338=PLANE('',#9337);
#9339=ORIENTED_EDGE('',*,*,#9329,.F.);
#9340=ORIENTED_EDGE('',*,*,#7194,.T.);
#9341=CARTESIAN_POINT('',(-11.783287048,-6.39509201,0.));
#9342=DIRECTION('',(-0.672883413,-0.218644059,0.706698442));
#9343=VECTOR('',#9342,0.708874281);
#9344=LINE('',#9341,#9343);
#9345=EDGE_CURVE('',#550,#7137,#9344,.T.);
#9346=ORIENTED_EDGE('',*,*,#9345,.F.);
#9347=EDGE_LOOP('',(#9339,#9340,#9346));
#9348=FACE_BOUND('',#9347,.T.);
#9349=ADVANCED_FACE('',(#9348),#9338,.T.);
#9350=CARTESIAN_POINT('',(-12.011336792,-6.206603009,0.178092724));
#9351=DIRECTION('',(-0.688235295,-0.165225431,-0.706422491));
#9352=DIRECTION('',(-0.716266988,0.,0.697826341));
#9353=AXIS2_PLACEMENT_3D('',#9350,#9351,#9352);
#9354=PLANE('',#9353);
#9355=ORIENTED_EDGE('',*,*,#563,.T.);
#9356=ORIENTED_EDGE('',*,*,#9345,.T.);
#9357=CARTESIAN_POINT('',(-12.260276794,-6.55008316,0.50096035));
#9358=DIRECTION('',(0.303770233,0.818625221,-0.487418089));
#9359=VECTOR('',#9358,1.027783664);
#9360=LINE('',#9357,#9359);
#9361=EDGE_CURVE('',#7137,#558,#9360,.T.);
#9362=ORIENTED_EDGE('',*,*,#9361,.T.);
#9363=EDGE_LOOP('',(#9355,#9356,#9362));
#9364=FACE_BOUND('',#9363,.T.);
#9365=ADVANCED_FACE('',(#9364),#9354,.T.);
#9366=CARTESIAN_POINT('',(-12.207000451,-6.034364223,0.328392263));
#9367=DIRECTION('',(-0.688114086,-0.165326614,-0.706516889));
#9368=DIRECTION('',(-0.716375018,-0.,0.697715438));
#9369=AXIS2_PLACEMENT_3D('',#9366,#9367,#9368);
#9370=PLANE('',#9369);
#9371=ORIENTED_EDGE('',*,*,#9361,.F.);
#9372=ORIENTED_EDGE('',*,*,#7142,.T.);
#9373=CARTESIAN_POINT('',(-11.948066711,-5.708713531,-0.));
#9374=DIRECTION('',(-0.698903288,-0.1106857,0.706599512));
#9375=VECTOR('',#9374,0.708791324);
#9376=LINE('',#9373,#9375);
#9377=EDGE_CURVE('',#558,#7084,#9376,.T.);
#9378=ORIENTED_EDGE('',*,*,#9377,.F.);
#9379=EDGE_LOOP('',(#9371,#9372,#9378));
#9380=FACE_BOUND('',#9379,.T.);
#9381=ADVANCED_FACE('',(#9380),#9370,.T.);
#9382=CARTESIAN_POINT('',(-12.143501771,-5.478280194,0.177045113));
#9383=DIRECTION('',(-0.705509023,-0.055525174,-0.70652245));
#9384=DIRECTION('',(-0.707614095,0.,0.706599103));
#9385=AXIS2_PLACEMENT_3D('',#9382,#9383,#9384);
#9386=PLANE('',#9385);
#9387=ORIENTED_EDGE('',*,*,#571,.T.);
#9388=ORIENTED_EDGE('',*,*,#9377,.T.);
#9389=CARTESIAN_POINT('',(-12.443443298,-5.787166595,0.500831604));
#9390=DIRECTION('',(0.420731573,0.769423078,-0.480596578));
#9391=VECTOR('',#9390,1.042103975);
#9392=LINE('',#9389,#9391);
#9393=EDGE_CURVE('',#7084,#566,#9392,.T.);
#9394=ORIENTED_EDGE('',*,*,#9393,.T.);
#9395=EDGE_LOOP('',(#9387,#9388,#9394));
#9396=FACE_BOUND('',#9395,.T.);
#9397=ADVANCED_FACE('',(#9396),#9386,.T.);
#9398=CARTESIAN_POINT('',(-12.310203344,-5.280068467,0.327913373));
#9399=DIRECTION('',(-0.705465719,-0.055573489,-0.706561891));
#9400=DIRECTION('',(-0.707655502,-0.,0.706557634));
#9401=AXIS2_PLACEMENT_3D('',#9398,#9399,#9400);
#9402=PLANE('',#9401);
#9403=ORIENTED_EDGE('',*,*,#9393,.F.);
#9404=ORIENTED_EDGE('',*,*,#7089,.T.);
#9405=CARTESIAN_POINT('',(-12.504997253,-5.005001068,0.500770092));
#9406=DIRECTION('',(0.706290119,0.027761892,-0.707377936));
#9407=VECTOR('',#9406,0.707924387);
#9408=LINE('',#9405,#9407);
#9409=EDGE_CURVE('',#7061,#566,#9408,.T.);
#9410=ORIENTED_EDGE('',*,*,#9409,.T.);
#9411=EDGE_LOOP('',(#9403,#9404,#9410));
#9412=FACE_BOUND('',#9411,.T.);
#9413=ADVANCED_FACE('',(#9412),#9402,.T.);
#9414=CARTESIAN_POINT('',(-12.134543308,-0.175632776,0.12974558));
#9415=DIRECTION('',(-0.70765069,0.,-0.706562454));
#9416=DIRECTION('',(0.706562454,0.,-0.70765069));
#9417=AXIS2_PLACEMENT_3D('',#9414,#9415,#9416);
#9418=PLANE('',#9417);
#9419=ORIENTED_EDGE('',*,*,#579,.T.);
#9420=ORIENTED_EDGE('',*,*,#9409,.F.);
#9421=ORIENTED_EDGE('',*,*,#7066,.T.);
#9422=CARTESIAN_POINT('',(-12.004997253,4.985355377,-0.));
#9423=DIRECTION('',(-0.706290331,0.027751123,0.707378148));
#9424=VECTOR('',#9423,0.707924175);
#9425=LINE('',#9422,#9424);
#9426=EDGE_CURVE('',#574,#7005,#9425,.T.);
#9427=ORIENTED_EDGE('',*,*,#9426,.F.);
#9428=EDGE_LOOP('',(#9419,#9420,#9421,#9427));
#9429=FACE_BOUND('',#9428,.T.);
#9430=ADVANCED_FACE('',(#9429),#9418,.T.);
#9431=CARTESIAN_POINT('',(-12.16101608,5.249934072,0.176568138));
#9432=DIRECTION('',(-0.70546918,0.055522038,-0.706562481));
#9433=DIRECTION('',(-0.707654064,-0.,0.706559074));
#9434=AXIS2_PLACEMENT_3D('',#9431,#9432,#9433);
#9435=PLANE('',#9434);
#9436=ORIENTED_EDGE('',*,*,#587,.T.);
#9437=ORIENTED_EDGE('',*,*,#9426,.T.);
#9438=CARTESIAN_POINT('',(-12.504997253,5.005001068,0.500770092));
#9439=DIRECTION('',(0.541920147,0.684753425,-0.487273334));
#9440=VECTOR('',#9439,1.027698537);
#9441=LINE('',#9438,#9440);
#9442=EDGE_CURVE('',#7005,#582,#9441,.T.);
#9443=ORIENTED_EDGE('',*,*,#9442,.T.);
#9444=EDGE_LOOP('',(#9436,#9437,#9443));
#9445=FACE_BOUND('',#9444,.T.);
#9446=ADVANCED_FACE('',(#9445),#9435,.T.);
#9447=CARTESIAN_POINT('',(-12.294962803,5.479021227,0.328326164));
#9448=DIRECTION('',(-0.705503022,0.055575879,-0.706524457));
#9449=DIRECTION('',(-0.707618104,-0.,0.706595088));
#9450=AXIS2_PLACEMENT_3D('',#9447,#9448,#9449);
#9451=PLANE('',#9450);
#9452=ORIENTED_EDGE('',*,*,#9442,.F.);
#9453=ORIENTED_EDGE('',*,*,#7010,.T.);
#9454=CARTESIAN_POINT('',(-11.948066711,5.708721161,0.));
#9455=DIRECTION('',(-0.698903288,0.1106857,0.706599512));
#9456=VECTOR('',#9455,0.708791324);
#9457=LINE('',#9454,#9456);
#9458=EDGE_CURVE('',#582,#6953,#9457,.T.);
#9459=ORIENTED_EDGE('',*,*,#9458,.F.);
#9460=EDGE_LOOP('',(#9452,#9453,#9459));
#9461=FACE_BOUND('',#9460,.T.);
#9462=ADVANCED_FACE('',(#9461),#9451,.T.);
#9463=CARTESIAN_POINT('',(-12.065690135,5.980205269,0.178042661));
#9464=DIRECTION('',(-0.688138825,0.165202271,-0.70652188));
#9465=DIRECTION('',(-0.716364945,0.,0.697725781));
#9466=AXIS2_PLACEMENT_3D('',#9463,#9464,#9465);
#9467=PLANE('',#9466);
#9468=ORIENTED_EDGE('',*,*,#595,.T.);
#9469=ORIENTED_EDGE('',*,*,#9458,.T.);
#9470=CARTESIAN_POINT('',(-12.443443298,5.787174225,0.500831604));
#9471=DIRECTION('',(0.642349241,0.591527277,-0.487322207));
#9472=VECTOR('',#9471,1.027721694);
#9473=LINE('',#9470,#9472);
#9474=EDGE_CURVE('',#6953,#590,#9473,.T.);
#9475=ORIENTED_EDGE('',*,*,#9474,.T.);
#9476=EDGE_LOOP('',(#9468,#9469,#9475));
#9477=FACE_BOUND('',#9476,.T.);
#9478=ADVANCED_FACE('',(#9477),#9467,.T.);
#9479=CARTESIAN_POINT('',(-12.161834789,6.2225068,0.328383471));
#9480=DIRECTION('',(-0.688200881,0.165347438,-0.706427471));
#9481=DIRECTION('',(-0.716286888,0.,0.697805915));
#9482=AXIS2_PLACEMENT_3D('',#9479,#9480,#9481);
#9483=PLANE('',#9482);
#9484=ORIENTED_EDGE('',*,*,#9474,.F.);
#9485=ORIENTED_EDGE('',*,*,#6958,.T.);
#9486=CARTESIAN_POINT('',(-11.783287048,6.39509964,0.));
#9487=DIRECTION('',(-0.672883413,0.218644059,0.706698442));
#9488=VECTOR('',#9487,0.708874281);
#9489=LINE('',#9486,#9488);
#9490=EDGE_CURVE('',#590,#6905,#9489,.T.);
#9491=ORIENTED_EDGE('',*,*,#9490,.F.);
#9492=EDGE_LOOP('',(#9484,#9485,#9491));
#9493=FACE_BOUND('',#9492,.T.);
#9494=ADVANCED_FACE('',(#9493),#9483,.T.);
#9495=CARTESIAN_POINT('',(-11.856992663,6.681641345,0.178092146));
#9496=DIRECTION('',(-0.653913503,0.270855549,-0.70642367));
#9497=DIRECTION('',(-0.733855174,-0.,0.679305958));
#9498=AXIS2_PLACEMENT_3D('',#9495,#9496,#9497);
#9499=PLANE('',#9498);
#9500=ORIENTED_EDGE('',*,*,#603,.T.);
#9501=ORIENTED_EDGE('',*,*,#9490,.T.);
#9502=CARTESIAN_POINT('',(-12.260276794,6.55009079,0.50096035));
#9503=DIRECTION('',(0.726928413,0.483728153,-0.487424));
#9504=VECTOR('',#9503,1.027771202);
#9505=LINE('',#9502,#9504);
#9506=EDGE_CURVE('',#6905,#598,#9505,.T.);
#9507=ORIENTED_EDGE('',*,*,#9506,.T.);
#9508=EDGE_LOOP('',(#9500,#9501,#9507));
#9509=FACE_BOUND('',#9508,.T.);
#9510=ADVANCED_FACE('',(#9509),#9499,.T.);
#9511=CARTESIAN_POINT('',(-11.914030436,6.936015202,0.328483539));
#9512=DIRECTION('',(-0.653970728,0.271082753,-0.706283532));
#9513=DIRECTION('',(-0.733758346,0.,0.679410545));
#9514=AXIS2_PLACEMENT_3D('',#9511,#9512,#9513);
#9515=PLANE('',#9514);
#9516=ORIENTED_EDGE('',*,*,#9506,.F.);
#9517=ORIENTED_EDGE('',*,*,#6910,.T.);
#9518=CARTESIAN_POINT('',(-11.513160706,7.047252655,-0.));
#9519=DIRECTION('',(-0.630265459,0.321147863,0.706844751));
#9520=VECTOR('',#9519,0.709016955);
#9521=LINE('',#9518,#9520);
#9522=EDGE_CURVE('',#598,#6853,#9521,.T.);
#9523=ORIENTED_EDGE('',*,*,#9522,.F.);
#9524=EDGE_LOOP('',(#9516,#9517,#9523));
#9525=FACE_BOUND('',#9524,.T.);
#9526=ADVANCED_FACE('',(#9525),#9515,.T.);
#9527=CARTESIAN_POINT('',(-11.541138105,7.341794274,0.178171352));
#9528=DIRECTION('',(-0.603611801,0.369899592,-0.706276918));
#9529=DIRECTION('',(-0.760196323,0.,0.649693428));
#9530=AXIS2_PLACEMENT_3D('',#9527,#9528,#9529);
#9531=PLANE('',#9530);
#9532=ORIENTED_EDGE('',*,*,#611,.T.);
#9533=ORIENTED_EDGE('',*,*,#9522,.T.);
#9534=CARTESIAN_POINT('',(-11.960029602,7.274951935,0.501164913));
#9535=DIRECTION('',(0.793575503,0.364025188,-0.487569056));
#9536=VECTOR('',#9535,1.027884988);
#9537=LINE('',#9534,#9536);
#9538=EDGE_CURVE('',#6853,#606,#9537,.T.);
#9539=ORIENTED_EDGE('',*,*,#9538,.T.);
#9540=EDGE_LOOP('',(#9532,#9533,#9539));
#9541=FACE_BOUND('',#9540,.T.);
#9542=ADVANCED_FACE('',(#9541),#9531,.T.);
#9543=CARTESIAN_POINT('',(-11.557652068,7.601976367,0.328635483));
#9544=DIRECTION('',(-0.603640556,0.370220289,-0.706084284));
#9545=DIRECTION('',(-0.760093495,0.,0.649813727));
#9546=AXIS2_PLACEMENT_3D('',#9543,#9544,#9545);
#9547=PLANE('',#9546);
#9548=ORIENTED_EDGE('',*,*,#9538,.F.);
#9549=ORIENTED_EDGE('',*,*,#6858,.T.);
#9550=CARTESIAN_POINT('',(-11.144325256,7.64912796,-0.));
#9551=DIRECTION('',(-0.572111645,0.415658731,0.707047442));
#9552=VECTOR('',#9551,0.709235203);
#9553=LINE('',#9550,#9552);
#9554=EDGE_CURVE('',#606,#6805,#9553,.T.);
#9555=ORIENTED_EDGE('',*,*,#9554,.F.);
#9556=EDGE_LOOP('',(#9548,#9549,#9555));
#9557=FACE_BOUND('',#9556,.T.);
#9558=ADVANCED_FACE('',(#9557),#9547,.T.);
#9559=CARTESIAN_POINT('',(-11.125911779,7.944413173,0.178288792));
#9560=DIRECTION('',(-0.538475724,0.459895236,-0.70607384));
#9561=DIRECTION('',(-0.795152212,-0.,0.606409895));
#9562=AXIS2_PLACEMENT_3D('',#9559,#9560,#9561);
#9563=PLANE('',#9562);
#9564=ORIENTED_EDGE('',*,*,#619,.T.);
#9565=ORIENTED_EDGE('',*,*,#9554,.T.);
#9566=CARTESIAN_POINT('',(-11.550086975,7.943927765,0.501462936));
#9567=DIRECTION('',(0.840632567,0.23536851,-0.487789455));
#9568=VECTOR('',#9567,1.028031523);
#9569=LINE('',#9566,#9568);
#9570=EDGE_CURVE('',#6805,#614,#9569,.T.);
#9571=ORIENTED_EDGE('',*,*,#9570,.T.);
#9572=EDGE_LOOP('',(#9564,#9565,#9571));
#9573=FACE_BOUND('',#9572,.T.);
#9574=ADVANCED_FACE('',(#9573),#9563,.T.);
#9575=CARTESIAN_POINT('',(-11.101477196,8.203991238,0.328852478));
#9576=DIRECTION('',(-0.538443767,0.460364557,-0.705792309));
#9577=DIRECTION('',(-0.795052938,-0.,0.606540045));
#9578=AXIS2_PLACEMENT_3D('',#9575,#9576,#9577);
#9579=PLANE('',#9578);
#9580=ORIENTED_EDGE('',*,*,#9570,.F.);
#9581=ORIENTED_EDGE('',*,*,#6810,.T.);
#9582=CARTESIAN_POINT('',(-10.685890198,8.185894012,0.));
#9583=DIRECTION('',(-0.4998329,0.4998329,0.707343017));
#9584=VECTOR('',#9583,0.709526674);
#9585=LINE('',#9582,#9584);
#9586=EDGE_CURVE('',#614,#6757,#9585,.T.);
#9587=ORIENTED_EDGE('',*,*,#9586,.F.);
#9588=EDGE_LOOP('',(#9580,#9581,#9587));
#9589=FACE_BOUND('',#9588,.T.);
#9590=ADVANCED_FACE('',(#9589),#9579,.T.);
#9591=CARTESIAN_POINT('',(-10.621536643,8.474656737,0.178451548));
#9592=DIRECTION('',(-0.460090706,0.538696936,-0.705777694));
#9593=DIRECTION('',(-0.,-0.794909356,-0.606728206));
#9594=AXIS2_PLACEMENT_3D('',#9591,#9592,#9593);
#9595=PLANE('',#9594);
#9596=ORIENTED_EDGE('',*,*,#627,.T.);
#9597=ORIENTED_EDGE('',*,*,#9586,.T.);
#9598=CARTESIAN_POINT('',(-11.040534973,8.540538788,0.501878738));
#9599=DIRECTION('',(0.866930829,0.10094085,-0.48810028));
#9600=VECTOR('',#9599,1.028228745);
#9601=LINE('',#9598,#9600);
#9602=EDGE_CURVE('',#6757,#622,#9601,.T.);
#9603=ORIENTED_EDGE('',*,*,#9602,.T.);
#9604=EDGE_LOOP('',(#9596,#9597,#9603));
#9605=FACE_BOUND('',#9604,.T.);
#9606=ADVANCED_FACE('',(#9605),#9595,.T.);
#9607=CARTESIAN_POINT('',(-10.556730081,8.727227887,0.329150583));
#9608=DIRECTION('',(-0.459949857,0.539310817,-0.705400576));
#9609=DIRECTION('',(0.,-0.794419319,-0.607369694));
#9610=AXIS2_PLACEMENT_3D('',#9607,#9608,#9609);
#9611=PLANE('',#9610);
#9612=ORIENTED_EDGE('',*,*,#9602,.F.);
#9613=ORIENTED_EDGE('',*,*,#6762,.T.);
#9614=CARTESIAN_POINT('',(-10.149131775,8.644329071,0.));
#9615=DIRECTION('',(-0.415252092,0.571551948,0.707738702));
#9616=VECTOR('',#9615,0.709929728);
#9617=LINE('',#9614,#9616);
#9618=EDGE_CURVE('',#622,#6709,#9617,.T.);
#9619=ORIENTED_EDGE('',*,*,#9618,.F.);
#9620=EDGE_LOOP('',(#9612,#9613,#9619));
#9621=FACE_BOUND('',#9620,.T.);
#9622=ADVANCED_FACE('',(#9621),#9611,.T.);
#9623=CARTESIAN_POINT('',(-10.040427235,8.919473529,0.178672155));
#9624=DIRECTION('',(-0.370357124,0.604378577,-0.705380845));
#9625=DIRECTION('',(-0.,-0.759380838,-0.650646404));
#9626=AXIS2_PLACEMENT_3D('',#9623,#9624,#9625);
#9627=PLANE('',#9626);
#9628=ORIENTED_EDGE('',*,*,#635,.T.);
#9629=ORIENTED_EDGE('',*,*,#9618,.T.);
#9630=CARTESIAN_POINT('',(-10.44393158,9.05009079,0.502444744));
#9631=DIRECTION('',(0.871817908,-0.035909729,-0.488512053));
#9632=VECTOR('',#9631,1.02852067);
#9633=LINE('',#9630,#9632);
#9634=EDGE_CURVE('',#6709,#630,#9633,.T.);
#9635=ORIENTED_EDGE('',*,*,#9634,.T.);
#9636=EDGE_LOOP('',(#9628,#9629,#9635));
#9637=FACE_BOUND('',#9636,.T.);
#9638=ADVANCED_FACE('',(#9637),#9627,.T.);
#9639=CARTESIAN_POINT('',(-9.936818573,9.158797645,0.32955406));
#9640=DIRECTION('',(-0.370038857,0.605167983,-0.704870879));
#9641=DIRECTION('',(0.,-0.758728233,-0.651407298));
#9642=AXIS2_PLACEMENT_3D('',#9639,#9640,#9641);
#9643=PLANE('',#9642);
#9644=ORIENTED_EDGE('',*,*,#9634,.F.);
#9645=ORIENTED_EDGE('',*,*,#6714,.T.);
#9646=CARTESIAN_POINT('',(-9.54724884,9.013156891,-0.));
#9647=DIRECTION('',(-0.320502283,0.628988147,0.708274098));
#9648=VECTOR('',#9647,0.710468915);
#9649=LINE('',#9646,#9648);
#9650=EDGE_CURVE('',#630,#6661,#9649,.T.);
#9651=ORIENTED_EDGE('',*,*,#9650,.F.);
#9652=EDGE_LOOP('',(#9644,#9645,#9651));
#9653=FACE_BOUND('',#9652,.T.);
#9654=ADVANCED_FACE('',(#9653),#9643,.T.);
#9655=CARTESIAN_POINT('',(-9.396904252,9.267916681,0.178971444));
#9656=DIRECTION('',(-0.271467188,0.655363975,-0.704842979));
#9657=DIRECTION('',(-0.,-0.732344192,-0.680934641));
#9658=AXIS2_PLACEMENT_3D('',#9655,#9656,#9657);
#9659=PLANE('',#9658);
#9660=ORIENTED_EDGE('',*,*,#643,.T.);
#9661=ORIENTED_EDGE('',*,*,#9650,.T.);
#9662=CARTESIAN_POINT('',(-9.77495575,9.460033417,0.50320673));
#9663=DIRECTION('',(0.855155023,-0.171781427,-0.489081821));
#9664=VECTOR('',#9663,1.028880462);
#9665=LINE('',#9662,#9664);
#9666=EDGE_CURVE('',#6661,#638,#9665,.T.);
#9667=ORIENTED_EDGE('',*,*,#9666,.T.);
#9668=EDGE_LOOP('',(#9660,#9661,#9667));
#9669=FACE_BOUND('',#9668,.T.);
#9670=ADVANCED_FACE('',(#9669),#9659,.T.);
#9671=CARTESIAN_POINT('',(-9.257015508,9.488071175,0.330095954));
#9672=DIRECTION('',(-0.270880733,0.656339774,-0.704160301));
#9673=DIRECTION('',(0.,-0.7315093,-0.681831463));
#9674=AXIS2_PLACEMENT_3D('',#9671,#9672,#9673);
#9675=PLANE('',#9674);
#9676=ORIENTED_EDGE('',*,*,#9666,.F.);
#9677=ORIENTED_EDGE('',*,*,#6666,.T.);
#9678=CARTESIAN_POINT('',(-8.895103455,9.283290863,-0.));
#9679=DIRECTION('',(-0.217922082,0.670705251,0.708988316));
#9680=VECTOR('',#9679,0.711187776);
#9681=LINE('',#9678,#9680);
#9682=EDGE_CURVE('',#638,#6609,#9681,.T.);
#9683=ORIENTED_EDGE('',*,*,#9682,.F.);
#9684=EDGE_LOOP('',(#9676,#9677,#9683));
#9685=FACE_BOUND('',#9684,.T.);
#9686=ADVANCED_FACE('',(#9685),#9675,.T.);
#9687=CARTESIAN_POINT('',(-8.706809697,9.511413355,0.179368813));
#9688=DIRECTION('',(-0.165757292,0.6904584,-0.704124789));
#9689=DIRECTION('',(0.,-0.714001878,-0.700143784));
#9690=AXIS2_PLACEMENT_3D('',#9687,#9688,#9689);
#9691=PLANE('',#9690);
#9692=ORIENTED_EDGE('',*,*,#651,.T.);
#9693=ORIENTED_EDGE('',*,*,#9682,.T.);
#9694=CARTESIAN_POINT('',(-9.050086975,9.760288239,0.504223824));
#9695=DIRECTION('',(0.817355243,-0.303306389,-0.489832259));
#9696=VECTOR('',#9695,1.029380599);
#9697=LINE('',#9694,#9696);
#9698=EDGE_CURVE('',#6609,#646,#9697,.T.);
#9699=ORIENTED_EDGE('',*,*,#9698,.T.);
#9700=EDGE_LOOP('',(#9692,#9693,#9699));
#9701=FACE_BOUND('',#9700,.T.);
#9702=ADVANCED_FACE('',(#9701),#9691,.T.);
#9703=CARTESIAN_POINT('',(-8.534048566,9.706926566,0.330816926));
#9704=DIRECTION('',(-0.164791131,0.691606949,-0.703223798));
#9705=DIRECTION('',(-0.,-0.712971194,-0.701193323));
#9706=AXIS2_PLACEMENT_3D('',#9703,#9704,#9705);
#9707=PLANE('',#9706);
#9708=ORIENTED_EDGE('',*,*,#9698,.F.);
#9709=ORIENTED_EDGE('',*,*,#6614,.T.);
#9710=CARTESIAN_POINT('',(-8.208717346,9.448070526,-0.));
#9711=DIRECTION('',(-0.110173629,0.695602271,0.709929047));
#9712=VECTOR('',#9711,0.712154931);
#9713=LINE('',#9710,#9712);
#9714=EDGE_CURVE('',#646,#6535,#9713,.T.);
#9715=ORIENTED_EDGE('',*,*,#9714,.F.);
#9716=EDGE_LOOP('',(#9708,#9709,#9715));
#9717=FACE_BOUND('',#9716,.T.);
#9718=ADVANCED_FACE('',(#9717),#9707,.T.);
#9719=CARTESIAN_POINT('',(-7.987150068,9.644494193,0.179870667));
#9720=DIRECTION('',(-0.057328613,0.708640661,-0.703236691));
#9721=DIRECTION('',(-0.,0.704395166,0.709808038));
#9722=AXIS2_PLACEMENT_3D('',#9719,#9720,#9721);
#9723=PLANE('',#9722);
#9724=ORIENTED_EDGE('',*,*,#659,.T.);
#9725=ORIENTED_EDGE('',*,*,#9714,.T.);
#9726=ORIENTED_EDGE('',*,*,#6540,.T.);
#9727=EDGE_LOOP('',(#9724,#9725,#9726));
#9728=FACE_BOUND('',#9727,.T.);
#9729=ADVANCED_FACE('',(#9728),#9723,.T.);
#9730=CARTESIAN_POINT('',(11.774383623,9.965574776,1.464158844));
#9731=DIRECTION('',(0.233464892,0.972365232,0.));
#9732=DIRECTION('',(0.972365232,-0.233464892,0.));
#9733=AXIS2_PLACEMENT_3D('',#9730,#9731,#9732);
#9734=PLANE('',#9733);
#9735=ORIENTED_EDGE('',*,*,#8502,.T.);
#9736=ORIENTED_EDGE('',*,*,#197,.F.);
#9737=ORIENTED_EDGE('',*,*,#6434,.F.);
#9738=CARTESIAN_POINT('',(11.81401825,9.956058502,2.500001431));
#9739=DIRECTION('',(-0.972365232,0.233464892,0.));
#9740=VECTOR('',#9739,0.156924462);
#9741=LINE('',#9738,#9740);
#9742=EDGE_CURVE('',#8497,#6409,#9741,.T.);
#9743=ORIENTED_EDGE('',*,*,#9742,.F.);
#9744=EDGE_LOOP('',(#9735,#9736,#9737,#9743));
#9745=FACE_BOUND('',#9744,.T.);
#9746=ADVANCED_FACE('',(#9745),#9734,.T.);
#9747=CARTESIAN_POINT('',(11.668237091,9.759459158,2.725201598));
#9748=DIRECTION('',(0.165084249,0.687564551,0.707108322));
#9749=DIRECTION('',(0.,0.71694519,-0.697129539));
#9750=AXIS2_PLACEMENT_3D('',#9747,#9748,#9749);
#9751=PLANE('',#9750);
#9752=ORIENTED_EDGE('',*,*,#6414,.T.);
#9753=ORIENTED_EDGE('',*,*,#3804,.T.);
#9754=ORIENTED_EDGE('',*,*,#8529,.F.);
#9755=ORIENTED_EDGE('',*,*,#9742,.T.);
#9756=EDGE_LOOP('',(#9752,#9753,#9754,#9755));
#9757=FACE_BOUND('',#9756,.T.);
#9758=ADVANCED_FACE('',(#9757),#9751,.T.);
#9759=CARTESIAN_POINT('',(2.472523226,10.005001068,1.975310101));
#9760=DIRECTION('',(0.,1.,0.));
#9761=DIRECTION('',(0.,0.,1.));
#9762=AXIS2_PLACEMENT_3D('',#9759,#9760,#9761);
#9763=PLANE('',#9762);
#9764=ORIENTED_EDGE('',*,*,#6383,.F.);
#9765=ORIENTED_EDGE('',*,*,#6448,.T.);
#9766=ORIENTED_EDGE('',*,*,#6491,.F.);
#9767=ORIENTED_EDGE('',*,*,#6561,.T.);
#9768=EDGE_LOOP('',(#9764,#9765,#9766,#9767));
#9769=FACE_BOUND('',#9768,.T.);
#9770=ADVANCED_FACE('',(#9769),#9763,.T.);
#9771=CARTESIAN_POINT('',(11.820109602,9.668859624,2.763007111));
#9772=DIRECTION('',(0.27062089,0.653270413,0.707108267));
#9773=DIRECTION('',(0.,0.734515997,-0.678591372));
#9774=AXIS2_PLACEMENT_3D('',#9771,#9772,#9773);
#9775=PLANE('',#9774);
#9776=ORIENTED_EDGE('',*,*,#3796,.T.);
#9777=ORIENTED_EDGE('',*,*,#8476,.F.);
#9778=ORIENTED_EDGE('',*,*,#8522,.T.);
#9779=EDGE_LOOP('',(#9776,#9777,#9778));
#9780=FACE_BOUND('',#9779,.T.);
#9781=ADVANCED_FACE('',(#9780),#9775,.T.);
#9782=CARTESIAN_POINT('',(12.009827151,9.538992268,2.763009208));
#9783=DIRECTION('',(0.459213975,0.537703838,0.707104736));
#9784=DIRECTION('',(0.,0.795997174,-0.605300337));
#9785=AXIS2_PLACEMENT_3D('',#9782,#9783,#9784);
#9786=PLANE('',#9785);
#9787=ORIENTED_EDGE('',*,*,#3780,.T.);
#9788=ORIENTED_EDGE('',*,*,#8376,.F.);
#9789=ORIENTED_EDGE('',*,*,#8424,.T.);
#9790=EDGE_LOOP('',(#9787,#9788,#9789));
#9791=FACE_BOUND('',#9790,.T.);
#9792=ADVANCED_FACE('',(#9791),#9786,.T.);
#9793=CARTESIAN_POINT('',(12.150131987,9.356858889,2.763010684));
#9794=DIRECTION('',(0.602886796,0.369511262,0.70709896));
#9795=DIRECTION('',(0.760954566,-0.,-0.64880517));
#9796=AXIS2_PLACEMENT_3D('',#9793,#9794,#9795);
#9797=PLANE('',#9796);
#9798=ORIENTED_EDGE('',*,*,#3764,.T.);
#9799=ORIENTED_EDGE('',*,*,#8279,.F.);
#9800=ORIENTED_EDGE('',*,*,#8324,.T.);
#9801=EDGE_LOOP('',(#9798,#9799,#9800));
#9802=FACE_BOUND('',#9801,.T.);
#9803=ADVANCED_FACE('',(#9802),#9797,.T.);
#9804=CARTESIAN_POINT('',(12.197238544,9.251606402,2.763007732));
#9805=DIRECTION('',(0.653300169,0.270535663,0.707113388));
#9806=DIRECTION('',(0.734503041,0.,-0.678605396));
#9807=AXIS2_PLACEMENT_3D('',#9804,#9805,#9806);
#9808=PLANE('',#9807);
#9809=ORIENTED_EDGE('',*,*,#3756,.T.);
#9810=ORIENTED_EDGE('',*,*,#8227,.F.);
#9811=ORIENTED_EDGE('',*,*,#8272,.T.);
#9812=EDGE_LOOP('',(#9809,#9810,#9811));
#9813=FACE_BOUND('',#9812,.T.);
#9814=ADVANCED_FACE('',(#9813),#9808,.T.);
#9815=CARTESIAN_POINT('',(12.227284788,9.140282873,2.763009607));
#9816=DIRECTION('',(0.687566503,0.165115278,0.707099179));
#9817=DIRECTION('',(0.716939696,0.,-0.697135189));
#9818=AXIS2_PLACEMENT_3D('',#9815,#9816,#9817);
#9819=PLANE('',#9818);
#9820=ORIENTED_EDGE('',*,*,#3748,.T.);
#9821=ORIENTED_EDGE('',*,*,#8175,.F.);
#9822=ORIENTED_EDGE('',*,*,#8220,.T.);
#9823=EDGE_LOOP('',(#9820,#9821,#9822));
#9824=FACE_BOUND('',#9823,.T.);
#9825=ADVANCED_FACE('',(#9824),#9819,.T.);
#9826=CARTESIAN_POINT('',(12.236859088,9.020674102,2.766084962));
#9827=DIRECTION('',(0.704929748,0.055420391,0.707108641));
#9828=DIRECTION('',(0.708197063,-0.,-0.706014816));
#9829=AXIS2_PLACEMENT_3D('',#9826,#9827,#9828);
#9830=PLANE('',#9829);
#9831=ORIENTED_EDGE('',*,*,#3740,.T.);
#9832=CARTESIAN_POINT('',(12.004997253,8.985355377,3.000000477));
#9833=DIRECTION('',(0.706834703,0.027772512,-0.706833354));
#9834=VECTOR('',#9833,0.707378965);
#9835=LINE('',#9832,#9834);
#9836=EDGE_CURVE('',#3727,#8112,#9835,.T.);
#9837=ORIENTED_EDGE('',*,*,#9836,.T.);
#9838=ORIENTED_EDGE('',*,*,#8168,.T.);
#9839=EDGE_LOOP('',(#9831,#9837,#9838));
#9840=FACE_BOUND('',#9839,.T.);
#9841=ADVANCED_FACE('',(#9840),#9830,.T.);
#9842=CARTESIAN_POINT('',(12.135035475,-4.66750204,2.869962503));
#9843=DIRECTION('',(0.707106107,0.,0.707107456));
#9844=DIRECTION('',(0.707107456,0.,-0.707106107));
#9845=AXIS2_PLACEMENT_3D('',#9842,#9843,#9844);
#9846=PLANE('',#9845);
#9847=ORIENTED_EDGE('',*,*,#3732,.F.);
#9848=ORIENTED_EDGE('',*,*,#8092,.F.);
#9849=ORIENTED_EDGE('',*,*,#8123,.T.);
#9850=ORIENTED_EDGE('',*,*,#9836,.F.);
#9851=EDGE_LOOP('',(#9847,#9848,#9849,#9850));
#9852=FACE_BOUND('',#9851,.T.);
#9853=ADVANCED_FACE('',(#9852),#9846,.T.);
#9854=CARTESIAN_POINT('',(12.231171205,-9.093523486,2.766038359));
#9855=DIRECTION('',(0.704939596,-0.055425497,0.707098423));
#9856=DIRECTION('',(0.70818703,0.,-0.706024879));
#9857=AXIS2_PLACEMENT_3D('',#9854,#9855,#9856);
#9858=PLANE('',#9857);
#9859=ORIENTED_EDGE('',*,*,#3724,.T.);
#9860=ORIENTED_EDGE('',*,*,#8040,.F.);
#9861=ORIENTED_EDGE('',*,*,#8085,.T.);
#9862=EDGE_LOOP('',(#9859,#9860,#9861));
#9863=FACE_BOUND('',#9862,.T.);
#9864=ADVANCED_FACE('',(#9863),#9858,.T.);
#9865=CARTESIAN_POINT('',(12.209979464,-9.212377792,2.763009486));
#9866=DIRECTION('',(0.687552992,-0.165112034,0.707113074));
#9867=DIRECTION('',(0.71695339,-0.,-0.697121106));
#9868=AXIS2_PLACEMENT_3D('',#9865,#9866,#9867);
#9869=PLANE('',#9868);
#9870=ORIENTED_EDGE('',*,*,#3716,.T.);
#9871=ORIENTED_EDGE('',*,*,#7988,.F.);
#9872=ORIENTED_EDGE('',*,*,#8033,.T.);
#9873=EDGE_LOOP('',(#9870,#9871,#9872));
#9874=FACE_BOUND('',#9873,.T.);
#9875=ADVANCED_FACE('',(#9874),#9869,.T.);
#9876=CARTESIAN_POINT('',(12.168857225,-9.320107319,2.763007825));
#9877=DIRECTION('',(0.653314692,-0.270541677,0.70709767));
#9878=DIRECTION('',(0.734488002,0.,-0.678621672));
#9879=AXIS2_PLACEMENT_3D('',#9876,#9877,#9878);
#9880=PLANE('',#9879);
#9881=ORIENTED_EDGE('',*,*,#3708,.T.);
#9882=ORIENTED_EDGE('',*,*,#7936,.F.);
#9883=ORIENTED_EDGE('',*,*,#7981,.T.);
#9884=EDGE_LOOP('',(#9881,#9882,#9883));
#9885=FACE_BOUND('',#9884,.T.);
#9886=ADVANCED_FACE('',(#9885),#9880,.T.);
#9887=CARTESIAN_POINT('',(12.111389646,-9.420077227,2.763010619));
#9888=DIRECTION('',(0.602877055,-0.369505292,0.707110384));
#9889=DIRECTION('',(0.760964917,-0.,-0.648793029));
#9890=AXIS2_PLACEMENT_3D('',#9887,#9888,#9889);
#9891=PLANE('',#9890);
#9892=ORIENTED_EDGE('',*,*,#3700,.T.);
#9893=ORIENTED_EDGE('',*,*,#7881,.F.);
#9894=ORIENTED_EDGE('',*,*,#7929,.T.);
#9895=EDGE_LOOP('',(#9892,#9893,#9894));
#9896=FACE_BOUND('',#9895,.T.);
#9897=ADVANCED_FACE('',(#9896),#9891,.T.);
#9898=CARTESIAN_POINT('',(11.953440091,-9.587144415,2.763009189));
#9899=DIRECTION('',(0.459211293,-0.537700697,0.707108866));
#9900=DIRECTION('',(0.,0.796000581,0.605295857));
#9901=AXIS2_PLACEMENT_3D('',#9898,#9899,#9900);
#9902=PLANE('',#9901);
#9903=ORIENTED_EDGE('',*,*,#3684,.T.);
#9904=ORIENTED_EDGE('',*,*,#7781,.F.);
#9905=ORIENTED_EDGE('',*,*,#7829,.T.);
#9906=EDGE_LOOP('',(#9903,#9904,#9905));
#9907=FACE_BOUND('',#9906,.T.);
#9908=ADVANCED_FACE('',(#9907),#9902,.T.);
#9909=CARTESIAN_POINT('',(11.751600754,-9.697234848,2.763007531));
#9910=DIRECTION('',(0.270682032,-0.653251488,0.707102348));
#9911=DIRECTION('',(-0.,0.734522964,0.67858383));
#9912=AXIS2_PLACEMENT_3D('',#9909,#9910,#9911);
#9913=PLANE('',#9912);
#9914=ORIENTED_EDGE('',*,*,#3668,.T.);
#9915=ORIENTED_EDGE('',*,*,#7688,.F.);
#9916=ORIENTED_EDGE('',*,*,#7729,.T.);
#9917=EDGE_LOOP('',(#9914,#9915,#9916));
#9918=FACE_BOUND('',#9917,.T.);
#9919=ADVANCED_FACE('',(#9918),#9913,.T.);
#9920=CARTESIAN_POINT('',(11.520674356,-9.736858962,2.766084841));
#9921=DIRECTION('',(0.055420003,-0.704924808,0.707113596));
#9922=DIRECTION('',(-0.,0.70820201,0.706009853));
#9923=AXIS2_PLACEMENT_3D('',#9920,#9921,#9922);
#9924=PLANE('',#9923);
#9925=ORIENTED_EDGE('',*,*,#3652,.T.);
#9926=CARTESIAN_POINT('',(11.485359192,-9.504993439,3.000000477));
#9927=DIRECTION('',(0.027761523,-0.706840311,-0.706828178));
#9928=VECTOR('',#9927,0.707384145);
#9929=LINE('',#9926,#9928);
#9930=EDGE_CURVE('',#3639,#7580,#9929,.T.);
#9931=ORIENTED_EDGE('',*,*,#9930,.T.);
#9932=ORIENTED_EDGE('',*,*,#7643,.T.);
#9933=EDGE_LOOP('',(#9925,#9931,#9932));
#9934=FACE_BOUND('',#9933,.T.);
#9935=ADVANCED_FACE('',(#9934),#9924,.T.);
#9936=CARTESIAN_POINT('',(2.168646473,-9.877736439,2.627263875));
#9937=DIRECTION('',(0.,-0.707100712,0.70711285));
#9938=DIRECTION('',(0.,0.70711285,0.707100712));
#9939=AXIS2_PLACEMENT_3D('',#9936,#9937,#9938);
#9940=PLANE('',#9939);
#9941=ORIENTED_EDGE('',*,*,#7585,.T.);
#9942=ORIENTED_EDGE('',*,*,#9930,.F.);
#9943=ORIENTED_EDGE('',*,*,#3644,.T.);
#9944=ORIENTED_EDGE('',*,*,#7569,.F.);
#9945=EDGE_LOOP('',(#9941,#9942,#9943,#9944));
#9946=FACE_BOUND('',#9945,.T.);
#9947=ADVANCED_FACE('',(#9946),#9940,.T.);
#9948=CARTESIAN_POINT('',(-7.986829226,-9.644316578,2.822312636));
#9949=DIRECTION('',(-0.057005912,-0.704746188,0.707165565));
#9950=DIRECTION('',(-0.,0.708317402,0.705894084));
#9951=AXIS2_PLACEMENT_3D('',#9948,#9949,#9950);
#9952=PLANE('',#9951);
#9953=ORIENTED_EDGE('',*,*,#3636,.T.);
#9954=ORIENTED_EDGE('',*,*,#7514,.F.);
#9955=ORIENTED_EDGE('',*,*,#7562,.T.);
#9956=EDGE_LOOP('',(#9953,#9954,#9955));
#9957=FACE_BOUND('',#9956,.T.);
#9958=ADVANCED_FACE('',(#9957),#9952,.T.);
#9959=CARTESIAN_POINT('',(-11.541070153,-7.341824396,2.822284393));
#9960=DIRECTION('',(-0.602908174,-0.369473086,0.707100681));
#9961=DIRECTION('',(0.760943987,0.,0.648817577));
#9962=AXIS2_PLACEMENT_3D('',#9959,#9960,#9961);
#9963=PLANE('',#9962);
#9964=ORIENTED_EDGE('',*,*,#3588,.T.);
#9965=ORIENTED_EDGE('',*,*,#7222,.F.);
#9966=ORIENTED_EDGE('',*,*,#7270,.T.);
#9967=EDGE_LOOP('',(#9964,#9965,#9966));
#9968=FACE_BOUND('',#9967,.T.);
#9969=ADVANCED_FACE('',(#9968),#9963,.T.);
#9970=CARTESIAN_POINT('',(-12.065650889,-5.980235158,2.822283188));
#9971=DIRECTION('',(-0.687567093,-0.165065015,0.707110341));
#9972=DIRECTION('',(0.716944897,0.,0.69712984));
#9973=AXIS2_PLACEMENT_3D('',#9970,#9971,#9972);
#9974=PLANE('',#9973);
#9975=ORIENTED_EDGE('',*,*,#3572,.T.);
#9976=ORIENTED_EDGE('',*,*,#7117,.F.);
#9977=ORIENTED_EDGE('',*,*,#7170,.T.);
#9978=EDGE_LOOP('',(#9975,#9976,#9977));
#9979=FACE_BOUND('',#9978,.T.);
#9980=ADVANCED_FACE('',(#9979),#9974,.T.);
#9981=CARTESIAN_POINT('',(-12.375700189,-0.165683254,2.629298248));
#9982=DIRECTION('',(-0.707106107,0.,0.707107456));
#9983=DIRECTION('',(0.707107456,0.,0.707106107));
#9984=AXIS2_PLACEMENT_3D('',#9981,#9982,#9983);
#9985=PLANE('',#9984);
#9986=ORIENTED_EDGE('',*,*,#7057,.T.);
#9987=ORIENTED_EDGE('',*,*,#7124,.F.);
#9988=ORIENTED_EDGE('',*,*,#3556,.T.);
#9989=ORIENTED_EDGE('',*,*,#7038,.F.);
#9990=EDGE_LOOP('',(#9986,#9987,#9988,#9989));
#9991=FACE_BOUND('',#9990,.T.);
#9992=ADVANCED_FACE('',(#9991),#9985,.T.);
#9993=CARTESIAN_POINT('',(-12.011316083,6.206551467,2.822283449));
#9994=DIRECTION('',(-0.687575286,0.165066982,0.707101914));
#9995=DIRECTION('',(0.716936593,0.,0.697138381));
#9996=AXIS2_PLACEMENT_3D('',#9993,#9994,#9995);
#9997=PLANE('',#9996);
#9998=ORIENTED_EDGE('',*,*,#3540,.T.);
#9999=ORIENTED_EDGE('',*,*,#6938,.F.);
#10000=ORIENTED_EDGE('',*,*,#6986,.T.);
#10001=EDGE_LOOP('',(#9998,#9999,#10000));
#10002=FACE_BOUND('',#10001,.T.);
#10003=ADVANCED_FACE('',(#10002),#9997,.T.);
#10004=CARTESIAN_POINT('',(-11.419468588,7.540267004,2.822284437));
#10005=DIRECTION('',(-0.602903587,0.369465591,0.707108508));
#10006=DIRECTION('',(0.760949971,0.,0.648810559));
#10007=AXIS2_PLACEMENT_3D('',#10004,#10005,#10006);
#10008=PLANE('',#10007);
#10009=ORIENTED_EDGE('',*,*,#3524,.T.);
#10010=ORIENTED_EDGE('',*,*,#6838,.F.);
#10011=ORIENTED_EDGE('',*,*,#6886,.T.);
#10012=EDGE_LOOP('',(#10009,#10010,#10011));
#10013=FACE_BOUND('',#10012,.T.);
#10014=ADVANCED_FACE('',(#10013),#10008,.T.);
#10015=CARTESIAN_POINT('',(-8.48024453,9.565654141,2.822283703));
#10016=DIRECTION('',(-0.16506297,0.687566217,0.70711167));
#10017=DIRECTION('',(-0.,0.716945997,-0.69712871));
#10018=AXIS2_PLACEMENT_3D('',#10015,#10016,#10017);
#10019=PLANE('',#10018);
#10020=ORIENTED_EDGE('',*,*,#3484,.T.);
#10021=ORIENTED_EDGE('',*,*,#6597,.F.);
#10022=ORIENTED_EDGE('',*,*,#6642,.T.);
#10023=EDGE_LOOP('',(#10020,#10021,#10022));
#10024=FACE_BOUND('',#10023,.T.);
#10025=ADVANCED_FACE('',(#10024),#10019,.T.);
#10026=CARTESIAN_POINT('',(-7.75490784,9.662458708,2.822325556));
#10027=DIRECTION('',(-0.057111101,0.705951989,0.705953335));
#10028=DIRECTION('',(-0.,0.707107456,-0.707106107));
#10029=AXIS2_PLACEMENT_3D('',#10026,#10027,#10028);
#10030=PLANE('',#10029);
#10031=ORIENTED_EDGE('',*,*,#3476,.T.);
#10032=ORIENTED_EDGE('',*,*,#6389,.T.);
#10033=ORIENTED_EDGE('',*,*,#6590,.T.);
#10034=EDGE_LOOP('',(#10031,#10032,#10033));
#10035=FACE_BOUND('',#10034,.T.);
#10036=ADVANCED_FACE('',(#10035),#10030,.T.);
#10037=CARTESIAN_POINT('',(9.709164215,-0.941405472,3.644294657));
#10038=DIRECTION('',(0.728259613,-0.071729101,0.681537139));
#10039=DIRECTION('',(-0.683297209,0.,0.730140345));
#10040=AXIS2_PLACEMENT_3D('',#10037,#10038,#10039);
#10041=PLANE('',#10040);
#10042=ORIENTED_EDGE('',*,*,#5146,.T.);
#10043=ORIENTED_EDGE('',*,*,#4817,.T.);
#10044=ORIENTED_EDGE('',*,*,#3451,.T.);
#10045=EDGE_LOOP('',(#10042,#10043,#10044));
#10046=FACE_BOUND('',#10045,.T.);
#10047=ADVANCED_FACE('',(#10046),#10041,.T.);
#10048=CARTESIAN_POINT('',(9.99343512,0.923325552,3.342436513));
#10049=DIRECTION('',(0.728260107,0.071725698,0.68153697));
#10050=DIRECTION('',(-0.683296873,-0.,0.73014066));
#10051=AXIS2_PLACEMENT_3D('',#10048,#10049,#10050);
#10052=PLANE('',#10051);
#10053=ORIENTED_EDGE('',*,*,#3948,.T.);
#10054=ORIENTED_EDGE('',*,*,#6288,.T.);
#10055=ORIENTED_EDGE('',*,*,#3428,.T.);
#10056=EDGE_LOOP('',(#10053,#10054,#10055));
#10057=FACE_BOUND('',#10056,.T.);
#10058=ADVANCED_FACE('',(#10057),#10052,.T.);
#10059=CARTESIAN_POINT('',(9.464027571,0.06314533,5.940473446));
#10060=DIRECTION('',(0.996911336,0.078535267,0.));
#10061=DIRECTION('',(-0.078535267,0.996911336,0.));
#10062=AXIS2_PLACEMENT_3D('',#10059,#10060,#10061);
#10063=PLANE('',#10062);
#10064=ORIENTED_EDGE('',*,*,#4394,.T.);
#10065=ORIENTED_EDGE('',*,*,#5152,.T.);
#10066=ORIENTED_EDGE('',*,*,#3405,.T.);
#10067=EDGE_LOOP('',(#10064,#10065,#10066));
#10068=FACE_BOUND('',#10067,.T.);
#10069=ADVANCED_FACE('',(#10068),#10063,.T.);
#10070=CARTESIAN_POINT('',(8.110181958,0.416961831,7.826527658));
#10071=DIRECTION('',(0.,-0.290278229,0.956942292));
#10072=DIRECTION('',(0.,0.956942292,0.290278229));
#10073=AXIS2_PLACEMENT_3D('',#10070,#10071,#10072);
#10074=PLANE('',#10073);
#10075=ORIENTED_EDGE('',*,*,#2532,.F.);
#10076=ORIENTED_EDGE('',*,*,#4400,.T.);
#10077=ORIENTED_EDGE('',*,*,#3382,.F.);
#10078=CARTESIAN_POINT('',(7.979158006,0.478359222,7.845151901));
#10079=DIRECTION('',(1.,-0.,-0.));
#10080=VECTOR('',#10079,1.452154555);
#10081=LINE('',#10078,#10080);
#10082=EDGE_CURVE('',#2526,#3354,#10081,.T.);
#10083=ORIENTED_EDGE('',*,*,#10082,.F.);
#10084=EDGE_LOOP('',(#10075,#10076,#10077,#10083));
#10085=FACE_BOUND('',#10084,.T.);
#10086=ADVANCED_FACE('',(#10085),#10074,.T.);
#10087=CARTESIAN_POINT('',(8.092760545,0.637894406,7.930426132));
#10088=DIRECTION('',(0.,-0.471400601,0.881919199));
#10089=DIRECTION('',(0.,0.881919199,0.471400601));
#10090=AXIS2_PLACEMENT_3D('',#10087,#10088,#10089);
#10091=PLANE('',#10090);
#10092=ORIENTED_EDGE('',*,*,#2541,.F.);
#10093=ORIENTED_EDGE('',*,*,#10082,.T.);
#10094=ORIENTED_EDGE('',*,*,#3359,.F.);
#10095=CARTESIAN_POINT('',(7.95598046,0.694461823,7.960662365));
#10096=DIRECTION('',(1.,-0.,-0.));
#10097=VECTOR('',#10096,1.458303293);
#10098=LINE('',#10095,#10097);
#10099=EDGE_CURVE('',#2535,#3331,#10098,.T.);
#10100=ORIENTED_EDGE('',*,*,#10099,.F.);
#10101=EDGE_LOOP('',(#10092,#10093,#10094,#10100));
#10102=FACE_BOUND('',#10101,.T.);
#10103=ADVANCED_FACE('',(#10102),#10091,.T.);
#10104=CARTESIAN_POINT('',(8.077276566,0.83431811,8.075438747));
#10105=DIRECTION('',(0.,-0.634390949,0.77301237));
#10106=DIRECTION('',(0.,0.77301237,0.634390949));
#10107=AXIS2_PLACEMENT_3D('',#10104,#10105,#10106);
#10108=PLANE('',#10107);
#10109=ORIENTED_EDGE('',*,*,#2550,.F.);
#10110=ORIENTED_EDGE('',*,*,#10099,.T.);
#10111=ORIENTED_EDGE('',*,*,#3336,.F.);
#10112=ORIENTED_EDGE('',*,*,#4369,.F.);
#10113=EDGE_LOOP('',(#10109,#10110,#10111,#10112));
#10114=FACE_BOUND('',#10113,.T.);
#10115=ADVANCED_FACE('',(#10114),#10108,.T.);
#10116=CARTESIAN_POINT('',(8.043703804,1.124663657,8.465169714));
#10117=DIRECTION('',(0.,-0.881928544,0.471383117));
#10118=DIRECTION('',(0.,-0.471383117,-0.881928544));
#10119=AXIS2_PLACEMENT_3D('',#10116,#10117,#10118);
#10120=PLANE('',#10119);
#10121=ORIENTED_EDGE('',*,*,#2577,.F.);
#10122=ORIENTED_EDGE('',*,*,#4354,.T.);
#10123=ORIENTED_EDGE('',*,*,#3290,.F.);
#10124=CARTESIAN_POINT('',(7.877389837,1.154850006,8.5216465));
#10125=DIRECTION('',(1.,0.,-0.));
#10126=VECTOR('',#10125,1.500623773);
#10127=LINE('',#10124,#10126);
#10128=EDGE_CURVE('',#2571,#3262,#10127,.T.);
#10129=ORIENTED_EDGE('',*,*,#10128,.F.);
#10130=EDGE_LOOP('',(#10121,#10122,#10123,#10129));
#10131=FACE_BOUND('',#10130,.T.);
#10132=ADVANCED_FACE('',(#10131),#10120,.T.);
#10133=CARTESIAN_POINT('',(8.031379033,1.207404184,8.694902511));
#10134=DIRECTION('',(0.,-0.956944108,0.290272242));
#10135=DIRECTION('',(0.,-0.290272242,-0.956944108));
#10136=AXIS2_PLACEMENT_3D('',#10133,#10134,#10135);
#10137=PLANE('',#10136);
#10138=ORIENTED_EDGE('',*,*,#2586,.F.);
#10139=ORIENTED_EDGE('',*,*,#10128,.T.);
#10140=ORIENTED_EDGE('',*,*,#3267,.F.);
#10141=CARTESIAN_POINT('',(7.861620637,1.225978851,8.756137848));
#10142=DIRECTION('',(1.,0.,-0.));
#10143=VECTOR('',#10142,1.510777739);
#10144=LINE('',#10141,#10143);
#10145=EDGE_CURVE('',#2580,#3239,#10144,.T.);
#10146=ORIENTED_EDGE('',*,*,#10145,.F.);
#10147=EDGE_LOOP('',(#10138,#10139,#10140,#10146));
#10148=FACE_BOUND('',#10147,.T.);
#10149=ADVANCED_FACE('',(#10148),#10137,.T.);
#10150=CARTESIAN_POINT('',(8.026573926,1.243733963,8.936358717));
#10151=DIRECTION('',(0.,-0.995182084,0.098043968));
#10152=DIRECTION('',(0.,-0.098043968,-0.995182084));
#10153=AXIS2_PLACEMENT_3D('',#10150,#10151,#10152);
#10154=PLANE('',#10153);
#10155=ORIENTED_EDGE('',*,*,#2595,.F.);
#10156=ORIENTED_EDGE('',*,*,#10145,.T.);
#10157=ORIENTED_EDGE('',*,*,#3244,.F.);
#10158=CARTESIAN_POINT('',(7.856070431,1.250003815,9.));
#10159=DIRECTION('',(1.,0.,-0.));
#10160=VECTOR('',#10159,1.514435855);
#10161=LINE('',#10158,#10160);
#10162=EDGE_CURVE('',#2589,#731,#10161,.T.);
#10163=ORIENTED_EDGE('',*,*,#10162,.F.);
#10164=EDGE_LOOP('',(#10155,#10156,#10157,#10163));
#10165=FACE_BOUND('',#10164,.T.);
#10166=ADVANCED_FACE('',(#10165),#10154,.T.);
#10167=CARTESIAN_POINT('',(8.070419047,0.924388417,9.834531377));
#10168=DIRECTION('',(0.,-0.7730029,-0.634402488));
#10169=DIRECTION('',(0.,0.634402488,-0.7730029));
#10170=AXIS2_PLACEMENT_3D('',#10167,#10168,#10169);
#10171=PLANE('',#10170);
#10172=ORIENTED_EDGE('',*,*,#2640,.F.);
#10173=ORIENTED_EDGE('',*,*,#3211,.F.);
#10174=ORIENTED_EDGE('',*,*,#2498,.F.);
#10175=CARTESIAN_POINT('',(7.928512532,0.88388443,9.88388443));
#10176=DIRECTION('',(1.,-0.,-0.));
#10177=VECTOR('',#10176,1.470848124);
#10178=LINE('',#10175,#10177);
#10179=EDGE_CURVE('',#2634,#1177,#10178,.T.);
#10180=ORIENTED_EDGE('',*,*,#10179,.F.);
#10181=EDGE_LOOP('',(#10172,#10173,#10174,#10180));
#10182=FACE_BOUND('',#10181,.T.);
#10183=ADVANCED_FACE('',(#10182),#10171,.T.);
#10184=CARTESIAN_POINT('',(7.9197443,1.173463196,9.41699328));
#10185=DIRECTION('',(0.,-0.956945092,-0.290268999));
#10186=DIRECTION('',(0.,0.290268999,-0.956945092));
#10187=AXIS2_PLACEMENT_3D('',#10184,#10185,#10186);
#10188=PLANE('',#10187);
#10189=ORIENTED_EDGE('',*,*,#2613,.F.);
#10190=CARTESIAN_POINT('',(9.372398376,1.225978851,9.243862152));
#10191=DIRECTION('',(-1.,-0.,0.));
#10192=VECTOR('',#10191,1.510777739);
#10193=LINE('',#10190,#10192);
#10194=EDGE_CURVE('',#708,#2598,#10193,.T.);
#10195=ORIENTED_EDGE('',*,*,#10194,.F.);
#10196=ORIENTED_EDGE('',*,*,#720,.F.);
#10197=ORIENTED_EDGE('',*,*,#3226,.F.);
#10198=EDGE_LOOP('',(#10189,#10195,#10196,#10197));
#10199=FACE_BOUND('',#10198,.T.);
#10200=ADVANCED_FACE('',(#10199),#10188,.T.);
#10201=CARTESIAN_POINT('',(8.026573926,1.243733963,9.063641283));
#10202=DIRECTION('',(0.,-0.995182084,-0.098043968));
#10203=DIRECTION('',(0.,0.098043968,-0.995182084));
#10204=AXIS2_PLACEMENT_3D('',#10201,#10202,#10203);
#10205=PLANE('',#10204);
#10206=ORIENTED_EDGE('',*,*,#2604,.F.);
#10207=ORIENTED_EDGE('',*,*,#10162,.T.);
#10208=ORIENTED_EDGE('',*,*,#743,.F.);
#10209=ORIENTED_EDGE('',*,*,#10194,.T.);
#10210=EDGE_LOOP('',(#10206,#10207,#10208,#10209));
#10211=FACE_BOUND('',#10210,.T.);
#10212=ADVANCED_FACE('',(#10211),#10205,.T.);
#10213=CARTESIAN_POINT('',(8.011371589,0.180390827,10.23223318));
#10214=DIRECTION('',(0.,-0.098018506,-0.995184592));
#10215=DIRECTION('',(0.,-0.995184592,0.098018506));
#10216=AXIS2_PLACEMENT_3D('',#10213,#10214,#10215);
#10217=PLANE('',#10216);
#10218=ORIENTED_EDGE('',*,*,#2676,.F.);
#10219=CARTESIAN_POINT('',(7.99459109,0.243862152,10.225981712));
#10220=DIRECTION('',(1.,-0.,-0.));
#10221=VECTOR('',#10220,1.455199864);
#10222=LINE('',#10219,#10221);
#10223=EDGE_CURVE('',#2661,#1108,#10222,.T.);
#10224=ORIENTED_EDGE('',*,*,#10223,.T.);
#10225=ORIENTED_EDGE('',*,*,#1120,.F.);
#10226=ORIENTED_EDGE('',*,*,#4599,.F.);
#10227=EDGE_LOOP('',(#10218,#10224,#10225,#10226));
#10228=FACE_BOUND('',#10227,.T.);
#10229=ADVANCED_FACE('',(#10228),#10217,.T.);
#10230=CARTESIAN_POINT('',(8.110181863,0.416961835,10.173474827));
#10231=DIRECTION('',(0.,-0.290272883,-0.956943913));
#10232=DIRECTION('',(0.,-0.956943913,0.290272883));
#10233=AXIS2_PLACEMENT_3D('',#10230,#10231,#10232);
#10234=PLANE('',#10233);
#10235=ORIENTED_EDGE('',*,*,#2667,.F.);
#10236=CARTESIAN_POINT('',(7.979158006,0.478359222,10.15485096));
#10237=DIRECTION('',(1.,-0.,-0.));
#10238=VECTOR('',#10237,1.452154555);
#10239=LINE('',#10236,#10238);
#10240=EDGE_CURVE('',#2652,#1131,#10239,.T.);
#10241=ORIENTED_EDGE('',*,*,#10240,.T.);
#10242=ORIENTED_EDGE('',*,*,#1143,.F.);
#10243=ORIENTED_EDGE('',*,*,#10223,.F.);
#10244=EDGE_LOOP('',(#10235,#10241,#10242,#10243));
#10245=FACE_BOUND('',#10244,.T.);
#10246=ADVANCED_FACE('',(#10245),#10234,.T.);
#10247=CARTESIAN_POINT('',(8.092760903,0.637894391,10.069574273));
#10248=DIRECTION('',(0.,-0.471411196,-0.881913536));
#10249=DIRECTION('',(0.,-0.881913536,0.471411196));
#10250=AXIS2_PLACEMENT_3D('',#10247,#10248,#10249);
#10251=PLANE('',#10250);
#10252=ORIENTED_EDGE('',*,*,#2658,.F.);
#10253=CARTESIAN_POINT('',(7.95598046,0.694461823,10.039337158));
#10254=DIRECTION('',(1.,-0.,-0.));
#10255=VECTOR('',#10254,1.458303293);
#10256=LINE('',#10253,#10255);
#10257=EDGE_CURVE('',#2643,#1154,#10256,.T.);
#10258=ORIENTED_EDGE('',*,*,#10257,.T.);
#10259=ORIENTED_EDGE('',*,*,#1166,.F.);
#10260=ORIENTED_EDGE('',*,*,#10240,.F.);
#10261=EDGE_LOOP('',(#10252,#10258,#10259,#10260));
#10262=FACE_BOUND('',#10261,.T.);
#10263=ADVANCED_FACE('',(#10262),#10251,.T.);
#10264=CARTESIAN_POINT('',(8.077276359,0.834318117,9.924561827));
#10265=DIRECTION('',(0.,-0.634387461,-0.773015233));
#10266=DIRECTION('',(0.,-0.773015233,0.634387461));
#10267=AXIS2_PLACEMENT_3D('',#10264,#10265,#10266);
#10268=PLANE('',#10267);
#10269=ORIENTED_EDGE('',*,*,#2649,.F.);
#10270=ORIENTED_EDGE('',*,*,#10179,.T.);
#10271=ORIENTED_EDGE('',*,*,#1189,.F.);
#10272=ORIENTED_EDGE('',*,*,#10257,.F.);
#10273=EDGE_LOOP('',(#10269,#10270,#10271,#10272));
#10274=FACE_BOUND('',#10273,.T.);
#10275=ADVANCED_FACE('',(#10274),#10268,.T.);
#10276=CARTESIAN_POINT('',(0.,0.,24.000007629));
#10277=DIRECTION('',(0.,0.,1.));
#10278=DIRECTION('',(0.,-1.,0.));
#10279=AXIS2_PLACEMENT_3D('',#10276,#10277,#10278);
#10280=PLANE('',#10279);
#10281=ORIENTED_EDGE('',*,*,#1090,.F.);
#10282=ORIENTED_EDGE('',*,*,#2474,.F.);
#10283=ORIENTED_EDGE('',*,*,#2406,.F.);
#10284=ORIENTED_EDGE('',*,*,#2375,.F.);
#10285=ORIENTED_EDGE('',*,*,#2344,.F.);
#10286=ORIENTED_EDGE('',*,*,#2313,.F.);
#10287=ORIENTED_EDGE('',*,*,#2282,.F.);
#10288=ORIENTED_EDGE('',*,*,#2251,.F.);
#10289=ORIENTED_EDGE('',*,*,#2220,.F.);
#10290=ORIENTED_EDGE('',*,*,#2189,.F.);
#10291=ORIENTED_EDGE('',*,*,#2158,.F.);
#10292=ORIENTED_EDGE('',*,*,#2127,.F.);
#10293=ORIENTED_EDGE('',*,*,#2096,.F.);
#10294=ORIENTED_EDGE('',*,*,#2065,.F.);
#10295=ORIENTED_EDGE('',*,*,#2033,.F.);
#10296=ORIENTED_EDGE('',*,*,#1804,.F.);
#10297=ORIENTED_EDGE('',*,*,#1876,.F.);
#10298=ORIENTED_EDGE('',*,*,#2451,.F.);
#10299=ORIENTED_EDGE('',*,*,#1579,.F.);
#10300=ORIENTED_EDGE('',*,*,#1548,.F.);
#10301=ORIENTED_EDGE('',*,*,#1517,.F.);
#10302=ORIENTED_EDGE('',*,*,#1486,.F.);
#10303=ORIENTED_EDGE('',*,*,#1455,.F.);
#10304=ORIENTED_EDGE('',*,*,#1424,.F.);
#10305=ORIENTED_EDGE('',*,*,#1393,.F.);
#10306=ORIENTED_EDGE('',*,*,#1362,.F.);
#10307=ORIENTED_EDGE('',*,*,#1331,.F.);
#10308=ORIENTED_EDGE('',*,*,#1300,.F.);
#10309=ORIENTED_EDGE('',*,*,#1269,.F.);
#10310=ORIENTED_EDGE('',*,*,#1238,.F.);
#10311=ORIENTED_EDGE('',*,*,#1206,.F.);
#10312=ORIENTED_EDGE('',*,*,#1055,.F.);
#10313=EDGE_LOOP('',(#10281,#10282,#10283,#10284,#10285,#10286,#10287,#10288,#10289,#10290,#10291,#10292,#10293,#10294,#10295,#10296,#10297,#10298,#10299,#10300,#10301,#10302,#10303,#10304,#10305,#10306,
#10307,#10308,#10309,#10310,#10311,#10312));
#10314=FACE_BOUND('',#10313,.T.);
#10315=ORIENTED_EDGE('',*,*,#2691,.T.);
#10316=EDGE_LOOP('',(#10315));
#10317=FACE_BOUND('',#10316,.T.);
#10318=ADVANCED_FACE('',(#10314,#10317),#10280,.T.);
#10319=CLOSED_SHELL('',(#96,#144,#176,#207,#246,#269,#300,#339,#669,#701,#724,#747,#770,#802,#825,#857,#880,#903,#926,#949,#972,#995,#1018,#1041,#1072,#1101,
#1124,#1147,#1170,#1193,#1225,#1256,#1287,#1318,#1349,#1380,#1411,#1442,#1473,#1504,#1535,#1566,#1597,#1629,#1652,#1675,#1698,#1721,#1744,#1767,#1790,
#1829,#1852,#1882,#1905,#1928,#1951,#1974,#1997,#2020,#2052,#2083,#2114,#2145,#2176,#2207,#2238,#2269,#2300,#2331,#2362,#2393,#2424,#2440,#2463,#2486,
#2502,#3194,#3215,#3232,#3255,#3278,#3301,#3324,#3347,#3370,#3393,#3416,#3439,#3462,#4071,#4092,#4115,#4138,#4161,#4184,#4207,#4230,#4253,#4276,#4299,
#4315,#4337,#4358,#4375,#4404,#4428,#4459,#4480,#4503,#4526,#4549,#4572,#4588,#4610,#4631,#4648,#4669,#4685,#4702,#4719,#4731,#4748,#4765,#4782,#4799,
#4821,#4838,#4859,#4876,#4893,#4910,#4927,#4948,#4969,#4986,#5007,#5024,#5041,#5058,#5075,#5087,#5108,#5120,#5136,#5157,#5169,#5190,#5206,#5237,#5261,
#5285,#5309,#5333,#5354,#5370,#5392,#5414,#5436,#5453,#5470,#5491,#5508,#5529,#5550,#5571,#5592,#5609,#5626,#5647,#5664,#5680,#5696,#5712,#5728,#5751,
#5772,#5789,#5806,#5823,#5840,#5857,#5869,#5885,#5901,#5918,#5935,#5952,#5969,#5986,#6003,#6020,#6032,#6049,#6061,#6078,#6095,#6112,#6124,#6141,#6158,
#6175,#6187,#6203,#6219,#6231,#6242,#6253,#6264,#6275,#6292,#6303,#6314,#6325,#6336,#6347,#6358,#6369,#6400,#6424,#6453,#6469,#6495,#6512,#6528,#6551,
#6580,#6601,#6632,#6653,#6684,#6701,#6732,#6749,#6780,#6797,#6828,#6845,#6876,#6897,#6928,#6945,#6976,#6997,#7028,#7045,#7076,#7107,#7129,#7160,#7181,
#7212,#7229,#7260,#7281,#7312,#7329,#7360,#7377,#7408,#7425,#7456,#7473,#7504,#7521,#7552,#7573,#7604,#7633,#7654,#7678,#7695,#7719,#7740,#7771,#7788,
#7819,#7840,#7871,#7888,#7919,#7940,#7971,#7992,#8023,#8044,#8075,#8096,#8127,#8158,#8179,#8210,#8231,#8262,#8283,#8314,#8335,#8366,#8383,#8414,#8435,
#8466,#8483,#8512,#8533,#8549,#8570,#8591,#8612,#8633,#8653,#8674,#8695,#8716,#8737,#8758,#8779,#8800,#8821,#8842,#8863,#8879,#8890,#8901,#8912,#8923,
#8934,#8945,#8961,#8973,#8984,#8995,#9006,#9017,#9028,#9039,#9050,#9061,#9077,#9093,#9109,#9125,#9141,#9157,#9173,#9189,#9205,#9221,#9237,#9253,#9269,
#9285,#9301,#9317,#9333,#9349,#9365,#9381,#9397,#9413,#9430,#9446,#9462,#9478,#9494,#9510,#9526,#9542,#9558,#9574,#9590,#9606,#9622,#9638,#9654,#9670,
#9686,#9702,#9718,#9729,#9746,#9758,#9770,#9781,#9792,#9803,#9814,#9825,#9841,#9853,#9864,#9875,#9886,#9897,#9908,#9919,#9935,#9947,#9958,#9969,#9980,
#9992,#10003,#10014,#10025,#10036,#10047,#10058,#10069,#10086,#10103,#10115,#10132,#10149,#10166,#10183,#10200,#10212,#10229,#10246,#10263,#10275,#10318));
#10320=MANIFOLD_SOLID_BREP('Imported 01',#10319);
#10321=COLOUR_RGB('',0.627451003,0.627451003,0.643137276);
#10322=FILL_AREA_STYLE_COLOUR('',#10321);
#10323=FILL_AREA_STYLE('',(#10322));
#10324=SURFACE_STYLE_FILL_AREA(#10323);
#10325=SURFACE_SIDE_STYLE('',(#10324));
#10326=SURFACE_STYLE_USAGE(.BOTH.,#10325);
#10327=PRESENTATION_STYLE_ASSIGNMENT((#10326));
#54=STYLED_ITEM('',(#10327),#10320);
#35=SHAPE_REPRESENTATION('A1 Plotter Adapter S.step',(#15),#33);
#36=ADVANCED_BREP_SHAPE_REPRESENTATION('A1 Plotter Adapter S.step',(#10320),#33);
#10335=SHAPE_REPRESENTATION_RELATIONSHIP('','',#35,#36);
#10336=CARTESIAN_POINT('',(0.,0.,0.));
#10337=DIRECTION('',(0.,0.,1.));
#10338=DIRECTION('',(1.,0.,0.));
#10339=AXIS2_PLACEMENT_3D('',#10336,#10337,#10338);
#10341=MAPPED_ITEM('',#10340,#10339);
#10340=REPRESENTATION_MAP(#10339,#35);
#10342=APPLICATION_CONTEXT('Managed model based 3d engineering');
#10343=APPLICATION_PROTOCOL_DEFINITION('international standard','ap242_managed_model_based_3d_engineering',2014,#10342);
#10344=PRODUCT_CONTEXT('',#10342,'mechanical');
#10345=PRODUCT_DEFINITION_CONTEXT('part definition',#10342,'design');
#43=PRODUCT('A1 Plotter Adapter S.step','A1 Plotter Adapter S.step','',(#10344));
#10346=PRODUCT_RELATED_PRODUCT_CATEGORY('part','',(#43));
#10347=PRODUCT_DEFINITION_FORMATION_WITH_SPECIFIED_SOURCE('','',#43,.NOT_KNOWN.);
#44=PRODUCT_DEFINITION('design','',#10347,#10345);
#42=PRODUCT_DEFINITION_SHAPE('','',#44);
#10348=SHAPE_DEFINITION_REPRESENTATION(#42,#35);
#34=DRAUGHTING_MODEL('',(#10341),#33);
#16=SHAPE_REPRESENTATION('root',(#15,#48),#10);
#10349=CARTESIAN_POINT('',(0.,0.,0.));
#10350=DIRECTION('',(0.,0.,1.));
#10351=DIRECTION('',(1.,0.,0.));
#10352=AXIS2_PLACEMENT_3D('',#10349,#10350,#10351);
#10354=MAPPED_ITEM('',#10353,#10352);
#10353=REPRESENTATION_MAP(#10352,#16);
#24=PRODUCT('root','root','',(#10344));
#10355=PRODUCT_RELATED_PRODUCT_CATEGORY('part','',(#24));
#10356=PRODUCT_DEFINITION_FORMATION_WITH_SPECIFIED_SOURCE('','',#24,.NOT_KNOWN.);
#25=PRODUCT_DEFINITION('design','',#10356,#10345);
#23=PRODUCT_DEFINITION_SHAPE('','',#25);
#10357=SHAPE_DEFINITION_REPRESENTATION(#23,#16);
#11=DRAUGHTING_MODEL('',(#10354),#10);
#10358=DESCRIPTIVE_REPRESENTATION_ITEM('KEY','/Users/sulf/Library/Containers/com.shapr3d.shapr/Data/tmp/D7205940-894C-4B7B-86B9-B61431B3E3E4.tmp');
#10359=PROPERTY_DEFINITION('KEY','',#25);
#10360=REPRESENTATION('',(#10358),#10);
#10361=PROPERTY_DEFINITION_REPRESENTATION(#10359,#10360);
#10362=GENERAL_PROPERTY('','KEY','');
#10363=GENERAL_PROPERTY_ASSOCIATION('','',#10362,#10359);
#1=MECHANICAL_DESIGN_GEOMETRIC_PRESENTATION_REPRESENTATION('',(#54),#10);
ENDSEC;
END-ISO-10303-21;
